word,successful_count,unsuccessful_count,successful_normalized,unsuccessful_normalized,normalized_difference,percentage_difference
online,80,22,3.586961395327983,1.116297950071037,2.470663445256946,221.32652354147226
women,43,0,1.9279917499887906,0.0,1.9279917499887906,100.0
web,57,19,2.555709994171188,0.9640755023340776,1.5916344918371101,165.09438192171456
weve,82,43,3.6766354302111823,2.1818550842297544,1.494780345981428,68.50960711302787
first,84,45,3.7663094650943822,2.2833367160543943,1.482972749039988,64.94761541795575
student,36,3,1.6141326278975923,0.15222244773695962,1.4619101801606327,960.3775276868582
currently,64,29,2.869569116262386,1.4714836614572764,1.3980854548051098,95.01195911482448
banks,31,0,1.3899475406895931,0.0,1.3899475406895931,100.0
mobile,35,6,1.5692956104559925,0.30444489547391923,1.2648507149820734,415.4612981811117
loan,29,1,1.3002735058063937,0.05074081591231987,1.2495326898940737,2462.5790252432407
research,44,15,1.9728287674303904,0.761112238684798,1.2117165287455922,159.20339565678754
money,48,19,2.15217683719679,0.9640755023340776,1.1881013348627123,123.23737424986491
year,58,28,2.6005470116127873,1.4207428455449562,1.1798041660678311,83.04135894594577
phone,31,5,1.3899475406895931,0.25370407956159935,1.136243461127994,447.86172263821004
product,101,67,4.528538761601578,3.399634666125431,1.1289040954761473,33.20662972185659
career,29,4,1.3002735058063937,0.20296326364927947,1.0973102421571141,540.6447563108102
loans,24,0,1.076088418598395,0.0,1.076088418598395,100.0
notes,25,1,1.1209254360399945,0.05074081591231987,1.0701846201276746,2109.1198493476213
already,36,11,1.6141326278975923,0.5581489750355185,1.0559836528620736,189.193871187325
card,23,0,1.031251401156795,0.0,1.031251401156795,100.0
high,42,17,1.8831547325471911,0.8625938705094378,1.0205608620377533,118.31302040611789
credit,26,3,1.1657624534815945,0.15222244773695962,1.0135400057446349,665.8282144405088
participants,25,3,1.1209254360399945,0.15222244773695962,0.9687029883030349,636.3732831158737
products,39,16,1.7486436802223917,0.8118530545971179,0.9367906256252738,115.3891853113931
notifications,22,1,0.9864143837151952,0.05074081591231987,0.9356735678028754,1844.025467425907
three,25,4,1.1209254360399945,0.20296326364927947,0.917962172390715,452.2799623369053
advice,20,0,0.8967403488319957,0.0,0.8967403488319957,100.0
researchers,20,0,0.8967403488319957,0.0,0.8967403488319957,100.0
school,38,16,1.7038066627807917,0.8118530545971179,0.8919536081836739,109.86638568802402
note,21,2,0.9415773662735956,0.10148163182463973,0.8400957344489558,827.8303367260011
meditation,18,0,0.8070663139487961,0.0,0.8070663139487961,100.0
slite,18,0,0.8070663139487961,0.0,0.8070663139487961,100.0
beta,31,12,1.3899475406895931,0.6088897909478385,0.7810577497417547,128.27571776592083
app,74,50,3.317939290678384,2.5370407956159937,0.7808984950623903,30.779895081379173
redacted,23,5,1.031251401156795,0.25370407956159935,0.7775473215951957,306.47805227996236
site,32,13,1.434784558131193,0.6596306068601583,0.7751539512710348,117.51333901268887
dendron,17,0,0.7622292965071963,0.0,0.7622292965071963,100.0
game,18,2,0.8070663139487961,0.10148163182463973,0.7055846821241564,695.2831457651438
spent,27,10,1.2105994709231942,0.5074081591231987,0.7031913117999955,138.5849437295431
launched,29,12,1.3002735058063937,0.6088897909478385,0.6913837148585552,113.54825210360337
competitors,38,20,1.7038066627807917,1.0148163182463974,0.6889903445343943,67.89310855041923
team,56,36,2.510872976729588,1.8266693728435153,0.6842036038860726,37.456346181629776
games,22,6,0.9864143837151952,0.30444489547391923,0.6819694882412759,224.0042445709844
based,40,22,1.7934806976639914,1.116297950071037,0.6771827475929544,60.66326177073612
solutions,23,7,1.031251401156795,0.35518571138623906,0.6760656897705559,190.34146591425883
enterprise,23,7,1.031251401156795,0.35518571138623906,0.6760656897705559,190.34146591425883
schools,15,0,0.6725552616239968,0.0,0.6725552616239968,100.0
payments,15,0,0.6725552616239968,0.0,0.6725552616239968,100.0
newspapers,15,0,0.6725552616239968,0.0,0.6725552616239968,100.0
well,50,31,2.241850872079989,1.572965293281916,0.668885578798073,42.523861248233615
bank,16,1,0.7173922790655965,0.05074081591231987,0.6666514631532767,1313.8367035824779
apis,17,2,0.7622292965071963,0.10148163182463973,0.6607476646825565,651.1007487781912
manage,17,2,0.7622292965071963,0.10148163182463973,0.6607476646825565,651.1007487781912
design,18,3,0.8070663139487961,0.15222244773695962,0.6548438662118365,430.1887638434291
existing,30,14,1.3451105232479936,0.7103714227724781,0.6347391004755155,89.35312994408187
flex,14,0,0.627718244182397,0.0,0.627718244182397,100.0
merchants,14,0,0.627718244182397,0.0,0.627718244182397,100.0
channel,15,1,0.6725552616239968,0.05074081591231987,0.621814445711677,1225.471909608573
solution,25,10,1.1209254360399945,0.5074081591231987,0.6135172769167958,120.91198493476212
several,18,4,0.8070663139487961,0.20296326364927947,0.6041030502995166,297.6415728825719
two,46,29,2.06250280231359,1.4714836614572764,0.5910191408563137,40.164845613780095
weeks,21,7,0.9415773662735956,0.35518571138623906,0.5863916548873565,165.0943819217146
courier,13,0,0.5828812267407972,0.0,0.5828812267407972,100.0
notification,14,1,0.627718244182397,0.05074081591231987,0.5769774282700771,1137.107115634668
banking,14,1,0.627718244182397,0.05074081591231987,0.5769774282700771,1137.107115634668
lot,32,17,1.434784558131193,0.8625938705094378,0.5721906876217553,66.33372983323267
relationships,15,2,0.6725552616239968,0.10148163182463973,0.571073629799357,562.7359548042865
costs,15,2,0.6725552616239968,0.10148163182463973,0.571073629799357,562.7359548042865
engineers,16,3,0.7173922790655965,0.15222244773695962,0.565169831328637,371.27890119415923
far,25,11,1.1209254360399945,0.5581489750355185,0.562776461004476,100.82907721342012
build,51,34,2.286687889521589,1.7251877410188756,0.5615001485027133,32.54719096085728
market,77,57,3.4524503430031834,2.8922265070022326,0.5602238360009508,19.369984841941648
startups,35,20,1.5692956104559925,1.0148163182463974,0.5544792922095951,54.638389454333506
large,27,13,1.2105994709231942,0.6596306068601583,0.5509688640630359,83.52687979195625
menstrual,12,0,0.5380442092991975,0.0,0.5380442092991975,100.0
hierarchies,12,0,0.5380442092991975,0.0,0.5380442092991975,100.0
gitlab,12,0,0.5380442092991975,0.0,0.5380442092991975,100.0
including,21,8,0.9415773662735956,0.40592652729855894,0.5356508389750366,131.95758418150027
every,32,18,1.434784558131193,0.9133346864217576,0.5214498717094355,57.092967064719744
hope,15,3,0.6725552616239968,0.15222244773695962,0.5203328138870372,341.8239698695243
apps,34,20,1.5244585930143926,1.0148163182463974,0.5096422747679952,50.220149755638246
period,17,5,0.7622292965071963,0.25370407956159935,0.5085252169455969,200.4402995112765
testing,17,5,0.7622292965071963,0.25370407956159935,0.5085252169455969,200.4402995112765
global,18,6,0.8070663139487961,0.30444489547391923,0.502621418474877,165.0943819217146
test,18,6,0.8070663139487961,0.30444489547391923,0.502621418474877,165.0943819217146
offer,28,15,1.255436488364794,0.761112238684798,0.4943242496799959,64.94761541795573
offers,11,0,0.4932071918575976,0.0,0.4932071918575976,100.0
selfdriving,11,0,0.4932071918575976,0.0,0.4932071918575976,100.0
travis,11,0,0.4932071918575976,0.0,0.4932071918575976,100.0
bugs,11,0,0.4932071918575976,0.0,0.4932071918575976,100.0
dating,11,0,0.4932071918575976,0.0,0.4932071918575976,100.0
apptimize,11,0,0.4932071918575976,0.0,0.4932071918575976,100.0
brazil,11,0,0.4932071918575976,0.0,0.4932071918575976,100.0
slide,11,0,0.4932071918575976,0.0,0.4932071918575976,100.0
month,46,31,2.06250280231359,1.572965293281916,0.48953750903167403,31.121952348374943
yes,38,24,1.7038066627807917,1.217779581895677,0.4860270808851148,39.910923792016014
created,30,17,1.3451105232479936,0.8625938705094378,0.4825166527385558,55.93787171865563
make,73,55,3.2731022732367845,2.7907448751775927,0.48235739805919176,17.284181092637365
grow,23,11,1.031251401156795,0.5581489750355185,0.4731024261212765,84.76275103634653
development,32,19,1.434784558131193,0.9640755023340776,0.4707090557971155,48.82491616657659
programs,15,4,0.6725552616239968,0.20296326364927947,0.46959199797471735,231.36797740214323
sites,16,5,0.7173922790655965,0.25370407956159935,0.4636881995039972,182.76734071649554
impact,16,5,0.7173922790655965,0.25370407956159935,0.4636881995039972,182.76734071649554
open,25,13,1.1209254360399945,0.6596306068601583,0.4612948291798362,69.93229610366318
per,51,36,2.286687889521589,1.8266693728435153,0.4600185166780737,25.183458129698543
makes,17,6,0.7622292965071963,0.30444489547391923,0.45778440103327706,150.36691625939707
revenue,60,44,2.6902210464959873,2.232595900142074,0.45762514635391316,20.497446328052092
trade,10,0,0.44837017441599786,0.0,0.44837017441599786,100.0
lollipuff,10,0,0.44837017441599786,0.0,0.44837017441599786,100.0
jeremy,10,0,0.44837017441599786,0.0,0.44837017441599786,100.0
debt,10,0,0.44837017441599786,0.0,0.44837017441599786,100.0
growth,36,23,1.6141326278975923,1.167038765983357,0.4470938619142353,38.31011230698152
version,19,8,0.8519033313903959,0.40592652729855894,0.44597680409183693,109.86638568802402
lives,11,1,0.4932071918575976,0.05074081591231987,0.4424663759452777,872.0127337129533
biggest,20,9,0.8967403488319957,0.4566673432108788,0.4400730056211169,96.3662088308997
really,20,9,0.8967403488319957,0.4566673432108788,0.4400730056211169,96.3662088308997
america,12,2,0.5380442092991975,0.10148163182463973,0.43656257747455773,430.1887638434292
government,13,3,0.5828812267407972,0.15222244773695962,0.43065877900383764,282.9141072202544
brands,13,3,0.5828812267407972,0.15222244773695962,0.43065877900383764,282.9141072202544
code,48,34,2.15217683719679,1.7251877410188756,0.42698909617791436,24.750297374924518
different,31,19,1.3899475406895931,0.9640755023340776,0.42587203835551557,44.174137536371056
companies,75,58,3.362776308119984,2.9429673229145528,0.4198089852054312,14.264819793842479
trust,15,5,0.6725552616239968,0.25370407956159935,0.41885118206239746,165.0943819217146
mvp,15,5,0.6725552616239968,0.25370407956159935,0.41885118206239746,165.0943819217146
close,15,5,0.6725552616239968,0.25370407956159935,0.41885118206239746,165.0943819217146
program,24,13,1.076088418598395,0.6596306068601583,0.4164578117382367,63.13500425951669
running,16,6,0.7173922790655965,0.30444489547391923,0.4129473835916773,135.63945059707962
similar,16,6,0.7173922790655965,0.30444489547391923,0.4129473835916773,135.63945059707962
retailers,16,6,0.7173922790655965,0.30444489547391923,0.4129473835916773,135.63945059707962
quickly,17,7,0.7622292965071963,0.35518571138623906,0.40704358512095723,114.60021393662609
local,17,7,0.7622292965071963,0.35518571138623906,0.40704358512095723,114.60021393662609
muse,9,0,0.40353315697439807,0.0,0.40353315697439807,100.0
offline,9,0,0.40353315697439807,0.0,0.40353315697439807,100.0
slides,9,0,0.40353315697439807,0.0,0.40353315697439807,100.0
mixpanel,9,0,0.40353315697439807,0.0,0.40353315697439807,100.0
channels,18,8,0.8070663139487961,0.40592652729855894,0.4011397866502372,98.82078644128593
stripe,18,8,0.8070663139487961,0.40592652729855894,0.4011397866502372,98.82078644128593
api,18,8,0.8070663139487961,0.40592652729855894,0.4011397866502372,98.82078644128593
infrastructure,10,1,0.44837017441599786,0.05074081591231987,0.397629358503678,783.6479397390485
ebay,10,1,0.44837017441599786,0.05074081591231987,0.397629358503678,783.6479397390485
car,10,1,0.44837017441599786,0.05074081591231987,0.397629358503678,783.6479397390485
pricing,10,1,0.44837017441599786,0.05074081591231987,0.397629358503678,783.6479397390485
many,53,39,2.3763619244047884,1.978891820580475,0.39747010382431336,20.085489246588633
access,19,9,0.8519033313903959,0.4566673432108788,0.39523598817951705,86.5478983893547
ago,29,18,1.3002735058063937,0.9133346864217576,0.38693881938463603,42.36550140240226
designed,12,3,0.5380442092991975,0.15222244773695962,0.3858217615622379,253.45917589561947
friend,12,3,0.5380442092991975,0.15222244773695962,0.3858217615622379,253.45917589561947
ever,12,3,0.5380442092991975,0.15222244773695962,0.3858217615622379,253.45917589561947
account,14,5,0.627718244182397,0.25370407956159935,0.3740141646207976,147.42142312693358
consumer,14,5,0.627718244182397,0.25370407956159935,0.3740141646207976,147.42142312693358
making,32,21,1.434784558131193,1.0655571341587173,0.36922742397247577,34.65111462690263
helped,15,6,0.6725552616239968,0.30444489547391923,0.3681103661500776,120.91198493476215
bottom,8,0,0.3586961395327983,0.0,0.3586961395327983,100.0
tampon,8,0,0.3586961395327983,0.0,0.3586961395327983,100.0
ach,8,0,0.3586961395327983,0.0,0.3586961395327983,100.0
github,8,0,0.3586961395327983,0.0,0.3586961395327983,100.0
servants,8,0,0.3586961395327983,0.0,0.3586961395327983,100.0
notebooks,8,0,0.3586961395327983,0.0,0.3586961395327983,100.0
sex,8,0,0.3586961395327983,0.0,0.3586961395327983,100.0
taazr,8,0,0.3586961395327983,0.0,0.3586961395327983,100.0
payment,8,0,0.3586961395327983,0.0,0.3586961395327983,100.0
rails,8,0,0.3586961395327983,0.0,0.3586961395327983,100.0
colleagues,8,0,0.3586961395327983,0.0,0.3586961395327983,100.0
samples,8,0,0.3586961395327983,0.0,0.3586961395327983,100.0
fei,8,0,0.3586961395327983,0.0,0.3586961395327983,100.0
magicbell,8,0,0.3586961395327983,0.0,0.3586961395327983,100.0
exclusively,8,0,0.3586961395327983,0.0,0.3586961395327983,100.0
wanted,17,8,0.7622292965071963,0.40592652729855894,0.35630276920863735,87.77518719454783
billion,17,8,0.7622292965071963,0.40592652729855894,0.35630276920863735,87.77518719454783
features,17,8,0.7622292965071963,0.40592652729855894,0.35630276920863735,87.77518719454783
college,17,8,0.7622292965071963,0.40592652729855894,0.35630276920863735,87.77518719454783
commercial,9,1,0.40353315697439807,0.05074081591231987,0.3527923410620782,695.2831457651438
classroom,9,1,0.40353315697439807,0.05074081591231987,0.3527923410620782,695.2831457651438
allowing,9,1,0.40353315697439807,0.05074081591231987,0.3527923410620782,695.2831457651438
founded,9,1,0.40353315697439807,0.05074081591231987,0.3527923410620782,695.2831457651438
less,18,9,0.8070663139487961,0.4566673432108788,0.3503989707379173,76.72958794780972
taking,18,9,0.8070663139487961,0.4566673432108788,0.3503989707379173,76.72958794780972
items,10,2,0.44837017441599786,0.10148163182463973,0.34688854259135815,341.8239698695243
push,10,2,0.44837017441599786,0.10148163182463973,0.34688854259135815,341.8239698695243
raised,10,2,0.44837017441599786,0.10148163182463973,0.34688854259135815,341.8239698695243
drive,10,2,0.44837017441599786,0.10148163182463973,0.34688854259135815,341.8239698695243
brand,10,2,0.44837017441599786,0.10148163182463973,0.34688854259135815,341.8239698695243
deal,10,2,0.44837017441599786,0.10148163182463973,0.34688854259135815,341.8239698695243
transactions,11,3,0.4932071918575976,0.15222244773695962,0.34098474412063795,224.0042445709844
target,20,11,0.8967403488319957,0.5581489750355185,0.3385913737964772,60.66326177073612
user,46,34,2.06250280231359,1.7251877410188756,0.33731506129471445,19.552368317635977
able,29,19,1.3002735058063937,0.9640755023340776,0.3361980034723161,34.87258027596003
worked,29,19,1.3002735058063937,0.9640755023340776,0.3361980034723161,34.87258027596003
employee,12,4,0.5380442092991975,0.20296326364927947,0.335080945649918,165.09438192171461
lines,12,4,0.5380442092991975,0.20296326364927947,0.335080945649918,165.09438192171461
arent,13,5,0.5828812267407972,0.25370407956159935,0.3291771471791979,129.74846433215262
content,48,36,2.15217683719679,1.8266693728435153,0.3255074643532747,17.81972529853983
small,40,29,1.7934806976639914,1.4714836614572764,0.32199703620671505,21.88247444676531
businesses,24,15,1.076088418598395,0.761112238684798,0.31497617991359694,41.38367035824779
phelim,7,0,0.3138591220911985,0.0,0.3138591220911985,100.0
branded,7,0,0.3138591220911985,0.0,0.3138591220911985,100.0
fulfillment,7,0,0.3138591220911985,0.0,0.3138591220911985,100.0
algorithm,7,0,0.3138591220911985,0.0,0.3138591220911985,100.0
athlete,7,0,0.3138591220911985,0.0,0.3138591220911985,100.0
deals,7,0,0.3138591220911985,0.0,0.3138591220911985,100.0
accept,7,0,0.3138591220911985,0.0,0.3138591220911985,100.0
payrolldeductible,7,0,0.3138591220911985,0.0,0.3138591220911985,100.0
mindfulness,7,0,0.3138591220911985,0.0,0.3138591220911985,100.0
former,7,0,0.3138591220911985,0.0,0.3138591220911985,100.0
lifetime,7,0,0.3138591220911985,0.0,0.3138591220911985,100.0
prolific,7,0,0.3138591220911985,0.0,0.3138591220911985,100.0
system,33,23,1.479621575572793,1.167038765983357,0.3125828095894361,26.78426961473307
quality,16,8,0.7173922790655965,0.40592652729855894,0.3114657517670376,76.72958794780972
still,25,16,1.1209254360399945,0.8118530545971179,0.30907238144287663,38.06999058422633
interview,8,1,0.3586961395327983,0.05074081591231987,0.3079553236204784,606.9183517912388
previous,8,1,0.3586961395327983,0.05074081591231987,0.3079553236204784,606.9183517912388
compete,8,1,0.3586961395327983,0.05074081591231987,0.3079553236204784,606.9183517912388
chat,8,1,0.3586961395327983,0.05074081591231987,0.3079553236204784,606.9183517912388
employer,8,1,0.3586961395327983,0.05074081591231987,0.3079553236204784,606.9183517912388
automate,8,1,0.3586961395327983,0.05074081591231987,0.3079553236204784,606.9183517912388
slow,8,1,0.3586961395327983,0.05074081591231987,0.3079553236204784,606.9183517912388
hacking,8,1,0.3586961395327983,0.05074081591231987,0.3079553236204784,606.9183517912388
built,43,32,1.9279917499887906,1.6237061091942357,0.3042856407945549,18.74019190243465
options,9,2,0.40353315697439807,0.10148163182463973,0.3020515251497583,297.6415728825719
roughly,9,2,0.40353315697439807,0.10148163182463973,0.3020515251497583,297.6415728825719
save,9,2,0.40353315697439807,0.10148163182463973,0.3020515251497583,297.6415728825719
fast,9,2,0.40353315697439807,0.10148163182463973,0.3020515251497583,297.6415728825719
profiles,9,2,0.40353315697439807,0.10148163182463973,0.3020515251497583,297.6415728825719
cofounders,9,2,0.40353315697439807,0.10148163182463973,0.3020515251497583,297.6415728825719
cards,9,2,0.40353315697439807,0.10148163182463973,0.3020515251497583,297.6415728825719
reduce,9,2,0.40353315697439807,0.10148163182463973,0.3020515251497583,297.6415728825719
dropbox,10,3,0.44837017441599786,0.15222244773695962,0.2961477266790382,194.5493132463495
class,10,3,0.44837017441599786,0.15222244773695962,0.2961477266790382,194.5493132463495
processing,10,3,0.44837017441599786,0.15222244773695962,0.2961477266790382,194.5493132463495
recently,10,3,0.44837017441599786,0.15222244773695962,0.2961477266790382,194.5493132463495
whats,10,3,0.44837017441599786,0.15222244773695962,0.2961477266790382,194.5493132463495
twilio,11,4,0.4932071918575976,0.20296326364927947,0.2902439282083181,143.00318342823834
alone,11,4,0.4932071918575976,0.20296326364927947,0.2902439282083181,143.00318342823834
fulltime,20,12,0.8967403488319957,0.6088897909478385,0.28785055788415725,47.274656623174764
benefits,12,5,0.5380442092991975,0.25370407956159935,0.28434012973759815,112.07550553737168
say,12,5,0.5380442092991975,0.25370407956159935,0.28434012973759815,112.07550553737168
control,12,5,0.5380442092991975,0.25370407956159935,0.28434012973759815,112.07550553737168
dollars,13,6,0.5828812267407972,0.30444489547391923,0.278436331266878,91.45705361012719
direct,13,6,0.5828812267407972,0.30444489547391923,0.278436331266878,91.45705361012719
else,13,6,0.5828812267407972,0.30444489547391923,0.278436331266878,91.45705361012719
space,22,14,0.9864143837151952,0.7103714227724781,0.2760429609427171,38.85896195899335
set,22,14,0.9864143837151952,0.7103714227724781,0.2760429609427171,38.85896195899335
email,22,14,0.9864143837151952,0.7103714227724781,0.2760429609427171,38.85896195899335
power,14,7,0.627718244182397,0.35518571138623906,0.2725325327961579,76.72958794780972
become,23,15,1.031251401156795,0.761112238684798,0.270139162471997,35.492684093320776
rippling,6,0,0.26902210464959875,0.0,0.26902210464959875,100.0
artists,6,0,0.26902210464959875,0.0,0.26902210464959875,100.0
cars,6,0,0.26902210464959875,0.0,0.26902210464959875,100.0
demographic,6,0,0.26902210464959875,0.0,0.26902210464959875,100.0
sync,6,0,0.26902210464959875,0.0,0.26902210464959875,100.0
statistical,6,0,0.26902210464959875,0.0,0.26902210464959875,100.0
hygiene,6,0,0.26902210464959875,0.0,0.26902210464959875,100.0
stash,6,0,0.26902210464959875,0.0,0.26902210464959875,100.0
mimir,6,0,0.26902210464959875,0.0,0.26902210464959875,100.0
avoid,6,0,0.26902210464959875,0.0,0.26902210464959875,100.0
feminine,6,0,0.26902210464959875,0.0,0.26902210464959875,100.0
ein,6,0,0.26902210464959875,0.0,0.26902210464959875,100.0
dev,6,0,0.26902210464959875,0.0,0.26902210464959875,100.0
chris,6,0,0.26902210464959875,0.0,0.26902210464959875,100.0
instructors,6,0,0.26902210464959875,0.0,0.26902210464959875,100.0
manifold,6,0,0.26902210464959875,0.0,0.26902210464959875,100.0
african,6,0,0.26902210464959875,0.0,0.26902210464959875,100.0
beambot,6,0,0.26902210464959875,0.0,0.26902210464959875,100.0
experiments,6,0,0.26902210464959875,0.0,0.26902210464959875,100.0
talented,6,0,0.26902210464959875,0.0,0.26902210464959875,100.0
ten,6,0,0.26902210464959875,0.0,0.26902210464959875,100.0
greg,6,0,0.26902210464959875,0.0,0.26902210464959875,100.0
implement,6,0,0.26902210464959875,0.0,0.26902210464959875,100.0
ashu,6,0,0.26902210464959875,0.0,0.26902210464959875,100.0
fixed,6,0,0.26902210464959875,0.0,0.26902210464959875,100.0
notify,6,0,0.26902210464959875,0.0,0.26902210464959875,100.0
sign,15,8,0.6725552616239968,0.40592652729855894,0.2666287343254379,65.68398870107163
friends,24,16,1.076088418598395,0.8118530545971179,0.2642353640012771,32.54719096085731
experiment,7,1,0.3138591220911985,0.05074081591231987,0.2631183061788786,518.553557817334
choose,7,1,0.3138591220911985,0.05074081591231987,0.2631183061788786,518.553557817334
sellers,7,1,0.3138591220911985,0.05074081591231987,0.2631183061788786,518.553557817334
powerpoint,7,1,0.3138591220911985,0.05074081591231987,0.2631183061788786,518.553557817334
traction,7,1,0.3138591220911985,0.05074081591231987,0.2631183061788786,518.553557817334
studios,7,1,0.3138591220911985,0.05074081591231987,0.2631183061788786,518.553557817334
owned,7,1,0.3138591220911985,0.05074081591231987,0.2631183061788786,518.553557817334
november,7,1,0.3138591220911985,0.05074081591231987,0.2631183061788786,518.553557817334
related,7,1,0.3138591220911985,0.05074081591231987,0.2631183061788786,518.553557817334
finally,7,1,0.3138591220911985,0.05074081591231987,0.2631183061788786,518.553557817334
salary,7,1,0.3138591220911985,0.05074081591231987,0.2631183061788786,518.553557817334
designer,7,1,0.3138591220911985,0.05074081591231987,0.2631183061788786,518.553557817334
difference,7,1,0.3138591220911985,0.05074081591231987,0.2631183061788786,518.553557817334
google,33,24,1.479621575572793,1.217779581895677,0.26184199367711614,21.501591714119186
premium,8,2,0.3586961395327983,0.10148163182463973,0.25721450770815857,253.45917589561947
publish,8,2,0.3586961395327983,0.10148163182463973,0.25721450770815857,253.45917589561947
players,8,2,0.3586961395327983,0.10148163182463973,0.25721450770815857,253.45917589561947
recruiters,8,2,0.3586961395327983,0.10148163182463973,0.25721450770815857,253.45917589561947
managing,8,2,0.3586961395327983,0.10148163182463973,0.25721450770815857,253.45917589561947
buyers,8,2,0.3586961395327983,0.10148163182463973,0.25721450770815857,253.45917589561947
matter,8,2,0.3586961395327983,0.10148163182463973,0.25721450770815857,253.45917589561947
good,34,25,1.5244585930143926,1.2685203978079969,0.2559381952063957,20.176119804510584
daily,17,10,0.7622292965071963,0.5074081591231987,0.2548211373839976,50.220149755638246
free,26,18,1.1657624534815945,0.9133346864217576,0.2524277670598368,27.638035740084803
stuff,9,3,0.40353315697439807,0.15222244773695962,0.2513107092374385,165.0943819217146
changes,9,3,0.40353315697439807,0.15222244773695962,0.2513107092374385,165.0943819217146
editor,9,3,0.40353315697439807,0.15222244773695962,0.2513107092374385,165.0943819217146
initial,9,3,0.40353315697439807,0.15222244773695962,0.2513107092374385,165.0943819217146
support,18,11,0.8070663139487961,0.5581489750355185,0.2489173389132776,44.59693559366251
given,10,4,0.44837017441599786,0.20296326364927947,0.2454069107667184,120.91198493476216
continue,10,4,0.44837017441599786,0.20296326364927947,0.2454069107667184,120.91198493476216
pretty,10,4,0.44837017441599786,0.20296326364927947,0.2454069107667184,120.91198493476216
opensource,10,4,0.44837017441599786,0.20296326364927947,0.2454069107667184,120.91198493476216
employers,10,4,0.44837017441599786,0.20296326364927947,0.2454069107667184,120.91198493476216
interest,10,4,0.44837017441599786,0.20296326364927947,0.2454069107667184,120.91198493476216
demo,10,4,0.44837017441599786,0.20296326364927947,0.2454069107667184,120.91198493476216
important,19,12,0.8519033313903959,0.6088897909478385,0.2430135404425574,39.910923792016014
value,19,12,0.8519033313903959,0.6088897909478385,0.2430135404425574,39.910923792016014
working,71,58,3.1834282383535846,2.9429673229145528,0.2404609154390318,8.170696071504203
partner,11,5,0.4932071918575976,0.25370407956159935,0.23950311229599824,94.40254674259066
written,11,5,0.4932071918575976,0.25370407956159935,0.23950311229599824,94.40254674259066
expertise,11,5,0.4932071918575976,0.25370407956159935,0.23950311229599824,94.40254674259066
financial,11,5,0.4932071918575976,0.25370407956159935,0.23950311229599824,94.40254674259066
theyre,20,13,0.8967403488319957,0.6596306068601583,0.23710974197183743,35.94583688293056
life,12,6,0.5380442092991975,0.30444489547391923,0.23359931382527827,76.72958794780973
next,21,14,0.9415773662735956,0.7103714227724781,0.23120594350111745,32.54719096085731
via,22,15,0.9864143837151952,0.761112238684798,0.22530214503039714,29.60169782839378
incentives,5,0,0.22418508720799893,0.0,0.22418508720799893,100.0
waterloo,5,0,0.22418508720799893,0.0,0.22418508720799893,100.0
board,5,0,0.22418508720799893,0.0,0.22418508720799893,100.0
instance,5,0,0.22418508720799893,0.0,0.22418508720799893,100.0
authenticity,5,0,0.22418508720799893,0.0,0.22418508720799893,100.0
canadakaz,5,0,0.22418508720799893,0.0,0.22418508720799893,100.0
uva,5,0,0.22418508720799893,0.0,0.22418508720799893,100.0
hrbenefits,5,0,0.22418508720799893,0.0,0.22418508720799893,100.0
delivering,5,0,0.22418508720799893,0.0,0.22418508720799893,100.0
transactional,5,0,0.22418508720799893,0.0,0.22418508720799893,100.0
box,5,0,0.22418508720799893,0.0,0.22418508720799893,100.0
oracle,5,0,0.22418508720799893,0.0,0.22418508720799893,100.0
multichannel,5,0,0.22418508720799893,0.0,0.22418508720799893,100.0
introduce,5,0,0.22418508720799893,0.0,0.22418508720799893,100.0
cups,5,0,0.22418508720799893,0.0,0.22418508720799893,100.0
bebefuzz,5,0,0.22418508720799893,0.0,0.22418508720799893,100.0
attracting,5,0,0.22418508720799893,0.0,0.22418508720799893,100.0
integrations,5,0,0.22418508720799893,0.0,0.22418508720799893,100.0
stanford,5,0,0.22418508720799893,0.0,0.22418508720799893,100.0
aws,5,0,0.22418508720799893,0.0,0.22418508720799893,100.0
fields,5,0,0.22418508720799893,0.0,0.22418508720799893,100.0
grows,5,0,0.22418508720799893,0.0,0.22418508720799893,100.0
millennials,5,0,0.22418508720799893,0.0,0.22418508720799893,100.0
boston,5,0,0.22418508720799893,0.0,0.22418508720799893,100.0
processors,5,0,0.22418508720799893,0.0,0.22418508720799893,100.0
nancy,5,0,0.22418508720799893,0.0,0.22418508720799893,100.0
retired,5,0,0.22418508720799893,0.0,0.22418508720799893,100.0
w17,5,0,0.22418508720799893,0.0,0.22418508720799893,100.0
issues,5,0,0.22418508720799893,0.0,0.22418508720799893,100.0
browser,5,0,0.22418508720799893,0.0,0.22418508720799893,100.0
fairly,5,0,0.22418508720799893,0.0,0.22418508720799893,100.0
authentication,5,0,0.22418508720799893,0.0,0.22418508720799893,100.0
incredible,5,0,0.22418508720799893,0.0,0.22418508720799893,100.0
tampons,5,0,0.22418508720799893,0.0,0.22418508720799893,100.0
chain,5,0,0.22418508720799893,0.0,0.22418508720799893,100.0
funds,5,0,0.22418508720799893,0.0,0.22418508720799893,100.0
driving,5,0,0.22418508720799893,0.0,0.22418508720799893,100.0
mmccreery,5,0,0.22418508720799893,0.0,0.22418508720799893,100.0
auction,5,0,0.22418508720799893,0.0,0.22418508720799893,100.0
newspaper,5,0,0.22418508720799893,0.0,0.22418508720799893,100.0
goodly,5,0,0.22418508720799893,0.0,0.22418508720799893,100.0
blog,14,8,0.627718244182397,0.40592652729855894,0.22179171688383803,54.638389454333506
called,14,8,0.627718244182397,0.40592652729855894,0.22179171688383803,54.638389454333506
start,23,16,1.031251401156795,0.8118530545971179,0.21939834655967716,27.024391337488236
partners,6,1,0.26902210464959875,0.05074081591231987,0.21828128873727887,430.1887638434292
lawyer,6,1,0.26902210464959875,0.05074081591231987,0.21828128873727887,430.1887638434292
goods,6,1,0.26902210464959875,0.05074081591231987,0.21828128873727887,430.1887638434292
club,6,1,0.26902210464959875,0.05074081591231987,0.21828128873727887,430.1887638434292
room,6,1,0.26902210464959875,0.05074081591231987,0.21828128873727887,430.1887638434292
involved,6,1,0.26902210464959875,0.05074081591231987,0.21828128873727887,430.1887638434292
libraries,6,1,0.26902210464959875,0.05074081591231987,0.21828128873727887,430.1887638434292
roam,6,1,0.26902210464959875,0.05074081591231987,0.21828128873727887,430.1887638434292
values,6,1,0.26902210464959875,0.05074081591231987,0.21828128873727887,430.1887638434292
catalog,6,1,0.26902210464959875,0.05074081591231987,0.21828128873727887,430.1887638434292
wait,6,1,0.26902210464959875,0.05074081591231987,0.21828128873727887,430.1887638434292
featured,6,1,0.26902210464959875,0.05074081591231987,0.21828128873727887,430.1887638434292
phase,6,1,0.26902210464959875,0.05074081591231987,0.21828128873727887,430.1887638434292
americans,6,1,0.26902210464959875,0.05074081591231987,0.21828128873727887,430.1887638434292
ruby,6,1,0.26902210464959875,0.05074081591231987,0.21828128873727887,430.1887638434292
national,6,1,0.26902210464959875,0.05074081591231987,0.21828128873727887,430.1887638434292
networks,6,1,0.26902210464959875,0.05074081591231987,0.21828128873727887,430.1887638434292
cambridge,6,1,0.26902210464959875,0.05074081591231987,0.21828128873727887,430.1887638434292
transparency,6,1,0.26902210464959875,0.05074081591231987,0.21828128873727887,430.1887638434292
didnt,15,9,0.6725552616239968,0.4566673432108788,0.215887918413118,47.27465662317477
pursue,7,2,0.3138591220911985,0.10148163182463973,0.21237749026655875,209.276778908667
interesting,7,2,0.3138591220911985,0.10148163182463973,0.21237749026655875,209.276778908667
targeting,7,2,0.3138591220911985,0.10148163182463973,0.21237749026655875,209.276778908667
operations,7,2,0.3138591220911985,0.10148163182463973,0.21237749026655875,209.276778908667
capture,7,2,0.3138591220911985,0.10148163182463973,0.21237749026655875,209.276778908667
feature,7,2,0.3138591220911985,0.10148163182463973,0.21237749026655875,209.276778908667
leading,7,2,0.3138591220911985,0.10148163182463973,0.21237749026655875,209.276778908667
incorporated,7,2,0.3138591220911985,0.10148163182463973,0.21237749026655875,209.276778908667
institutions,7,2,0.3138591220911985,0.10148163182463973,0.21237749026655875,209.276778908667
hold,7,2,0.3138591220911985,0.10148163182463973,0.21237749026655875,209.276778908667
none,7,2,0.3138591220911985,0.10148163182463973,0.21237749026655875,209.276778908667
million,33,25,1.479621575572793,1.2685203978079969,0.2111011777647962,16.641528045554413
known,16,10,0.7173922790655965,0.5074081591231987,0.20998411994239785,41.38367035824777
instead,16,10,0.7173922790655965,0.5074081591231987,0.20998411994239785,41.38367035824777
clients,16,10,0.7173922790655965,0.5074081591231987,0.20998411994239785,41.38367035824777
analytics,8,3,0.3586961395327983,0.15222244773695962,0.20647369179583866,135.63945059707962
leave,8,3,0.3586961395327983,0.15222244773695962,0.20647369179583866,135.63945059707962
larger,8,3,0.3586961395327983,0.15222244773695962,0.20647369179583866,135.63945059707962
profitable,8,3,0.3586961395327983,0.15222244773695962,0.20647369179583866,135.63945059707962
picked,8,3,0.3586961395327983,0.15222244773695962,0.20647369179583866,135.63945059707962
terms,8,3,0.3586961395327983,0.15222244773695962,0.20647369179583866,135.63945059707962
turns,8,3,0.3586961395327983,0.15222244773695962,0.20647369179583866,135.63945059707962
line,8,3,0.3586961395327983,0.15222244773695962,0.20647369179583866,135.63945059707962
process,34,26,1.5244585930143926,1.3192612137203166,0.205197379294076,15.55396135049096
starting,17,11,0.7622292965071963,0.5581489750355185,0.20408032147167776,36.563772505125684
education,17,11,0.7622292965071963,0.5581489750355185,0.20408032147167776,36.563772505125684
data,69,57,3.093754203470385,2.8922265070022326,0.2015276964681525,6.967908494726929
significant,9,4,0.40353315697439807,0.20296326364927947,0.2005698933251186,98.82078644128593
grew,9,4,0.40353315697439807,0.20296326364927947,0.2005698933251186,98.82078644128593
crm,9,4,0.40353315697439807,0.20296326364927947,0.2005698933251186,98.82078644128593
among,9,4,0.40353315697439807,0.20296326364927947,0.2005698933251186,98.82078644128593
finished,9,4,0.40353315697439807,0.20296326364927947,0.2005698933251186,98.82078644128593
wed,9,4,0.40353315697439807,0.20296326364927947,0.2005698933251186,98.82078644128593
organizations,9,4,0.40353315697439807,0.20296326364927947,0.2005698933251186,98.82078644128593
ios,9,4,0.40353315697439807,0.20296326364927947,0.2005698933251186,98.82078644128593
like,95,80,4.25951665695198,4.05926527298559,0.20025138396638997,4.933192844012018
charge,27,20,1.2105994709231942,1.0148163182463974,0.1957831526767968,19.292471864771557
lead,10,5,0.44837017441599786,0.25370407956159935,0.1946660948543985,76.72958794780972
expert,10,5,0.44837017441599786,0.25370407956159935,0.1946660948543985,76.72958794780972
contract,10,5,0.44837017441599786,0.25370407956159935,0.1946660948543985,76.72958794780972
anyone,10,5,0.44837017441599786,0.25370407956159935,0.1946660948543985,76.72958794780972
led,10,5,0.44837017441599786,0.25370407956159935,0.1946660948543985,76.72958794780972
bring,11,6,0.4932071918575976,0.30444489547391923,0.18876229638367836,62.00212228549222
professional,11,6,0.4932071918575976,0.30444489547391923,0.18876229638367836,62.00212228549222
cant,11,6,0.4932071918575976,0.30444489547391923,0.18876229638367836,62.00212228549222
plans,11,6,0.4932071918575976,0.30444489547391923,0.18876229638367836,62.00212228549222
wrote,11,6,0.4932071918575976,0.30444489547391923,0.18876229638367836,62.00212228549222
developer,20,14,0.8967403488319957,0.7103714227724781,0.1863689260595176,26.23541996272124
directly,12,7,0.5380442092991975,0.35518571138623906,0.18285849791295844,51.4825039552655
saas,12,7,0.5380442092991975,0.35518571138623906,0.18285849791295844,51.4825039552655
wells,4,0,0.17934806976639914,0.0,0.17934806976639914,100.0
openphone,4,0,0.17934806976639914,0.0,0.17934806976639914,100.0
wikis,4,0,0.17934806976639914,0.0,0.17934806976639914,100.0
pyp,4,0,0.17934806976639914,0.0,0.17934806976639914,100.0
helicopter,4,0,0.17934806976639914,0.0,0.17934806976639914,100.0
double,4,0,0.17934806976639914,0.0,0.17934806976639914,100.0
dmohs,4,0,0.17934806976639914,0.0,0.17934806976639914,100.0
educators,4,0,0.17934806976639914,0.0,0.17934806976639914,100.0
implementation,4,0,0.17934806976639914,0.0,0.17934806976639914,100.0
oneonone,4,0,0.17934806976639914,0.0,0.17934806976639914,100.0
black,4,0,0.17934806976639914,0.0,0.17934806976639914,100.0
disputes,4,0,0.17934806976639914,0.0,0.17934806976639914,100.0
parker,4,0,0.17934806976639914,0.0,0.17934806976639914,100.0
round,4,0,0.17934806976639914,0.0,0.17934806976639914,100.0
rapidly,4,0,0.17934806976639914,0.0,0.17934806976639914,100.0
assembly,4,0,0.17934806976639914,0.0,0.17934806976639914,100.0
inapp,4,0,0.17934806976639914,0.0,0.17934806976639914,100.0
debugging,4,0,0.17934806976639914,0.0,0.17934806976639914,100.0
predictive,4,0,0.17934806976639914,0.0,0.17934806976639914,100.0
representative,4,0,0.17934806976639914,0.0,0.17934806976639914,100.0
sesame,4,0,0.17934806976639914,0.0,0.17934806976639914,100.0
fellowship,4,0,0.17934806976639914,0.0,0.17934806976639914,100.0
entered,4,0,0.17934806976639914,0.0,0.17934806976639914,100.0
atlas,4,0,0.17934806976639914,0.0,0.17934806976639914,100.0
acavoulacos,4,0,0.17934806976639914,0.0,0.17934806976639914,100.0
needing,4,0,0.17934806976639914,0.0,0.17934806976639914,100.0
bit9,4,0,0.17934806976639914,0.0,0.17934806976639914,100.0
secure,4,0,0.17934806976639914,0.0,0.17934806976639914,100.0
eteamz,4,0,0.17934806976639914,0.0,0.17934806976639914,100.0
organized,4,0,0.17934806976639914,0.0,0.17934806976639914,100.0
sports,4,0,0.17934806976639914,0.0,0.17934806976639914,100.0
knows,4,0,0.17934806976639914,0.0,0.17934806976639914,100.0
transparent,4,0,0.17934806976639914,0.0,0.17934806976639914,100.0
supportbee,4,0,0.17934806976639914,0.0,0.17934806976639914,100.0
inc,4,0,0.17934806976639914,0.0,0.17934806976639914,100.0
trillion,4,0,0.17934806976639914,0.0,0.17934806976639914,100.0
lloydarmbrust,4,0,0.17934806976639914,0.0,0.17934806976639914,100.0
percentage,4,0,0.17934806976639914,0.0,0.17934806976639914,100.0
dave,4,0,0.17934806976639914,0.0,0.17934806976639914,100.0
iphone,4,0,0.17934806976639914,0.0,0.17934806976639914,100.0
codecademy,4,0,0.17934806976639914,0.0,0.17934806976639914,100.0
requests,4,0,0.17934806976639914,0.0,0.17934806976639914,100.0
studio,4,0,0.17934806976639914,0.0,0.17934806976639914,100.0
supernote,4,0,0.17934806976639914,0.0,0.17934806976639914,100.0
womens,4,0,0.17934806976639914,0.0,0.17934806976639914,100.0
messfree,4,0,0.17934806976639914,0.0,0.17934806976639914,100.0
forbes,4,0,0.17934806976639914,0.0,0.17934806976639914,100.0
gift,4,0,0.17934806976639914,0.0,0.17934806976639914,100.0
middle,4,0,0.17934806976639914,0.0,0.17934806976639914,100.0
packaging,4,0,0.17934806976639914,0.0,0.17934806976639914,100.0
rates,4,0,0.17934806976639914,0.0,0.17934806976639914,100.0
highimpact,4,0,0.17934806976639914,0.0,0.17934806976639914,100.0
workflow,4,0,0.17934806976639914,0.0,0.17934806976639914,100.0
billions,4,0,0.17934806976639914,0.0,0.17934806976639914,100.0
texting,4,0,0.17934806976639914,0.0,0.17934806976639914,100.0
skillshare,4,0,0.17934806976639914,0.0,0.17934806976639914,100.0
dannysu,4,0,0.17934806976639914,0.0,0.17934806976639914,100.0
paths,4,0,0.17934806976639914,0.0,0.17934806976639914,100.0
listings,4,0,0.17934806976639914,0.0,0.17934806976639914,100.0
hedge,4,0,0.17934806976639914,0.0,0.17934806976639914,100.0
verify,4,0,0.17934806976639914,0.0,0.17934806976639914,100.0
fargo,4,0,0.17934806976639914,0.0,0.17934806976639914,100.0
nigeria,4,0,0.17934806976639914,0.0,0.17934806976639914,100.0
feb,4,0,0.17934806976639914,0.0,0.17934806976639914,100.0
trouble,4,0,0.17934806976639914,0.0,0.17934806976639914,100.0
heroku,4,0,0.17934806976639914,0.0,0.17934806976639914,100.0
companys,4,0,0.17934806976639914,0.0,0.17934806976639914,100.0
host,4,0,0.17934806976639914,0.0,0.17934806976639914,100.0
lookup,4,0,0.17934806976639914,0.0,0.17934806976639914,100.0
advisory,4,0,0.17934806976639914,0.0,0.17934806976639914,100.0
change,13,8,0.5828812267407972,0.40592652729855894,0.1769546994422383,43.59279020759541
include,13,8,0.5828812267407972,0.40592652729855894,0.1769546994422383,43.59279020759541
expected,5,1,0.22418508720799893,0.05074081591231987,0.17344427129567908,341.8239698695243
effects,5,1,0.22418508720799893,0.05074081591231987,0.17344427129567908,341.8239698695243
innovation,5,1,0.22418508720799893,0.05074081591231987,0.17344427129567908,341.8239698695243
wont,5,1,0.22418508720799893,0.05074081591231987,0.17344427129567908,341.8239698695243
formed,5,1,0.22418508720799893,0.05074081591231987,0.17344427129567908,341.8239698695243
checks,5,1,0.22418508720799893,0.05074081591231987,0.17344427129567908,341.8239698695243
deploy,5,1,0.22418508720799893,0.05074081591231987,0.17344427129567908,341.8239698695243
men,5,1,0.22418508720799893,0.05074081591231987,0.17344427129567908,341.8239698695243
consultancies,5,1,0.22418508720799893,0.05074081591231987,0.17344427129567908,341.8239698695243
agreements,5,1,0.22418508720799893,0.05074081591231987,0.17344427129567908,341.8239698695243
efficient,5,1,0.22418508720799893,0.05074081591231987,0.17344427129567908,341.8239698695243
algorithms,5,1,0.22418508720799893,0.05074081591231987,0.17344427129567908,341.8239698695243
automatic,5,1,0.22418508720799893,0.05074081591231987,0.17344427129567908,341.8239698695243
mit,5,1,0.22418508720799893,0.05074081591231987,0.17344427129567908,341.8239698695243
fix,5,1,0.22418508720799893,0.05074081591231987,0.17344427129567908,341.8239698695243
purchases,5,1,0.22418508720799893,0.05074081591231987,0.17344427129567908,341.8239698695243
ycombinator,5,1,0.22418508720799893,0.05074081591231987,0.17344427129567908,341.8239698695243
requires,5,1,0.22418508720799893,0.05074081591231987,0.17344427129567908,341.8239698695243
vehicle,5,1,0.22418508720799893,0.05074081591231987,0.17344427129567908,341.8239698695243
followed,5,1,0.22418508720799893,0.05074081591231987,0.17344427129567908,341.8239698695243
unlike,5,1,0.22418508720799893,0.05074081591231987,0.17344427129567908,341.8239698695243
javascript,5,1,0.22418508720799893,0.05074081591231987,0.17344427129567908,341.8239698695243
parents,5,1,0.22418508720799893,0.05074081591231987,0.17344427129567908,341.8239698695243
work,74,62,3.317939290678384,3.145930586563832,0.17200870411455194,5.467657323692887
problems,14,9,0.627718244182397,0.4566673432108788,0.17105090097151815,37.456346181629776
cost,14,9,0.627718244182397,0.4566673432108788,0.17105090097151815,37.456346181629776
page,14,9,0.627718244182397,0.4566673432108788,0.17105090097151815,37.456346181629776
consider,6,2,0.26902210464959875,0.10148163182463973,0.167540472824959,165.09438192171461
north,6,2,0.26902210464959875,0.10148163182463973,0.167540472824959,165.09438192171461
corporate,6,2,0.26902210464959875,0.10148163182463973,0.167540472824959,165.09438192171461
james,6,2,0.26902210464959875,0.10148163182463973,0.167540472824959,165.09438192171461
finance,6,2,0.26902210464959875,0.10148163182463973,0.167540472824959,165.09438192171461
serve,6,2,0.26902210464959875,0.10148163182463973,0.167540472824959,165.09438192171461
pick,6,2,0.26902210464959875,0.10148163182463973,0.167540472824959,165.09438192171461
popular,6,2,0.26902210464959875,0.10148163182463973,0.167540472824959,165.09438192171461
setup,6,2,0.26902210464959875,0.10148163182463973,0.167540472824959,165.09438192171461
generated,6,2,0.26902210464959875,0.10148163182463973,0.167540472824959,165.09438192171461
athletes,6,2,0.26902210464959875,0.10148163182463973,0.167540472824959,165.09438192171461
engineer,6,2,0.26902210464959875,0.10148163182463973,0.167540472824959,165.09438192171461
addressable,6,2,0.26902210464959875,0.10148163182463973,0.167540472824959,165.09438192171461
smart,6,2,0.26902210464959875,0.10148163182463973,0.167540472824959,165.09438192171461
necessary,6,2,0.26902210464959875,0.10148163182463973,0.167540472824959,165.09438192171461
rely,6,2,0.26902210464959875,0.10148163182463973,0.167540472824959,165.09438192171461
competitor,15,10,0.6725552616239968,0.5074081591231987,0.16514710250079812,32.54719096085729
subscriptions,7,3,0.3138591220911985,0.15222244773695962,0.16163667435423887,106.18451927244466
waiting,7,3,0.3138591220911985,0.15222244773695962,0.16163667435423887,106.18451927244466
couldnt,7,3,0.3138591220911985,0.15222244773695962,0.16163667435423887,106.18451927244466
soon,7,3,0.3138591220911985,0.15222244773695962,0.16163667435423887,106.18451927244466
integration,7,3,0.3138591220911985,0.15222244773695962,0.16163667435423887,106.18451927244466
interface,7,3,0.3138591220911985,0.15222244773695962,0.16163667435423887,106.18451927244466
knew,7,3,0.3138591220911985,0.15222244773695962,0.16163667435423887,106.18451927244466
challenge,7,3,0.3138591220911985,0.15222244773695962,0.16163667435423887,106.18451927244466
ready,7,3,0.3138591220911985,0.15222244773695962,0.16163667435423887,106.18451927244466
systems,16,11,0.7173922790655965,0.5581489750355185,0.15924330403007803,28.53060941658889
result,8,4,0.3586961395327983,0.20296326364927947,0.1557328758835188,76.72958794780972
friction,8,4,0.3586961395327983,0.20296326364927947,0.1557328758835188,76.72958794780972
communication,8,4,0.3586961395327983,0.20296326364927947,0.1557328758835188,76.72958794780972
brought,8,4,0.3586961395327983,0.20296326364927947,0.1557328758835188,76.72958794780972
five,8,4,0.3586961395327983,0.20296326364927947,0.1557328758835188,76.72958794780972
amount,8,4,0.3586961395327983,0.20296326364927947,0.1557328758835188,76.72958794780972
files,8,4,0.3586961395327983,0.20296326364927947,0.1557328758835188,76.72958794780972
supply,8,4,0.3586961395327983,0.20296326364927947,0.1557328758835188,76.72958794780972
creators,8,4,0.3586961395327983,0.20296326364927947,0.1557328758835188,76.72958794780972
standard,8,4,0.3586961395327983,0.20296326364927947,0.1557328758835188,76.72958794780972
became,8,4,0.3586961395327983,0.20296326364927947,0.1557328758835188,76.72958794780972
last,34,27,1.5244585930143926,1.3700020296326365,0.15445656338175606,11.274185004176477
theres,17,12,0.7622292965071963,0.6088897909478385,0.15333950555935782,25.183458129698533
website,17,12,0.7622292965071963,0.6088897909478385,0.15333950555935782,25.183458129698533
delaware,9,5,0.40353315697439807,0.25370407956159935,0.14982907741279872,59.05662915302874
seen,9,5,0.40353315697439807,0.25370407956159935,0.14982907741279872,59.05662915302874
websites,9,5,0.40353315697439807,0.25370407956159935,0.14982907741279872,59.05662915302874
ecommerce,9,5,0.40353315697439807,0.25370407956159935,0.14982907741279872,59.05662915302874
expect,9,5,0.40353315697439807,0.25370407956159935,0.14982907741279872,59.05662915302874
degree,9,5,0.40353315697439807,0.25370407956159935,0.14982907741279872,59.05662915302874
september,9,5,0.40353315697439807,0.25370407956159935,0.14982907741279872,59.05662915302874
fees,10,6,0.44837017441599786,0.30444489547391923,0.14392527894207863,47.274656623174764
hire,10,6,0.44837017441599786,0.30444489547391923,0.14392527894207863,47.274656623174764
developed,10,6,0.44837017441599786,0.30444489547391923,0.14392527894207863,47.274656623174764
engine,10,6,0.44837017441599786,0.30444489547391923,0.14392527894207863,47.274656623174764
unique,10,6,0.44837017441599786,0.30444489547391923,0.14392527894207863,47.274656623174764
audience,10,6,0.44837017441599786,0.30444489547391923,0.14392527894207863,47.274656623174764
courses,19,14,0.8519033313903959,0.7103714227724781,0.14153190861791776,19.923648964585166
offering,11,7,0.4932071918575976,0.35518571138623906,0.13802148047135854,38.85896195899335
training,11,7,0.4932071918575976,0.35518571138623906,0.13802148047135854,38.85896195899335
conferences,3,0,0.13451105232479937,0.0,0.13451105232479937,100.0
promotion,3,0,0.13451105232479937,0.0,0.13451105232479937,100.0
emailed,3,0,0.13451105232479937,0.0,0.13451105232479937,100.0
zynga,3,0,0.13451105232479937,0.0,0.13451105232479937,100.0
struggle,3,0,0.13451105232479937,0.0,0.13451105232479937,100.0
shri,3,0,0.13451105232479937,0.0,0.13451105232479937,100.0
innovate,3,0,0.13451105232479937,0.0,0.13451105232479937,100.0
auto,3,0,0.13451105232479937,0.0,0.13451105232479937,100.0
bars,3,0,0.13451105232479937,0.0,0.13451105232479937,100.0
highend,3,0,0.13451105232479937,0.0,0.13451105232479937,100.0
stuck,3,0,0.13451105232479937,0.0,0.13451105232479937,100.0
gflarity,3,0,0.13451105232479937,0.0,0.13451105232479937,100.0
mturk,3,0,0.13451105232479937,0.0,0.13451105232479937,100.0
structures,3,0,0.13451105232479937,0.0,0.13451105232479937,100.0
tons,3,0,0.13451105232479937,0.0,0.13451105232479937,100.0
firsthand,3,0,0.13451105232479937,0.0,0.13451105232479937,100.0
iterable,3,0,0.13451105232479937,0.0,0.13451105232479937,100.0
meditations,3,0,0.13451105232479937,0.0,0.13451105232479937,100.0
highquality,3,0,0.13451105232479937,0.0,0.13451105232479937,100.0
sat,3,0,0.13451105232479937,0.0,0.13451105232479937,100.0
worn,3,0,0.13451105232479937,0.0,0.13451105232479937,100.0
facilities,3,0,0.13451105232479937,0.0,0.13451105232479937,100.0
sum,3,0,0.13451105232479937,0.0,0.13451105232479937,100.0
thousand,3,0,0.13451105232479937,0.0,0.13451105232479937,100.0
saving,3,0,0.13451105232479937,0.0,0.13451105232479937,100.0
china,3,0,0.13451105232479937,0.0,0.13451105232479937,100.0
merchant,3,0,0.13451105232479937,0.0,0.13451105232479937,100.0
harvard,3,0,0.13451105232479937,0.0,0.13451105232479937,100.0
listened,3,0,0.13451105232479937,0.0,0.13451105232479937,100.0
gitlabcom,3,0,0.13451105232479937,0.0,0.13451105232479937,100.0
regulatory,3,0,0.13451105232479937,0.0,0.13451105232479937,100.0
duke,3,0,0.13451105232479937,0.0,0.13451105232479937,100.0
consultants,3,0,0.13451105232479937,0.0,0.13451105232479937,100.0
useless,3,0,0.13451105232479937,0.0,0.13451105232479937,100.0
sketches,3,0,0.13451105232479937,0.0,0.13451105232479937,100.0
crash,3,0,0.13451105232479937,0.0,0.13451105232479937,100.0
challenges,3,0,0.13451105232479937,0.0,0.13451105232479937,100.0
flexible,3,0,0.13451105232479937,0.0,0.13451105232479937,100.0
reaching,3,0,0.13451105232479937,0.0,0.13451105232479937,100.0
dendrons,3,0,0.13451105232479937,0.0,0.13451105232479937,100.0
monstercom,3,0,0.13451105232479937,0.0,0.13451105232479937,100.0
bitcoin,3,0,0.13451105232479937,0.0,0.13451105232479937,100.0
kloc,3,0,0.13451105232479937,0.0,0.13451105232479937,100.0
compare,3,0,0.13451105232479937,0.0,0.13451105232479937,100.0
somewhere,3,0,0.13451105232479937,0.0,0.13451105232479937,100.0
10year,3,0,0.13451105232479937,0.0,0.13451105232479937,100.0
winners,3,0,0.13451105232479937,0.0,0.13451105232479937,100.0
pilots,3,0,0.13451105232479937,0.0,0.13451105232479937,100.0
dec,3,0,0.13451105232479937,0.0,0.13451105232479937,100.0
installations,3,0,0.13451105232479937,0.0,0.13451105232479937,100.0
kminshew,3,0,0.13451105232479937,0.0,0.13451105232479937,100.0
hierarchical,3,0,0.13451105232479937,0.0,0.13451105232479937,100.0
wireless,3,0,0.13451105232479937,0.0,0.13451105232479937,100.0
virtuous,3,0,0.13451105232479937,0.0,0.13451105232479937,100.0
singapore,3,0,0.13451105232479937,0.0,0.13451105232479937,100.0
drug,3,0,0.13451105232479937,0.0,0.13451105232479937,100.0
incredibly,3,0,0.13451105232479937,0.0,0.13451105232479937,100.0
validate,3,0,0.13451105232479937,0.0,0.13451105232479937,100.0
lightweight,3,0,0.13451105232479937,0.0,0.13451105232479937,100.0
framework,3,0,0.13451105232479937,0.0,0.13451105232479937,100.0
quarter,3,0,0.13451105232479937,0.0,0.13451105232479937,100.0
red,3,0,0.13451105232479937,0.0,0.13451105232479937,100.0
gmail,3,0,0.13451105232479937,0.0,0.13451105232479937,100.0
backup,3,0,0.13451105232479937,0.0,0.13451105232479937,100.0
northeastern,3,0,0.13451105232479937,0.0,0.13451105232479937,100.0
wires,3,0,0.13451105232479937,0.0,0.13451105232479937,100.0
vaccine,3,0,0.13451105232479937,0.0,0.13451105232479937,100.0
ventures,3,0,0.13451105232479937,0.0,0.13451105232479937,100.0
involves,3,0,0.13451105232479937,0.0,0.13451105232479937,100.0
p2p,3,0,0.13451105232479937,0.0,0.13451105232479937,100.0
sponsorships,3,0,0.13451105232479937,0.0,0.13451105232479937,100.0
wiki,3,0,0.13451105232479937,0.0,0.13451105232479937,100.0
turk,3,0,0.13451105232479937,0.0,0.13451105232479937,100.0
monday,3,0,0.13451105232479937,0.0,0.13451105232479937,100.0
cheap,3,0,0.13451105232479937,0.0,0.13451105232479937,100.0
spread,3,0,0.13451105232479937,0.0,0.13451105232479937,100.0
disrupt,3,0,0.13451105232479937,0.0,0.13451105232479937,100.0
berecruited,3,0,0.13451105232479937,0.0,0.13451105232479937,100.0
convert,3,0,0.13451105232479937,0.0,0.13451105232479937,100.0
postmates,3,0,0.13451105232479937,0.0,0.13451105232479937,100.0
technique,3,0,0.13451105232479937,0.0,0.13451105232479937,100.0
document,3,0,0.13451105232479937,0.0,0.13451105232479937,100.0
brokers,3,0,0.13451105232479937,0.0,0.13451105232479937,100.0
instructor,3,0,0.13451105232479937,0.0,0.13451105232479937,100.0
notion,3,0,0.13451105232479937,0.0,0.13451105232479937,100.0
federal,3,0,0.13451105232479937,0.0,0.13451105232479937,100.0
kyle,3,0,0.13451105232479937,0.0,0.13451105232479937,100.0
ambassador,3,0,0.13451105232479937,0.0,0.13451105232479937,100.0
prototypes,3,0,0.13451105232479937,0.0,0.13451105232479937,100.0
mid,3,0,0.13451105232479937,0.0,0.13451105232479937,100.0
lambda,3,0,0.13451105232479937,0.0,0.13451105232479937,100.0
clothes,3,0,0.13451105232479937,0.0,0.13451105232479937,100.0
repayment,3,0,0.13451105232479937,0.0,0.13451105232479937,100.0
drew,3,0,0.13451105232479937,0.0,0.13451105232479937,100.0
bonus,3,0,0.13451105232479937,0.0,0.13451105232479937,100.0
inevent,3,0,0.13451105232479937,0.0,0.13451105232479937,100.0
trials,3,0,0.13451105232479937,0.0,0.13451105232479937,100.0
offices,3,0,0.13451105232479937,0.0,0.13451105232479937,100.0
poker,3,0,0.13451105232479937,0.0,0.13451105232479937,100.0
fax,3,0,0.13451105232479937,0.0,0.13451105232479937,100.0
communications,3,0,0.13451105232479937,0.0,0.13451105232479937,100.0
reused,3,0,0.13451105232479937,0.0,0.13451105232479937,100.0
nov,3,0,0.13451105232479937,0.0,0.13451105232479937,100.0
editorial,3,0,0.13451105232479937,0.0,0.13451105232479937,100.0
massive,3,0,0.13451105232479937,0.0,0.13451105232479937,100.0
differences,3,0,0.13451105232479937,0.0,0.13451105232479937,100.0
singlechannel,3,0,0.13451105232479937,0.0,0.13451105232479937,100.0
stable,3,0,0.13451105232479937,0.0,0.13451105232479937,100.0
white,3,0,0.13451105232479937,0.0,0.13451105232479937,100.0
crowdfunded,3,0,0.13451105232479937,0.0,0.13451105232479937,100.0
templates,3,0,0.13451105232479937,0.0,0.13451105232479937,100.0
elance,3,0,0.13451105232479937,0.0,0.13451105232479937,100.0
sam,3,0,0.13451105232479937,0.0,0.13451105232479937,100.0
entering,3,0,0.13451105232479937,0.0,0.13451105232479937,100.0
ton,3,0,0.13451105232479937,0.0,0.13451105232479937,100.0
pusher,3,0,0.13451105232479937,0.0,0.13451105232479937,100.0
marie,3,0,0.13451105232479937,0.0,0.13451105232479937,100.0
release,3,0,0.13451105232479937,0.0,0.13451105232479937,100.0
http,3,0,0.13451105232479937,0.0,0.13451105232479937,100.0
realms,3,0,0.13451105232479937,0.0,0.13451105232479937,100.0
shipping,3,0,0.13451105232479937,0.0,0.13451105232479937,100.0
hits,3,0,0.13451105232479937,0.0,0.13451105232479937,100.0
ethan,3,0,0.13451105232479937,0.0,0.13451105232479937,100.0
door,3,0,0.13451105232479937,0.0,0.13451105232479937,100.0
diverse,3,0,0.13451105232479937,0.0,0.13451105232479937,100.0
brown,3,0,0.13451105232479937,0.0,0.13451105232479937,100.0
spark,3,0,0.13451105232479937,0.0,0.13451105232479937,100.0
overall,3,0,0.13451105232479937,0.0,0.13451105232479937,100.0
doc,3,0,0.13451105232479937,0.0,0.13451105232479937,100.0
sensor,3,0,0.13451105232479937,0.0,0.13451105232479937,100.0
wysiwyg,3,0,0.13451105232479937,0.0,0.13451105232479937,100.0
entrepreneurial,3,0,0.13451105232479937,0.0,0.13451105232479937,100.0
git,3,0,0.13451105232479937,0.0,0.13451105232479937,100.0
enabling,3,0,0.13451105232479937,0.0,0.13451105232479937,100.0
hemant,3,0,0.13451105232479937,0.0,0.13451105232479937,100.0
differentiated,3,0,0.13451105232479937,0.0,0.13451105232479937,100.0
clothing,3,0,0.13451105232479937,0.0,0.13451105232479937,100.0
cruise,3,0,0.13451105232479937,0.0,0.13451105232479937,100.0
driver,3,0,0.13451105232479937,0.0,0.13451105232479937,100.0
leaders,3,0,0.13451105232479937,0.0,0.13451105232479937,100.0
examples,3,0,0.13451105232479937,0.0,0.13451105232479937,100.0
jnovek,3,0,0.13451105232479937,0.0,0.13451105232479937,100.0
profits,3,0,0.13451105232479937,0.0,0.13451105232479937,100.0
ladders,3,0,0.13451105232479937,0.0,0.13451105232479937,100.0
publishers,3,0,0.13451105232479937,0.0,0.13451105232479937,100.0
forprofit,3,0,0.13451105232479937,0.0,0.13451105232479937,100.0
2mm,3,0,0.13451105232479937,0.0,0.13451105232479937,100.0
currency,3,0,0.13451105232479937,0.0,0.13451105232479937,100.0
instant,3,0,0.13451105232479937,0.0,0.13451105232479937,100.0
braintree,3,0,0.13451105232479937,0.0,0.13451105232479937,100.0
largely,3,0,0.13451105232479937,0.0,0.13451105232479937,100.0
beautiful,3,0,0.13451105232479937,0.0,0.13451105232479937,100.0
listing,3,0,0.13451105232479937,0.0,0.13451105232479937,100.0
midcareer,3,0,0.13451105232479937,0.0,0.13451105232479937,100.0
ripplings,3,0,0.13451105232479937,0.0,0.13451105232479937,100.0
partnership,3,0,0.13451105232479937,0.0,0.13451105232479937,100.0
disposable,3,0,0.13451105232479937,0.0,0.13451105232479937,100.0
presented,3,0,0.13451105232479937,0.0,0.13451105232479937,100.0
oxford,3,0,0.13451105232479937,0.0,0.13451105232479937,100.0
fixing,3,0,0.13451105232479937,0.0,0.13451105232479937,100.0
quixey,3,0,0.13451105232479937,0.0,0.13451105232479937,100.0
battle,3,0,0.13451105232479937,0.0,0.13451105232479937,100.0
network,21,16,0.9415773662735956,0.8118530545971179,0.1297243116764777,15.97879209075014
hackathon,4,1,0.17934806976639914,0.05074081591231987,0.12860725385407928,253.45917589561947
covered,4,1,0.17934806976639914,0.05074081591231987,0.12860725385407928,253.45917589561947
requirements,4,1,0.17934806976639914,0.05074081591231987,0.12860725385407928,253.45917589561947
define,4,1,0.17934806976639914,0.05074081591231987,0.12860725385407928,253.45917589561947
adoption,4,1,0.17934806976639914,0.05074081591231987,0.12860725385407928,253.45917589561947
matters,4,1,0.17934806976639914,0.05074081591231987,0.12860725385407928,253.45917589561947
monetize,4,1,0.17934806976639914,0.05074081591231987,0.12860725385407928,253.45917589561947
studies,4,1,0.17934806976639914,0.05074081591231987,0.12860725385407928,253.45917589561947
starts,4,1,0.17934806976639914,0.05074081591231987,0.12860725385407928,253.45917589561947
underserved,4,1,0.17934806976639914,0.05074081591231987,0.12860725385407928,253.45917589561947
setting,4,1,0.17934806976639914,0.05074081591231987,0.12860725385407928,253.45917589561947
visa,4,1,0.17934806976639914,0.05074081591231987,0.12860725385407928,253.45917589561947
mentors,4,1,0.17934806976639914,0.05074081591231987,0.12860725385407928,253.45917589561947
represents,4,1,0.17934806976639914,0.05074081591231987,0.12860725385407928,253.45917589561947
american,4,1,0.17934806976639914,0.05074081591231987,0.12860725385407928,253.45917589561947
usage,4,1,0.17934806976639914,0.05074081591231987,0.12860725385407928,253.45917589561947
direction,4,1,0.17934806976639914,0.05074081591231987,0.12860725385407928,253.45917589561947
heres,4,1,0.17934806976639914,0.05074081591231987,0.12860725385407928,253.45917589561947
drivers,4,1,0.17934806976639914,0.05074081591231987,0.12860725385407928,253.45917589561947
habit,4,1,0.17934806976639914,0.05074081591231987,0.12860725385407928,253.45917589561947
collect,4,1,0.17934806976639914,0.05074081591231987,0.12860725385407928,253.45917589561947
powerful,4,1,0.17934806976639914,0.05074081591231987,0.12860725385407928,253.45917589561947
member,4,1,0.17934806976639914,0.05074081591231987,0.12860725385407928,253.45917589561947
quit,4,1,0.17934806976639914,0.05074081591231987,0.12860725385407928,253.45917589561947
graduates,4,1,0.17934806976639914,0.05074081591231987,0.12860725385407928,253.45917589561947
cycle,4,1,0.17934806976639914,0.05074081591231987,0.12860725385407928,253.45917589561947
measure,4,1,0.17934806976639914,0.05074081591231987,0.12860725385407928,253.45917589561947
labs,4,1,0.17934806976639914,0.05074081591231987,0.12860725385407928,253.45917589561947
provider,4,1,0.17934806976639914,0.05074081591231987,0.12860725385407928,253.45917589561947
makers,4,1,0.17934806976639914,0.05074081591231987,0.12860725385407928,253.45917589561947
latest,4,1,0.17934806976639914,0.05074081591231987,0.12860725385407928,253.45917589561947
february,4,1,0.17934806976639914,0.05074081591231987,0.12860725385407928,253.45917589561947
behalf,4,1,0.17934806976639914,0.05074081591231987,0.12860725385407928,253.45917589561947
response,4,1,0.17934806976639914,0.05074081591231987,0.12860725385407928,253.45917589561947
segments,4,1,0.17934806976639914,0.05074081591231987,0.12860725385407928,253.45917589561947
david,4,1,0.17934806976639914,0.05074081591231987,0.12860725385407928,253.45917589561947
age,4,1,0.17934806976639914,0.05074081591231987,0.12860725385407928,253.45917589561947
strategies,4,1,0.17934806976639914,0.05074081591231987,0.12860725385407928,253.45917589561947
wish,4,1,0.17934806976639914,0.05074081591231987,0.12860725385407928,253.45917589561947
portion,4,1,0.17934806976639914,0.05074081591231987,0.12860725385407928,253.45917589561947
discord,4,1,0.17934806976639914,0.05074081591231987,0.12860725385407928,253.45917589561947
craigslist,4,1,0.17934806976639914,0.05074081591231987,0.12860725385407928,253.45917589561947
preferences,4,1,0.17934806976639914,0.05074081591231987,0.12860725385407928,253.45917589561947
chrome,4,1,0.17934806976639914,0.05074081591231987,0.12860725385407928,253.45917589561947
branding,4,1,0.17934806976639914,0.05074081591231987,0.12860725385407928,253.45917589561947
atlassian,4,1,0.17934806976639914,0.05074081591231987,0.12860725385407928,253.45917589561947
agreement,4,1,0.17934806976639914,0.05074081591231987,0.12860725385407928,253.45917589561947
brings,4,1,0.17934806976639914,0.05074081591231987,0.12860725385407928,253.45917589561947
comparison,4,1,0.17934806976639914,0.05074081591231987,0.12860725385407928,253.45917589561947
designers,4,1,0.17934806976639914,0.05074081591231987,0.12860725385407928,253.45917589561947
trying,13,9,0.5828812267407972,0.4566673432108788,0.1262138835299184,27.638035740084803
huge,13,9,0.5828812267407972,0.4566673432108788,0.1262138835299184,27.638035740084803
since,56,47,2.510872976729588,2.384818347879034,0.12605462885055374,5.2857119689079
accelerate,5,2,0.22418508720799893,0.10148163182463973,0.1227034553833592,120.91198493476216
except,5,2,0.22418508720799893,0.10148163182463973,0.1227034553833592,120.91198493476216
impressive,5,2,0.22418508720799893,0.10148163182463973,0.1227034553833592,120.91198493476216
gave,5,2,0.22418508720799893,0.10148163182463973,0.1227034553833592,120.91198493476216
seconds,5,2,0.22418508720799893,0.10148163182463973,0.1227034553833592,120.91198493476216
alternatives,5,2,0.22418508720799893,0.10148163182463973,0.1227034553833592,120.91198493476216
fall,5,2,0.22418508720799893,0.10148163182463973,0.1227034553833592,120.91198493476216
theyve,5,2,0.22418508720799893,0.10148163182463973,0.1227034553833592,120.91198493476216
paypal,5,2,0.22418508720799893,0.10148163182463973,0.1227034553833592,120.91198493476216
realtime,5,2,0.22418508720799893,0.10148163182463973,0.1227034553833592,120.91198493476216
described,5,2,0.22418508720799893,0.10148163182463973,0.1227034553833592,120.91198493476216
invested,5,2,0.22418508720799893,0.10148163182463973,0.1227034553833592,120.91198493476216
nearly,5,2,0.22418508720799893,0.10148163182463973,0.1227034553833592,120.91198493476216
diversity,5,2,0.22418508720799893,0.10148163182463973,0.1227034553833592,120.91198493476216
probably,5,2,0.22418508720799893,0.10148163182463973,0.1227034553833592,120.91198493476216
agreed,5,2,0.22418508720799893,0.10148163182463973,0.1227034553833592,120.91198493476216
capital,5,2,0.22418508720799893,0.10148163182463973,0.1227034553833592,120.91198493476216
coding,5,2,0.22418508720799893,0.10148163182463973,0.1227034553833592,120.91198493476216
lost,5,2,0.22418508720799893,0.10148163182463973,0.1227034553833592,120.91198493476216
collaboration,5,2,0.22418508720799893,0.10148163182463973,0.1227034553833592,120.91198493476216
types,5,2,0.22418508720799893,0.10148163182463973,0.1227034553833592,120.91198493476216
developing,14,10,0.627718244182397,0.5074081591231987,0.12031008505919827,23.710711563466795
launching,6,3,0.26902210464959875,0.15222244773695962,0.11679965691263913,76.72958794780973
arr,6,3,0.26902210464959875,0.15222244773695962,0.11679965691263913,76.72958794780973
hit,6,3,0.26902210464959875,0.15222244773695962,0.11679965691263913,76.72958794780973
trading,6,3,0.26902210464959875,0.15222244773695962,0.11679965691263913,76.72958794780973
nontechnical,6,3,0.26902210464959875,0.15222244773695962,0.11679965691263913,76.72958794780973
resort,6,3,0.26902210464959875,0.15222244773695962,0.11679965691263913,76.72958794780973
saying,6,3,0.26902210464959875,0.15222244773695962,0.11679965691263913,76.72958794780973
solving,6,3,0.26902210464959875,0.15222244773695962,0.11679965691263913,76.72958794780973
academic,6,3,0.26902210464959875,0.15222244773695962,0.11679965691263913,76.72958794780973
guide,6,3,0.26902210464959875,0.15222244773695962,0.11679965691263913,76.72958794780973
qualified,6,3,0.26902210464959875,0.15222244773695962,0.11679965691263913,76.72958794780973
senior,6,3,0.26902210464959875,0.15222244773695962,0.11679965691263913,76.72958794780973
dollar,6,3,0.26902210464959875,0.15222244773695962,0.11679965691263913,76.72958794780973
profile,6,3,0.26902210464959875,0.15222244773695962,0.11679965691263913,76.72958794780973
contracts,6,3,0.26902210464959875,0.15222244773695962,0.11679965691263913,76.72958794780973
expand,6,3,0.26902210464959875,0.15222244773695962,0.11679965691263913,76.72958794780973
likely,6,3,0.26902210464959875,0.15222244773695962,0.11679965691263913,76.72958794780973
rate,15,11,0.6725552616239968,0.5581489750355185,0.11440628658847829,20.497446328052092
additional,15,11,0.6725552616239968,0.5581489750355185,0.11440628658847829,20.497446328052092
changed,7,4,0.3138591220911985,0.20296326364927947,0.11089585844191902,54.638389454333506
complete,7,4,0.3138591220911985,0.20296326364927947,0.11089585844191902,54.638389454333506
combinator,7,4,0.3138591220911985,0.20296326364927947,0.11089585844191902,54.638389454333506
integrated,7,4,0.3138591220911985,0.20296326364927947,0.11089585844191902,54.638389454333506
sense,7,4,0.3138591220911985,0.20296326364927947,0.11089585844191902,54.638389454333506
primarily,7,4,0.3138591220911985,0.20296326364927947,0.11089585844191902,54.638389454333506
october,7,4,0.3138591220911985,0.20296326364927947,0.11089585844191902,54.638389454333506
file,7,4,0.3138591220911985,0.20296326364927947,0.11089585844191902,54.638389454333506
corp,7,4,0.3138591220911985,0.20296326364927947,0.11089585844191902,54.638389454333506
four,7,4,0.3138591220911985,0.20296326364927947,0.11089585844191902,54.638389454333506
everyone,16,12,0.7173922790655965,0.6088897909478385,0.10850248811775809,17.819725298539804
use,68,58,3.048917186028785,2.9429673229145528,0.10594986311423238,3.600103279750502
let,8,5,0.3586961395327983,0.25370407956159935,0.10499205997119893,41.38367035824777
charging,8,5,0.3586961395327983,0.25370407956159935,0.10499205997119893,41.38367035824777
august,8,5,0.3586961395327983,0.25370407956159935,0.10499205997119893,41.38367035824777
april,8,5,0.3586961395327983,0.25370407956159935,0.10499205997119893,41.38367035824777
consumers,8,5,0.3586961395327983,0.25370407956159935,0.10499205997119893,41.38367035824777
signups,8,5,0.3586961395327983,0.25370407956159935,0.10499205997119893,41.38367035824777
must,8,5,0.3586961395327983,0.25370407956159935,0.10499205997119893,41.38367035824777
rest,8,5,0.3586961395327983,0.25370407956159935,0.10499205997119893,41.38367035824777
business,60,51,2.6902210464959873,2.587781611528313,0.10243943496767427,3.9585811457704407
week,26,21,1.1657624534815945,1.0655571341587173,0.10020531932287713,9.404030634358392
away,9,6,0.40353315697439807,0.30444489547391923,0.09908826150047884,32.54719096085728
addition,9,6,0.40353315697439807,0.30444489547391923,0.09908826150047884,32.54719096085728
anything,9,6,0.40353315697439807,0.30444489547391923,0.09908826150047884,32.54719096085728
along,9,6,0.40353315697439807,0.30444489547391923,0.09908826150047884,32.54719096085728
teach,9,6,0.40353315697439807,0.30444489547391923,0.09908826150047884,32.54719096085728
focused,18,14,0.8070663139487961,0.7103714227724781,0.09669489117631802,13.611877966449113
yet,18,14,0.8070663139487961,0.7103714227724781,0.09669489117631802,13.611877966449113
live,27,22,1.2105994709231942,1.116297950071037,0.09430152085215715,8.447701695246879
asked,10,7,0.44837017441599786,0.35518571138623906,0.0931844630297588,26.23541996272124
successful,10,7,0.44837017441599786,0.35518571138623906,0.0931844630297588,26.23541996272124
phd,10,7,0.44837017441599786,0.35518571138623906,0.0931844630297588,26.23541996272124
strategy,10,7,0.44837017441599786,0.35518571138623906,0.0931844630297588,26.23541996272124
amazons,2,0,0.08967403488319957,0.0,0.08967403488319957,100.0
healthcare,2,0,0.08967403488319957,0.0,0.08967403488319957,100.0
jay,2,0,0.08967403488319957,0.0,0.08967403488319957,100.0
buyer,2,0,0.08967403488319957,0.0,0.08967403488319957,100.0
shawn,2,0,0.08967403488319957,0.0,0.08967403488319957,100.0
badge,2,0,0.08967403488319957,0.0,0.08967403488319957,100.0
sister,2,0,0.08967403488319957,0.0,0.08967403488319957,100.0
emojis,2,0,0.08967403488319957,0.0,0.08967403488319957,100.0
semester,2,0,0.08967403488319957,0.0,0.08967403488319957,100.0
giftly,2,0,0.08967403488319957,0.0,0.08967403488319957,100.0
praful,2,0,0.08967403488319957,0.0,0.08967403488319957,100.0
replicate,2,0,0.08967403488319957,0.0,0.08967403488319957,100.0
psychology,2,0,0.08967403488319957,0.0,0.08967403488319957,100.0
mechanical,2,0,0.08967403488319957,0.0,0.08967403488319957,100.0
witnessed,2,0,0.08967403488319957,0.0,0.08967403488319957,100.0
enroll,2,0,0.08967403488319957,0.0,0.08967403488319957,100.0
accomplish,2,0,0.08967403488319957,0.0,0.08967403488319957,100.0
gcp,2,0,0.08967403488319957,0.0,0.08967403488319957,100.0
notetaking,2,0,0.08967403488319957,0.0,0.08967403488319957,100.0
abilities,2,0,0.08967403488319957,0.0,0.08967403488319957,100.0
6month,2,0,0.08967403488319957,0.0,0.08967403488319957,100.0
linked,2,0,0.08967403488319957,0.0,0.08967403488319957,100.0
struggled,2,0,0.08967403488319957,0.0,0.08967403488319957,100.0
ages,2,0,0.08967403488319957,0.0,0.08967403488319957,100.0
brasilia,2,0,0.08967403488319957,0.0,0.08967403488319957,100.0
brazils,2,0,0.08967403488319957,0.0,0.08967403488319957,100.0
superior,2,0,0.08967403488319957,0.0,0.08967403488319957,100.0
firesale,2,0,0.08967403488319957,0.0,0.08967403488319957,100.0
density,2,0,0.08967403488319957,0.0,0.08967403488319957,100.0
whilst,2,0,0.08967403488319957,0.0,0.08967403488319957,100.0
twitch,2,0,0.08967403488319957,0.0,0.08967403488319957,100.0
trajectory,2,0,0.08967403488319957,0.0,0.08967403488319957,100.0
represented,2,0,0.08967403488319957,0.0,0.08967403488319957,100.0
millennial,2,0,0.08967403488319957,0.0,0.08967403488319957,100.0
africa,2,0,0.08967403488319957,0.0,0.08967403488319957,100.0
techcrunch,2,0,0.08967403488319957,0.0,0.08967403488319957,100.0
registration,2,0,0.08967403488319957,0.0,0.08967403488319957,100.0
conjunction,2,0,0.08967403488319957,0.0,0.08967403488319957,100.0
reuse,2,0,0.08967403488319957,0.0,0.08967403488319957,100.0
cvent,2,0,0.08967403488319957,0.0,0.08967403488319957,100.0
bet,2,0,0.08967403488319957,0.0,0.08967403488319957,100.0
qualtrics,2,0,0.08967403488319957,0.0,0.08967403488319957,100.0
ailing,2,0,0.08967403488319957,0.0,0.08967403488319957,100.0
jersey,2,0,0.08967403488319957,0.0,0.08967403488319957,100.0
smbs,2,0,0.08967403488319957,0.0,0.08967403488319957,100.0
postdoc,2,0,0.08967403488319957,0.0,0.08967403488319957,100.0
firstmover,2,0,0.08967403488319957,0.0,0.08967403488319957,100.0
usenix,2,0,0.08967403488319957,0.0,0.08967403488319957,100.0
donations,2,0,0.08967403488319957,0.0,0.08967403488319957,100.0
suite,2,0,0.08967403488319957,0.0,0.08967403488319957,100.0
testimony,2,0,0.08967403488319957,0.0,0.08967403488319957,100.0
fanatical,2,0,0.08967403488319957,0.0,0.08967403488319957,100.0
supporters,2,0,0.08967403488319957,0.0,0.08967403488319957,100.0
bathroom,2,0,0.08967403488319957,0.0,0.08967403488319957,100.0
iterations,2,0,0.08967403488319957,0.0,0.08967403488319957,100.0
presales,2,0,0.08967403488319957,0.0,0.08967403488319957,100.0
yahoo,2,0,0.08967403488319957,0.0,0.08967403488319957,100.0
displayed,2,0,0.08967403488319957,0.0,0.08967403488319957,100.0
phds,2,0,0.08967403488319957,0.0,0.08967403488319957,100.0
professors,2,0,0.08967403488319957,0.0,0.08967403488319957,100.0
vertical,2,0,0.08967403488319957,0.0,0.08967403488319957,100.0
pair,2,0,0.08967403488319957,0.0,0.08967403488319957,100.0
equipped,2,0,0.08967403488319957,0.0,0.08967403488319957,100.0
suck,2,0,0.08967403488319957,0.0,0.08967403488319957,100.0
prepaid,2,0,0.08967403488319957,0.0,0.08967403488319957,100.0
perspective,2,0,0.08967403488319957,0.0,0.08967403488319957,100.0
sendgrid,2,0,0.08967403488319957,0.0,0.08967403488319957,100.0
cancer,2,0,0.08967403488319957,0.0,0.08967403488319957,100.0
artist,2,0,0.08967403488319957,0.0,0.08967403488319957,100.0
charity,2,0,0.08967403488319957,0.0,0.08967403488319957,100.0
script,2,0,0.08967403488319957,0.0,0.08967403488319957,100.0
codeorg,2,0,0.08967403488319957,0.0,0.08967403488319957,100.0
imadeit,2,0,0.08967403488319957,0.0,0.08967403488319957,100.0
curiosity,2,0,0.08967403488319957,0.0,0.08967403488319957,100.0
securely,2,0,0.08967403488319957,0.0,0.08967403488319957,100.0
evolves,2,0,0.08967403488319957,0.0,0.08967403488319957,100.0
square,2,0,0.08967403488319957,0.0,0.08967403488319957,100.0
binary,2,0,0.08967403488319957,0.0,0.08967403488319957,100.0
stigma,2,0,0.08967403488319957,0.0,0.08967403488319957,100.0
outofthebox,2,0,0.08967403488319957,0.0,0.08967403488319957,100.0
claims,2,0,0.08967403488319957,0.0,0.08967403488319957,100.0
collectively,2,0,0.08967403488319957,0.0,0.08967403488319957,100.0
deductible,2,0,0.08967403488319957,0.0,0.08967403488319957,100.0
php,2,0,0.08967403488319957,0.0,0.08967403488319957,100.0
200k,2,0,0.08967403488319957,0.0,0.08967403488319957,100.0
jupyter,2,0,0.08967403488319957,0.0,0.08967403488319957,100.0
nonprofit,2,0,0.08967403488319957,0.0,0.08967403488319957,100.0
smartest,2,0,0.08967403488319957,0.0,0.08967403488319957,100.0
designing,2,0,0.08967403488319957,0.0,0.08967403488319957,100.0
clamoring,2,0,0.08967403488319957,0.0,0.08967403488319957,100.0
whenever,2,0,0.08967403488319957,0.0,0.08967403488319957,100.0
administrators,2,0,0.08967403488319957,0.0,0.08967403488319957,100.0
matchmaking,2,0,0.08967403488319957,0.0,0.08967403488319957,100.0
sadly,2,0,0.08967403488319957,0.0,0.08967403488319957,100.0
complained,2,0,0.08967403488319957,0.0,0.08967403488319957,100.0
cheese,2,0,0.08967403488319957,0.0,0.08967403488319957,100.0
constant,2,0,0.08967403488319957,0.0,0.08967403488319957,100.0
idle,2,0,0.08967403488319957,0.0,0.08967403488319957,100.0
intellectual,2,0,0.08967403488319957,0.0,0.08967403488319957,100.0
instruments,2,0,0.08967403488319957,0.0,0.08967403488319957,100.0
switch,2,0,0.08967403488319957,0.0,0.08967403488319957,100.0
joke,2,0,0.08967403488319957,0.0,0.08967403488319957,100.0
santander,2,0,0.08967403488319957,0.0,0.08967403488319957,100.0
conventional,2,0,0.08967403488319957,0.0,0.08967403488319957,100.0
respective,2,0,0.08967403488319957,0.0,0.08967403488319957,100.0
sprint,2,0,0.08967403488319957,0.0,0.08967403488319957,100.0
perfectly,2,0,0.08967403488319957,0.0,0.08967403488319957,100.0
voxcom,2,0,0.08967403488319957,0.0,0.08967403488319957,100.0
mozy,2,0,0.08967403488319957,0.0,0.08967403488319957,100.0
innovations,2,0,0.08967403488319957,0.0,0.08967403488319957,100.0
enterprises,2,0,0.08967403488319957,0.0,0.08967403488319957,100.0
whiteboard,2,0,0.08967403488319957,0.0,0.08967403488319957,100.0
clubs,2,0,0.08967403488319957,0.0,0.08967403488319957,100.0
airport,2,0,0.08967403488319957,0.0,0.08967403488319957,100.0
dealing,2,0,0.08967403488319957,0.0,0.08967403488319957,100.0
casually,2,0,0.08967403488319957,0.0,0.08967403488319957,100.0
afraid,2,0,0.08967403488319957,0.0,0.08967403488319957,100.0
ship,2,0,0.08967403488319957,0.0,0.08967403488319957,100.0
owning,2,0,0.08967403488319957,0.0,0.08967403488319957,100.0
tracked,2,0,0.08967403488319957,0.0,0.08967403488319957,100.0
80k,2,0,0.08967403488319957,0.0,0.08967403488319957,100.0
artisan,2,0,0.08967403488319957,0.0,0.08967403488319957,100.0
equivalent,2,0,0.08967403488319957,0.0,0.08967403488319957,100.0
crack,2,0,0.08967403488319957,0.0,0.08967403488319957,100.0
certainly,2,0,0.08967403488319957,0.0,0.08967403488319957,100.0
impacts,2,0,0.08967403488319957,0.0,0.08967403488319957,100.0
factoring,2,0,0.08967403488319957,0.0,0.08967403488319957,100.0
learnings,2,0,0.08967403488319957,0.0,0.08967403488319957,100.0
cold,2,0,0.08967403488319957,0.0,0.08967403488319957,100.0
varsity,2,0,0.08967403488319957,0.0,0.08967403488319957,100.0
stub,2,0,0.08967403488319957,0.0,0.08967403488319957,100.0
yearlong,2,0,0.08967403488319957,0.0,0.08967403488319957,100.0
indiegogo,2,0,0.08967403488319957,0.0,0.08967403488319957,100.0
collecting,2,0,0.08967403488319957,0.0,0.08967403488319957,100.0
smooth,2,0,0.08967403488319957,0.0,0.08967403488319957,100.0
in0v8,2,0,0.08967403488319957,0.0,0.08967403488319957,100.0
o10s,2,0,0.08967403488319957,0.0,0.08967403488319957,100.0
aires,2,0,0.08967403488319957,0.0,0.08967403488319957,100.0
pads,2,0,0.08967403488319957,0.0,0.08967403488319957,100.0
immigrants,2,0,0.08967403488319957,0.0,0.08967403488319957,100.0
stopping,2,0,0.08967403488319957,0.0,0.08967403488319957,100.0
governmentbacked,2,0,0.08967403488319957,0.0,0.08967403488319957,100.0
ingrained,2,0,0.08967403488319957,0.0,0.08967403488319957,100.0
sponsorship,2,0,0.08967403488319957,0.0,0.08967403488319957,100.0
s14,2,0,0.08967403488319957,0.0,0.08967403488319957,100.0
holiday,2,0,0.08967403488319957,0.0,0.08967403488319957,100.0
splashthat,2,0,0.08967403488319957,0.0,0.08967403488319957,100.0
releasing,2,0,0.08967403488319957,0.0,0.08967403488319957,100.0
obscure,2,0,0.08967403488319957,0.0,0.08967403488319957,100.0
implementing,2,0,0.08967403488319957,0.0,0.08967403488319957,100.0
arrive,2,0,0.08967403488319957,0.0,0.08967403488319957,100.0
brain,2,0,0.08967403488319957,0.0,0.08967403488319957,100.0
scholar,2,0,0.08967403488319957,0.0,0.08967403488319957,100.0
thirdparty,2,0,0.08967403488319957,0.0,0.08967403488319957,100.0
akshay,2,0,0.08967403488319957,0.0,0.08967403488319957,100.0
overload,2,0,0.08967403488319957,0.0,0.08967403488319957,100.0
majors,2,0,0.08967403488319957,0.0,0.08967403488319957,100.0
dss,2,0,0.08967403488319957,0.0,0.08967403488319957,100.0
arguments,2,0,0.08967403488319957,0.0,0.08967403488319957,100.0
bridge,2,0,0.08967403488319957,0.0,0.08967403488319957,100.0
possession,2,0,0.08967403488319957,0.0,0.08967403488319957,100.0
correspondents,2,0,0.08967403488319957,0.0,0.08967403488319957,100.0
fog,2,0,0.08967403488319957,0.0,0.08967403488319957,100.0
mckinsey,2,0,0.08967403488319957,0.0,0.08967403488319957,100.0
ontario,2,0,0.08967403488319957,0.0,0.08967403488319957,100.0
registrations,2,0,0.08967403488319957,0.0,0.08967403488319957,100.0
4th,2,0,0.08967403488319957,0.0,0.08967403488319957,100.0
onesignal,2,0,0.08967403488319957,0.0,0.08967403488319957,100.0
zac,2,0,0.08967403488319957,0.0,0.08967403488319957,100.0
settlement,2,0,0.08967403488319957,0.0,0.08967403488319957,100.0
toilet,2,0,0.08967403488319957,0.0,0.08967403488319957,100.0
streamline,2,0,0.08967403488319957,0.0,0.08967403488319957,100.0
ajay,2,0,0.08967403488319957,0.0,0.08967403488319957,100.0
savvy,2,0,0.08967403488319957,0.0,0.08967403488319957,100.0
hervelegerobsessedcom,2,0,0.08967403488319957,0.0,0.08967403488319957,100.0
wearing,2,0,0.08967403488319957,0.0,0.08967403488319957,100.0
curriculum,2,0,0.08967403488319957,0.0,0.08967403488319957,100.0
admissions,2,0,0.08967403488319957,0.0,0.08967403488319957,100.0
played,2,0,0.08967403488319957,0.0,0.08967403488319957,100.0
consume,2,0,0.08967403488319957,0.0,0.08967403488319957,100.0
roommates,2,0,0.08967403488319957,0.0,0.08967403488319957,100.0
grads,2,0,0.08967403488319957,0.0,0.08967403488319957,100.0
adopt,2,0,0.08967403488319957,0.0,0.08967403488319957,100.0
tackling,2,0,0.08967403488319957,0.0,0.08967403488319957,100.0
hyperdrive,2,0,0.08967403488319957,0.0,0.08967403488319957,100.0
cocacola,2,0,0.08967403488319957,0.0,0.08967403488319957,100.0
resume,2,0,0.08967403488319957,0.0,0.08967403488319957,100.0
weed,2,0,0.08967403488319957,0.0,0.08967403488319957,100.0
prep,2,0,0.08967403488319957,0.0,0.08967403488319957,100.0
dynamic,2,0,0.08967403488319957,0.0,0.08967403488319957,100.0
campus,2,0,0.08967403488319957,0.0,0.08967403488319957,100.0
rsync,2,0,0.08967403488319957,0.0,0.08967403488319957,100.0
conrad,2,0,0.08967403488319957,0.0,0.08967403488319957,100.0
refuse,2,0,0.08967403488319957,0.0,0.08967403488319957,100.0
ifttt,2,0,0.08967403488319957,0.0,0.08967403488319957,100.0
ebays,2,0,0.08967403488319957,0.0,0.08967403488319957,100.0
liron,2,0,0.08967403488319957,0.0,0.08967403488319957,100.0
privacy,2,0,0.08967403488319957,0.0,0.08967403488319957,100.0
mastercard,2,0,0.08967403488319957,0.0,0.08967403488319957,100.0
gmv,2,0,0.08967403488319957,0.0,0.08967403488319957,100.0
count,2,0,0.08967403488319957,0.0,0.08967403488319957,100.0
huffington,2,0,0.08967403488319957,0.0,0.08967403488319957,100.0
promotional,2,0,0.08967403488319957,0.0,0.08967403488319957,100.0
lowering,2,0,0.08967403488319957,0.0,0.08967403488319957,100.0
guardrails,2,0,0.08967403488319957,0.0,0.08967403488319957,100.0
balanced,2,0,0.08967403488319957,0.0,0.08967403488319957,100.0
verified,2,0,0.08967403488319957,0.0,0.08967403488319957,100.0
suggestions,2,0,0.08967403488319957,0.0,0.08967403488319957,100.0
canvases,2,0,0.08967403488319957,0.0,0.08967403488319957,100.0
databricks,2,0,0.08967403488319957,0.0,0.08967403488319957,100.0
certified,2,0,0.08967403488319957,0.0,0.08967403488319957,100.0
gaining,2,0,0.08967403488319957,0.0,0.08967403488319957,100.0
willingness,2,0,0.08967403488319957,0.0,0.08967403488319957,100.0
eradication,2,0,0.08967403488319957,0.0,0.08967403488319957,100.0
weaknesses,2,0,0.08967403488319957,0.0,0.08967403488319957,100.0
carbonite,2,0,0.08967403488319957,0.0,0.08967403488319957,100.0
careerchanging,2,0,0.08967403488319957,0.0,0.08967403488319957,100.0
executive,2,0,0.08967403488319957,0.0,0.08967403488319957,100.0
maintenance,2,0,0.08967403488319957,0.0,0.08967403488319957,100.0
trusted,2,0,0.08967403488319957,0.0,0.08967403488319957,100.0
influential,2,0,0.08967403488319957,0.0,0.08967403488319957,100.0
counterfeit,2,0,0.08967403488319957,0.0,0.08967403488319957,100.0
vscode,2,0,0.08967403488319957,0.0,0.08967403488319957,100.0
wear,2,0,0.08967403488319957,0.0,0.08967403488319957,100.0
arnaud,2,0,0.08967403488319957,0.0,0.08967403488319957,100.0
fitting,2,0,0.08967403488319957,0.0,0.08967403488319957,100.0
approval,2,0,0.08967403488319957,0.0,0.08967403488319957,100.0
distinct,2,0,0.08967403488319957,0.0,0.08967403488319957,100.0
checked,2,0,0.08967403488319957,0.0,0.08967403488319957,100.0
lights,2,0,0.08967403488319957,0.0,0.08967403488319957,100.0
burger,2,0,0.08967403488319957,0.0,0.08967403488319957,100.0
accustomed,2,0,0.08967403488319957,0.0,0.08967403488319957,100.0
mins,2,0,0.08967403488319957,0.0,0.08967403488319957,100.0
safes,2,0,0.08967403488319957,0.0,0.08967403488319957,100.0
deduction,2,0,0.08967403488319957,0.0,0.08967403488319957,100.0
itunes,2,0,0.08967403488319957,0.0,0.08967403488319957,100.0
protected,2,0,0.08967403488319957,0.0,0.08967403488319957,100.0
conferencing,2,0,0.08967403488319957,0.0,0.08967403488319957,100.0
quotidian,2,0,0.08967403488319957,0.0,0.08967403488319957,100.0
wiley,2,0,0.08967403488319957,0.0,0.08967403488319957,100.0
screening,2,0,0.08967403488319957,0.0,0.08967403488319957,100.0
networked,2,0,0.08967403488319957,0.0,0.08967403488319957,100.0
canada,2,0,0.08967403488319957,0.0,0.08967403488319957,100.0
scientist,2,0,0.08967403488319957,0.0,0.08967403488319957,100.0
error,2,0,0.08967403488319957,0.0,0.08967403488319957,100.0
uncover,2,0,0.08967403488319957,0.0,0.08967403488319957,100.0
contains,2,0,0.08967403488319957,0.0,0.08967403488319957,100.0
cycles,2,0,0.08967403488319957,0.0,0.08967403488319957,100.0
gems,2,0,0.08967403488319957,0.0,0.08967403488319957,100.0
inhaling,2,0,0.08967403488319957,0.0,0.08967403488319957,100.0
robust,2,0,0.08967403488319957,0.0,0.08967403488319957,100.0
daytoday,2,0,0.08967403488319957,0.0,0.08967403488319957,100.0
depends,2,0,0.08967403488319957,0.0,0.08967403488319957,100.0
fis,2,0,0.08967403488319957,0.0,0.08967403488319957,100.0
tiered,2,0,0.08967403488319957,0.0,0.08967403488319957,100.0
exchangeable,2,0,0.08967403488319957,0.0,0.08967403488319957,100.0
menstruation,2,0,0.08967403488319957,0.0,0.08967403488319957,100.0
vidyard,2,0,0.08967403488319957,0.0,0.08967403488319957,100.0
effectiveness,2,0,0.08967403488319957,0.0,0.08967403488319957,100.0
newest,2,0,0.08967403488319957,0.0,0.08967403488319957,100.0
preview,2,0,0.08967403488319957,0.0,0.08967403488319957,100.0
pilot,2,0,0.08967403488319957,0.0,0.08967403488319957,100.0
secured,2,0,0.08967403488319957,0.0,0.08967403488319957,100.0
sao,2,0,0.08967403488319957,0.0,0.08967403488319957,100.0
herve,2,0,0.08967403488319957,0.0,0.08967403488319957,100.0
lagos,2,0,0.08967403488319957,0.0,0.08967403488319957,100.0
datoral,2,0,0.08967403488319957,0.0,0.08967403488319957,100.0
zappos,2,0,0.08967403488319957,0.0,0.08967403488319957,100.0
embeddable,2,0,0.08967403488319957,0.0,0.08967403488319957,100.0
automation,2,0,0.08967403488319957,0.0,0.08967403488319957,100.0
sandia,2,0,0.08967403488319957,0.0,0.08967403488319957,100.0
donated,2,0,0.08967403488319957,0.0,0.08967403488319957,100.0
israel,2,0,0.08967403488319957,0.0,0.08967403488319957,100.0
selfpublishing,2,0,0.08967403488319957,0.0,0.08967403488319957,100.0
greatest,2,0,0.08967403488319957,0.0,0.08967403488319957,100.0
relations,2,0,0.08967403488319957,0.0,0.08967403488319957,100.0
jan,2,0,0.08967403488319957,0.0,0.08967403488319957,100.0
reps,2,0,0.08967403488319957,0.0,0.08967403488319957,100.0
partnered,2,0,0.08967403488319957,0.0,0.08967403488319957,100.0
mindshare,2,0,0.08967403488319957,0.0,0.08967403488319957,100.0
paulo,2,0,0.08967403488319957,0.0,0.08967403488319957,100.0
christophe,2,0,0.08967403488319957,0.0,0.08967403488319957,100.0
converting,2,0,0.08967403488319957,0.0,0.08967403488319957,100.0
gregs,2,0,0.08967403488319957,0.0,0.08967403488319957,100.0
merck,2,0,0.08967403488319957,0.0,0.08967403488319957,100.0
mixed,2,0,0.08967403488319957,0.0,0.08967403488319957,100.0
preferred,2,0,0.08967403488319957,0.0,0.08967403488319957,100.0
obviously,2,0,0.08967403488319957,0.0,0.08967403488319957,100.0
runner,2,0,0.08967403488319957,0.0,0.08967403488319957,100.0
morphed,2,0,0.08967403488319957,0.0,0.08967403488319957,100.0
purdue,2,0,0.08967403488319957,0.0,0.08967403488319957,100.0
webbased,2,0,0.08967403488319957,0.0,0.08967403488319957,100.0
buggy,2,0,0.08967403488319957,0.0,0.08967403488319957,100.0
responsibility,2,0,0.08967403488319957,0.0,0.08967403488319957,100.0
compelling,2,0,0.08967403488319957,0.0,0.08967403488319957,100.0
bcc,2,0,0.08967403488319957,0.0,0.08967403488319957,100.0
validation,2,0,0.08967403488319957,0.0,0.08967403488319957,100.0
tooling,2,0,0.08967403488319957,0.0,0.08967403488319957,100.0
midfeb,2,0,0.08967403488319957,0.0,0.08967403488319957,100.0
validated,2,0,0.08967403488319957,0.0,0.08967403488319957,100.0
departments,2,0,0.08967403488319957,0.0,0.08967403488319957,100.0
shutdown,2,0,0.08967403488319957,0.0,0.08967403488319957,100.0
inclined,2,0,0.08967403488319957,0.0,0.08967403488319957,100.0
retirement,2,0,0.08967403488319957,0.0,0.08967403488319957,100.0
manufacturerswe,2,0,0.08967403488319957,0.0,0.08967403488319957,100.0
battery,2,0,0.08967403488319957,0.0,0.08967403488319957,100.0
primitives,2,0,0.08967403488319957,0.0,0.08967403488319957,100.0
smallpox,2,0,0.08967403488319957,0.0,0.08967403488319957,100.0
subscriptionbased,2,0,0.08967403488319957,0.0,0.08967403488319957,100.0
consultant,2,0,0.08967403488319957,0.0,0.08967403488319957,100.0
indepth,2,0,0.08967403488319957,0.0,0.08967403488319957,100.0
endure,2,0,0.08967403488319957,0.0,0.08967403488319957,100.0
history,2,0,0.08967403488319957,0.0,0.08967403488319957,100.0
icracked,2,0,0.08967403488319957,0.0,0.08967403488319957,100.0
angel,2,0,0.08967403488319957,0.0,0.08967403488319957,100.0
opensocial,2,0,0.08967403488319957,0.0,0.08967403488319957,100.0
requiring,2,0,0.08967403488319957,0.0,0.08967403488319957,100.0
estimated,2,0,0.08967403488319957,0.0,0.08967403488319957,100.0
dmitriy,2,0,0.08967403488319957,0.0,0.08967403488319957,100.0
outsourcers,2,0,0.08967403488319957,0.0,0.08967403488319957,100.0
inspect,2,0,0.08967403488319957,0.0,0.08967403488319957,100.0
align,2,0,0.08967403488319957,0.0,0.08967403488319957,100.0
sytse,2,0,0.08967403488319957,0.0,0.08967403488319957,100.0
uncomfortable,2,0,0.08967403488319957,0.0,0.08967403488319957,100.0
screenshot,2,0,0.08967403488319957,0.0,0.08967403488319957,100.0
empower,2,0,0.08967403488319957,0.0,0.08967403488319957,100.0
playbook,2,0,0.08967403488319957,0.0,0.08967403488319957,100.0
60yr,2,0,0.08967403488319957,0.0,0.08967403488319957,100.0
whereas,2,0,0.08967403488319957,0.0,0.08967403488319957,100.0
served,2,0,0.08967403488319957,0.0,0.08967403488319957,100.0
shopping,2,0,0.08967403488319957,0.0,0.08967403488319957,100.0
accidents,2,0,0.08967403488319957,0.0,0.08967403488319957,100.0
payouts,2,0,0.08967403488319957,0.0,0.08967403488319957,100.0
bug,2,0,0.08967403488319957,0.0,0.08967403488319957,100.0
abstract,2,0,0.08967403488319957,0.0,0.08967403488319957,100.0
stages,2,0,0.08967403488319957,0.0,0.08967403488319957,100.0
downloaded,2,0,0.08967403488319957,0.0,0.08967403488319957,100.0
panties,2,0,0.08967403488319957,0.0,0.08967403488319957,100.0
getco,2,0,0.08967403488319957,0.0,0.08967403488319957,100.0
volunteers,2,0,0.08967403488319957,0.0,0.08967403488319957,100.0
jpmorgan,2,0,0.08967403488319957,0.0,0.08967403488319957,100.0
introduction,2,0,0.08967403488319957,0.0,0.08967403488319957,100.0
cup,2,0,0.08967403488319957,0.0,0.08967403488319957,100.0
scammers,2,0,0.08967403488319957,0.0,0.08967403488319957,100.0
entrepreneur,2,0,0.08967403488319957,0.0,0.08967403488319957,100.0
hybrid,2,0,0.08967403488319957,0.0,0.08967403488319957,100.0
transfers,2,0,0.08967403488319957,0.0,0.08967403488319957,100.0
converts,2,0,0.08967403488319957,0.0,0.08967403488319957,100.0
40k,2,0,0.08967403488319957,0.0,0.08967403488319957,100.0
takalani,2,0,0.08967403488319957,0.0,0.08967403488319957,100.0
venmo,2,0,0.08967403488319957,0.0,0.08967403488319957,100.0
englands,2,0,0.08967403488319957,0.0,0.08967403488319957,100.0
lock,2,0,0.08967403488319957,0.0,0.08967403488319957,100.0
infra,2,0,0.08967403488319957,0.0,0.08967403488319957,100.0
draw,2,0,0.08967403488319957,0.0,0.08967403488319957,100.0
honestly,2,0,0.08967403488319957,0.0,0.08967403488319957,100.0
retaining,2,0,0.08967403488319957,0.0,0.08967403488319957,100.0
locket,2,0,0.08967403488319957,0.0,0.08967403488319957,100.0
broader,2,0,0.08967403488319957,0.0,0.08967403488319957,100.0
discomfort,2,0,0.08967403488319957,0.0,0.08967403488319957,100.0
erika,2,0,0.08967403488319957,0.0,0.08967403488319957,100.0
midnovember,2,0,0.08967403488319957,0.0,0.08967403488319957,100.0
annoying,2,0,0.08967403488319957,0.0,0.08967403488319957,100.0
anymore,2,0,0.08967403488319957,0.0,0.08967403488319957,100.0
marketo,2,0,0.08967403488319957,0.0,0.08967403488319957,100.0
requestresponse,2,0,0.08967403488319957,0.0,0.08967403488319957,100.0
presentation,2,0,0.08967403488319957,0.0,0.08967403488319957,100.0
misaligned,2,0,0.08967403488319957,0.0,0.08967403488319957,100.0
rocket,2,0,0.08967403488319957,0.0,0.08967403488319957,100.0
treat,2,0,0.08967403488319957,0.0,0.08967403488319957,100.0
theatre,2,0,0.08967403488319957,0.0,0.08967403488319957,100.0
brick,2,0,0.08967403488319957,0.0,0.08967403488319957,100.0
ec2,2,0,0.08967403488319957,0.0,0.08967403488319957,100.0
kokoko,2,0,0.08967403488319957,0.0,0.08967403488319957,100.0
itll,2,0,0.08967403488319957,0.0,0.08967403488319957,100.0
azure,2,0,0.08967403488319957,0.0,0.08967403488319957,100.0
mathematically,2,0,0.08967403488319957,0.0,0.08967403488319957,100.0
yeast,2,0,0.08967403488319957,0.0,0.08967403488319957,100.0
regional,2,0,0.08967403488319957,0.0,0.08967403488319957,100.0
suggested,2,0,0.08967403488319957,0.0,0.08967403488319957,100.0
respectively,2,0,0.08967403488319957,0.0,0.08967403488319957,100.0
cos,2,0,0.08967403488319957,0.0,0.08967403488319957,100.0
buenos,2,0,0.08967403488319957,0.0,0.08967403488319957,100.0
bathrooms,2,0,0.08967403488319957,0.0,0.08967403488319957,100.0
express,2,0,0.08967403488319957,0.0,0.08967403488319957,100.0
lior,2,0,0.08967403488319957,0.0,0.08967403488319957,100.0
sphere,2,0,0.08967403488319957,0.0,0.08967403488319957,100.0
optimizely,2,0,0.08967403488319957,0.0,0.08967403488319957,100.0
football,2,0,0.08967403488319957,0.0,0.08967403488319957,100.0
beach,2,0,0.08967403488319957,0.0,0.08967403488319957,100.0
domains,2,0,0.08967403488319957,0.0,0.08967403488319957,100.0
column,2,0,0.08967403488319957,0.0,0.08967403488319957,100.0
cream,2,0,0.08967403488319957,0.0,0.08967403488319957,100.0
gen,2,0,0.08967403488319957,0.0,0.08967403488319957,100.0
intercom,2,0,0.08967403488319957,0.0,0.08967403488319957,100.0
condition,2,0,0.08967403488319957,0.0,0.08967403488319957,100.0
autonomous,2,0,0.08967403488319957,0.0,0.08967403488319957,100.0
datingrelationship,2,0,0.08967403488319957,0.0,0.08967403488319957,100.0
muzzammil,2,0,0.08967403488319957,0.0,0.08967403488319957,100.0
checkin,2,0,0.08967403488319957,0.0,0.08967403488319957,100.0
nextday,2,0,0.08967403488319957,0.0,0.08967403488319957,100.0
abstraction,2,0,0.08967403488319957,0.0,0.08967403488319957,100.0
bitcoins,2,0,0.08967403488319957,0.0,0.08967403488319957,100.0
incentivized,2,0,0.08967403488319957,0.0,0.08967403488319957,100.0
applicants,2,0,0.08967403488319957,0.0,0.08967403488319957,100.0
versioning,2,0,0.08967403488319957,0.0,0.08967403488319957,100.0
sees,2,0,0.08967403488319957,0.0,0.08967403488319957,100.0
jimmyjane,2,0,0.08967403488319957,0.0,0.08967403488319957,100.0
legacy,2,0,0.08967403488319957,0.0,0.08967403488319957,100.0
programmatically,2,0,0.08967403488319957,0.0,0.08967403488319957,100.0
consignment,2,0,0.08967403488319957,0.0,0.08967403488319957,100.0
70k,2,0,0.08967403488319957,0.0,0.08967403488319957,100.0
confluence,2,0,0.08967403488319957,0.0,0.08967403488319957,100.0
investor,2,0,0.08967403488319957,0.0,0.08967403488319957,100.0
medium,2,0,0.08967403488319957,0.0,0.08967403488319957,100.0
stored,2,0,0.08967403488319957,0.0,0.08967403488319957,100.0
configuration,2,0,0.08967403488319957,0.0,0.08967403488319957,100.0
pan,2,0,0.08967403488319957,0.0,0.08967403488319957,100.0
99c,2,0,0.08967403488319957,0.0,0.08967403488319957,100.0
highticket,2,0,0.08967403488319957,0.0,0.08967403488319957,100.0
maintained,2,0,0.08967403488319957,0.0,0.08967403488319957,100.0
pierre,2,0,0.08967403488319957,0.0,0.08967403488319957,100.0
affordable,2,0,0.08967403488319957,0.0,0.08967403488319957,100.0
warsquared,2,0,0.08967403488319957,0.0,0.08967403488319957,100.0
emerging,2,0,0.08967403488319957,0.0,0.08967403488319957,100.0
proximity,2,0,0.08967403488319957,0.0,0.08967403488319957,100.0
dramatically,2,0,0.08967403488319957,0.0,0.08967403488319957,100.0
pullmerge,2,0,0.08967403488319957,0.0,0.08967403488319957,100.0
consumption,2,0,0.08967403488319957,0.0,0.08967403488319957,100.0
leger,2,0,0.08967403488319957,0.0,0.08967403488319957,100.0
fakers,2,0,0.08967403488319957,0.0,0.08967403488319957,100.0
phoenix,2,0,0.08967403488319957,0.0,0.08967403488319957,100.0
proposal,2,0,0.08967403488319957,0.0,0.08967403488319957,100.0
beat,2,0,0.08967403488319957,0.0,0.08967403488319957,100.0
composed,2,0,0.08967403488319957,0.0,0.08967403488319957,100.0
kpmg,2,0,0.08967403488319957,0.0,0.08967403488319957,100.0
plagiarism,2,0,0.08967403488319957,0.0,0.08967403488319957,100.0
obsidian,2,0,0.08967403488319957,0.0,0.08967403488319957,100.0
edge,2,0,0.08967403488319957,0.0,0.08967403488319957,100.0
claire,2,0,0.08967403488319957,0.0,0.08967403488319957,100.0
item,2,0,0.08967403488319957,0.0,0.08967403488319957,100.0
safer,2,0,0.08967403488319957,0.0,0.08967403488319957,100.0
periods,2,0,0.08967403488319957,0.0,0.08967403488319957,100.0
donors,2,0,0.08967403488319957,0.0,0.08967403488319957,100.0
pseudoauction,2,0,0.08967403488319957,0.0,0.08967403488319957,100.0
robin,2,0,0.08967403488319957,0.0,0.08967403488319957,100.0
margins,2,0,0.08967403488319957,0.0,0.08967403488319957,100.0
sophomore,2,0,0.08967403488319957,0.0,0.08967403488319957,100.0
wordofmouth,2,0,0.08967403488319957,0.0,0.08967403488319957,100.0
chemistry,2,0,0.08967403488319957,0.0,0.08967403488319957,100.0
enjoyed,2,0,0.08967403488319957,0.0,0.08967403488319957,100.0
referring,2,0,0.08967403488319957,0.0,0.08967403488319957,100.0
endtoend,2,0,0.08967403488319957,0.0,0.08967403488319957,100.0
male,2,0,0.08967403488319957,0.0,0.08967403488319957,100.0
embed,2,0,0.08967403488319957,0.0,0.08967403488319957,100.0
slower,2,0,0.08967403488319957,0.0,0.08967403488319957,100.0
awhile,2,0,0.08967403488319957,0.0,0.08967403488319957,100.0
keeps,2,0,0.08967403488319957,0.0,0.08967403488319957,100.0
boiler,2,0,0.08967403488319957,0.0,0.08967403488319957,100.0
smalltown,2,0,0.08967403488319957,0.0,0.08967403488319957,100.0
arrived,2,0,0.08967403488319957,0.0,0.08967403488319957,100.0
technology,28,23,1.255436488364794,1.167038765983357,0.08839772238143695,7.574531794318955
difficult,11,8,0.4932071918575976,0.40592652729855894,0.08728066455903866,21.501591714119176
put,11,8,0.4932071918575976,0.40592652729855894,0.08728066455903866,21.501591714119176
goal,11,8,0.4932071918575976,0.40592652729855894,0.08728066455903866,21.501591714119176
low,11,8,0.4932071918575976,0.40592652729855894,0.08728066455903866,21.501591714119176
friendly,3,1,0.13451105232479937,0.05074081591231987,0.0837702364124795,165.09438192171461
scientists,3,1,0.13451105232479937,0.05074081591231987,0.0837702364124795,165.09438192171461
incorporation,3,1,0.13451105232479937,0.05074081591231987,0.0837702364124795,165.09438192171461
patent,3,1,0.13451105232479937,0.05074081591231987,0.0837702364124795,165.09438192171461
speaking,3,1,0.13451105232479937,0.05074081591231987,0.0837702364124795,165.09438192171461
route,3,1,0.13451105232479937,0.05074081591231987,0.0837702364124795,165.09438192171461
spotify,3,1,0.13451105232479937,0.05074081591231987,0.0837702364124795,165.09438192171461
enhance,3,1,0.13451105232479937,0.05074081591231987,0.0837702364124795,165.09438192171461
ease,3,1,0.13451105232479937,0.05074081591231987,0.0837702364124795,165.09438192171461
worry,3,1,0.13451105232479937,0.05074081591231987,0.0837702364124795,165.09438192171461
broad,3,1,0.13451105232479937,0.05074081591231987,0.0837702364124795,165.09438192171461
self,3,1,0.13451105232479937,0.05074081591231987,0.0837702364124795,165.09438192171461
corporates,3,1,0.13451105232479937,0.05074081591231987,0.0837702364124795,165.09438192171461
excited,3,1,0.13451105232479937,0.05074081591231987,0.0837702364124795,165.09438192171461
trend,3,1,0.13451105232479937,0.05074081591231987,0.0837702364124795,165.09438192171461
behavior,3,1,0.13451105232479937,0.05074081591231987,0.0837702364124795,165.09438192171461
raising,3,1,0.13451105232479937,0.05074081591231987,0.0837702364124795,165.09438192171461
warehouse,3,1,0.13451105232479937,0.05074081591231987,0.0837702364124795,165.09438192171461
cheaper,3,1,0.13451105232479937,0.05074081591231987,0.0837702364124795,165.09438192171461
contributors,3,1,0.13451105232479937,0.05074081591231987,0.0837702364124795,165.09438192171461
pocket,3,1,0.13451105232479937,0.05074081591231987,0.0837702364124795,165.09438192171461
sponsored,3,1,0.13451105232479937,0.05074081591231987,0.0837702364124795,165.09438192171461
recognized,3,1,0.13451105232479937,0.05074081591231987,0.0837702364124795,165.09438192171461
savings,3,1,0.13451105232479937,0.05074081591231987,0.0837702364124795,165.09438192171461
incentive,3,1,0.13451105232479937,0.05074081591231987,0.0837702364124795,165.09438192171461
broken,3,1,0.13451105232479937,0.05074081591231987,0.0837702364124795,165.09438192171461
ideal,3,1,0.13451105232479937,0.05074081591231987,0.0837702364124795,165.09438192171461
highest,3,1,0.13451105232479937,0.05074081591231987,0.0837702364124795,165.09438192171461
convertible,3,1,0.13451105232479937,0.05074081591231987,0.0837702364124795,165.09438192171461
continuous,3,1,0.13451105232479937,0.05074081591231987,0.0837702364124795,165.09438192171461
userswe,3,1,0.13451105232479937,0.05074081591231987,0.0837702364124795,165.09438192171461
papers,3,1,0.13451105232479937,0.05074081591231987,0.0837702364124795,165.09438192171461
parts,3,1,0.13451105232479937,0.05074081591231987,0.0837702364124795,165.09438192171461
upload,3,1,0.13451105232479937,0.05074081591231987,0.0837702364124795,165.09438192171461
versions,3,1,0.13451105232479937,0.05074081591231987,0.0837702364124795,165.09438192171461
consultancy,3,1,0.13451105232479937,0.05074081591231987,0.0837702364124795,165.09438192171461
reliable,3,1,0.13451105232479937,0.05074081591231987,0.0837702364124795,165.09438192171461
library,3,1,0.13451105232479937,0.05074081591231987,0.0837702364124795,165.09438192171461
complexity,3,1,0.13451105232479937,0.05074081591231987,0.0837702364124795,165.09438192171461
llc,3,1,0.13451105232479937,0.05074081591231987,0.0837702364124795,165.09438192171461
speed,3,1,0.13451105232479937,0.05074081591231987,0.0837702364124795,165.09438192171461
maps,3,1,0.13451105232479937,0.05074081591231987,0.0837702364124795,165.09438192171461
raise,3,1,0.13451105232479937,0.05074081591231987,0.0837702364124795,165.09438192171461
special,3,1,0.13451105232479937,0.05074081591231987,0.0837702364124795,165.09438192171461
interests,3,1,0.13451105232479937,0.05074081591231987,0.0837702364124795,165.09438192171461
borrow,3,1,0.13451105232479937,0.05074081591231987,0.0837702364124795,165.09438192171461
ambitious,3,1,0.13451105232479937,0.05074081591231987,0.0837702364124795,165.09438192171461
alumni,3,1,0.13451105232479937,0.05074081591231987,0.0837702364124795,165.09438192171461
simultaneously,3,1,0.13451105232479937,0.05074081591231987,0.0837702364124795,165.09438192171461
luxury,3,1,0.13451105232479937,0.05074081591231987,0.0837702364124795,165.09438192171461
math,3,1,0.13451105232479937,0.05074081591231987,0.0837702364124795,165.09438192171461
strategic,3,1,0.13451105232479937,0.05074081591231987,0.0837702364124795,165.09438192171461
inperson,3,1,0.13451105232479937,0.05074081591231987,0.0837702364124795,165.09438192171461
paycheck,3,1,0.13451105232479937,0.05074081591231987,0.0837702364124795,165.09438192171461
reference,3,1,0.13451105232479937,0.05074081591231987,0.0837702364124795,165.09438192171461
surveys,3,1,0.13451105232479937,0.05074081591231987,0.0837702364124795,165.09438192171461
url,3,1,0.13451105232479937,0.05074081591231987,0.0837702364124795,165.09438192171461
therefore,3,1,0.13451105232479937,0.05074081591231987,0.0837702364124795,165.09438192171461
ccorp,3,1,0.13451105232479937,0.05074081591231987,0.0837702364124795,165.09438192171461
heart,3,1,0.13451105232479937,0.05074081591231987,0.0837702364124795,165.09438192171461
forms,3,1,0.13451105232479937,0.05074081591231987,0.0837702364124795,165.09438192171461
adwords,3,1,0.13451105232479937,0.05074081591231987,0.0837702364124795,165.09438192171461
calling,3,1,0.13451105232479937,0.05074081591231987,0.0837702364124795,165.09438192171461
loyalty,3,1,0.13451105232479937,0.05074081591231987,0.0837702364124795,165.09438192171461
strongly,3,1,0.13451105232479937,0.05074081591231987,0.0837702364124795,165.09438192171461
experienced,3,1,0.13451105232479937,0.05074081591231987,0.0837702364124795,165.09438192171461
point,12,9,0.5380442092991975,0.4566673432108788,0.08137686608831868,17.81972529853983
wasnt,4,2,0.17934806976639914,0.10148163182463973,0.0778664379417594,76.72958794780972
comfortable,4,2,0.17934806976639914,0.10148163182463973,0.0778664379417594,76.72958794780972
modern,4,2,0.17934806976639914,0.10148163182463973,0.0778664379417594,76.72958794780972
realize,4,2,0.17934806976639914,0.10148163182463973,0.0778664379417594,76.72958794780972
techniques,4,2,0.17934806976639914,0.10148163182463973,0.0778664379417594,76.72958794780972
applying,4,2,0.17934806976639914,0.10148163182463973,0.0778664379417594,76.72958794780972
seed,4,2,0.17934806976639914,0.10148163182463973,0.0778664379417594,76.72958794780972
convenience,4,2,0.17934806976639914,0.10148163182463973,0.0778664379417594,76.72958794780972
careers,4,2,0.17934806976639914,0.10148163182463973,0.0778664379417594,76.72958794780972
attention,4,2,0.17934806976639914,0.10148163182463973,0.0778664379417594,76.72958794780972
amazing,4,2,0.17934806976639914,0.10148163182463973,0.0778664379417594,76.72958794780972
war,4,2,0.17934806976639914,0.10148163182463973,0.0778664379417594,76.72958794780972
interactions,4,2,0.17934806976639914,0.10148163182463973,0.0778664379417594,76.72958794780972
andor,4,2,0.17934806976639914,0.10148163182463973,0.0778664379417594,76.72958794780972
connecting,4,2,0.17934806976639914,0.10148163182463973,0.0778664379417594,76.72958794780972
vendors,4,2,0.17934806976639914,0.10148163182463973,0.0778664379417594,76.72958794780972
layer,4,2,0.17934806976639914,0.10148163182463973,0.0778664379417594,76.72958794780972
documents,4,2,0.17934806976639914,0.10148163182463973,0.0778664379417594,76.72958794780972
leaving,4,2,0.17934806976639914,0.10148163182463973,0.0778664379417594,76.72958794780972
considering,4,2,0.17934806976639914,0.10148163182463973,0.0778664379417594,76.72958794780972
stack,4,2,0.17934806976639914,0.10148163182463973,0.0778664379417594,76.72958794780972
seattle,4,2,0.17934806976639914,0.10148163182463973,0.0778664379417594,76.72958794780972
law,4,2,0.17934806976639914,0.10148163182463973,0.0778664379417594,76.72958794780972
complex,4,2,0.17934806976639914,0.10148163182463973,0.0778664379417594,76.72958794780972
nope,4,2,0.17934806976639914,0.10148163182463973,0.0778664379417594,76.72958794780972
happen,4,2,0.17934806976639914,0.10148163182463973,0.0778664379417594,76.72958794780972
uber,4,2,0.17934806976639914,0.10148163182463973,0.0778664379417594,76.72958794780972
advised,4,2,0.17934806976639914,0.10148163182463973,0.0778664379417594,76.72958794780972
newsletter,4,2,0.17934806976639914,0.10148163182463973,0.0778664379417594,76.72958794780972
immediate,4,2,0.17934806976639914,0.10148163182463973,0.0778664379417594,76.72958794780972
caused,4,2,0.17934806976639914,0.10148163182463973,0.0778664379417594,76.72958794780972
exactly,4,2,0.17934806976639914,0.10148163182463973,0.0778664379417594,76.72958794780972
click,4,2,0.17934806976639914,0.10148163182463973,0.0778664379417594,76.72958794780972
piece,4,2,0.17934806976639914,0.10148163182463973,0.0778664379417594,76.72958794780972
segment,4,2,0.17934806976639914,0.10148163182463973,0.0778664379417594,76.72958794780972
scale,13,10,0.5828812267407972,0.5074081591231987,0.07547306761759853,14.874232166076318
started,39,33,1.7486436802223917,1.674446925106556,0.07419675511583579,4.431120150978459
community,22,18,0.9864143837151952,0.9133346864217576,0.07307969729343755,8.001414856994819
ground,5,3,0.22418508720799893,0.15222244773695962,0.07196263947103931,47.274656623174764
society,5,3,0.22418508720799893,0.15222244773695962,0.07196263947103931,47.274656623174764
country,5,3,0.22418508720799893,0.15222244773695962,0.07196263947103931,47.274656623174764
deep,5,3,0.22418508720799893,0.15222244773695962,0.07196263947103931,47.274656623174764
usually,5,3,0.22418508720799893,0.15222244773695962,0.07196263947103931,47.274656623174764
study,5,3,0.22418508720799893,0.15222244773695962,0.07196263947103931,47.274656623174764
second,5,3,0.22418508720799893,0.15222244773695962,0.07196263947103931,47.274656623174764
earned,5,3,0.22418508720799893,0.15222244773695962,0.07196263947103931,47.274656623174764
personally,5,3,0.22418508720799893,0.15222244773695962,0.07196263947103931,47.274656623174764
creation,5,3,0.22418508720799893,0.15222244773695962,0.07196263947103931,47.274656623174764
march,5,3,0.22418508720799893,0.15222244773695962,0.07196263947103931,47.274656623174764
risk,5,3,0.22418508720799893,0.15222244773695962,0.07196263947103931,47.274656623174764
solved,5,3,0.22418508720799893,0.15222244773695962,0.07196263947103931,47.274656623174764
efforts,5,3,0.22418508720799893,0.15222244773695962,0.07196263947103931,47.274656623174764
distribution,5,3,0.22418508720799893,0.15222244773695962,0.07196263947103931,47.274656623174764
introduced,5,3,0.22418508720799893,0.15222244773695962,0.07196263947103931,47.274656623174764
metrics,5,3,0.22418508720799893,0.15222244773695962,0.07196263947103931,47.274656623174764
otherwise,5,3,0.22418508720799893,0.15222244773695962,0.07196263947103931,47.274656623174764
evidence,5,3,0.22418508720799893,0.15222244773695962,0.07196263947103931,47.274656623174764
python,5,3,0.22418508720799893,0.15222244773695962,0.07196263947103931,47.274656623174764
seeing,5,3,0.22418508720799893,0.15222244773695962,0.07196263947103931,47.274656623174764
play,5,3,0.22418508720799893,0.15222244773695962,0.07196263947103931,47.274656623174764
problem,31,26,1.3899475406895931,1.3192612137203166,0.07068632696927657,5.358023584271164
public,14,11,0.627718244182397,0.5581489750355185,0.06956926914687844,12.464283239515277
customers,57,49,2.555709994171188,2.4862999797036736,0.06941001446751427,2.7916991125015738
students,23,19,1.031251401156795,0.9640755023340776,0.06717589882271746,6.967908494726925
active,23,19,1.031251401156795,0.9640755023340776,0.06717589882271746,6.967908494726925
beginning,6,4,0.26902210464959875,0.20296326364927947,0.06605884100031928,32.54719096085731
accounts,6,4,0.26902210464959875,0.20296326364927947,0.06605884100031928,32.54719096085731
center,6,4,0.26902210464959875,0.20296326364927947,0.06605884100031928,32.54719096085731
january,6,4,0.26902210464959875,0.20296326364927947,0.06605884100031928,32.54719096085731
campaign,6,4,0.26902210464959875,0.20296326364927947,0.06605884100031928,32.54719096085731
client,6,4,0.26902210464959875,0.20296326364927947,0.06605884100031928,32.54719096085731
ask,6,4,0.26902210464959875,0.20296326364927947,0.06605884100031928,32.54719096085731
figure,6,4,0.26902210464959875,0.20296326364927947,0.06605884100031928,32.54719096085731
said,6,4,0.26902210464959875,0.20296326364927947,0.06605884100031928,32.54719096085731
bay,6,4,0.26902210464959875,0.20296326364927947,0.06605884100031928,32.54719096085731
closely,6,4,0.26902210464959875,0.20296326364927947,0.06605884100031928,32.54719096085731
goes,6,4,0.26902210464959875,0.20296326364927947,0.06605884100031928,32.54719096085731
released,6,4,0.26902210464959875,0.20296326364927947,0.06605884100031928,32.54719096085731
venture,6,4,0.26902210464959875,0.20296326364927947,0.06605884100031928,32.54719096085731
date,6,4,0.26902210464959875,0.20296326364927947,0.06605884100031928,32.54719096085731
niche,6,4,0.26902210464959875,0.20296326364927947,0.06605884100031928,32.54719096085731
launch,15,12,0.6725552616239968,0.6088897909478385,0.06366547067615835,10.455992467381073
private,15,12,0.6725552616239968,0.6088897909478385,0.06366547067615835,10.455992467381073
current,24,20,1.076088418598395,1.0148163182463974,0.061272100351997594,6.037752768685843
provide,24,20,1.076088418598395,1.0148163182463974,0.061272100351997594,6.037752768685843
plan,24,20,1.076088418598395,1.0148163182463974,0.061272100351997594,6.037752768685843
opportunities,7,5,0.3138591220911985,0.25370407956159935,0.060155042529599134,23.710711563466795
throughout,7,5,0.3138591220911985,0.25370407956159935,0.060155042529599134,23.710711563466795
buy,7,5,0.3138591220911985,0.25370407956159935,0.060155042529599134,23.710711563466795
individual,7,5,0.3138591220911985,0.25370407956159935,0.060155042529599134,23.710711563466795
june,7,5,0.3138591220911985,0.25370407956159935,0.060155042529599134,23.710711563466795
giving,7,5,0.3138591220911985,0.25370407956159935,0.060155042529599134,23.710711563466795
head,7,5,0.3138591220911985,0.25370407956159935,0.060155042529599134,23.710711563466795
decision,7,5,0.3138591220911985,0.25370407956159935,0.060155042529599134,23.710711563466795
looking,16,13,0.7173922790655965,0.6596306068601583,0.057761672205438264,8.756669506344442
today,16,13,0.7173922790655965,0.6596306068601583,0.057761672205438264,8.756669506344442
hes,8,6,0.3586961395327983,0.30444489547391923,0.054251244058879045,17.819725298539804
eventually,8,6,0.3586961395327983,0.30444489547391923,0.054251244058879045,17.819725298539804
internet,8,6,0.3586961395327983,0.30444489547391923,0.054251244058879045,17.819725298539804
certain,8,6,0.3586961395327983,0.30444489547391923,0.054251244058879045,17.819725298539804
couple,8,6,0.3586961395327983,0.30444489547391923,0.054251244058879045,17.819725298539804
participated,8,6,0.3586961395327983,0.30444489547391923,0.054251244058879045,17.819725298539804
one,77,67,3.4524503430031834,3.399634666125431,0.05281567687775235,1.5535691938906617
times,17,14,0.7622292965071963,0.7103714227724781,0.051857873734718174,7.300106968313042
went,9,7,0.40353315697439807,0.35518571138623906,0.04834744558815901,13.611877966449113
interested,9,7,0.40353315697439807,0.35518571138623906,0.04834744558815901,13.611877966449113
personal,18,15,0.8070663139487961,0.761112238684798,0.045954075263998084,6.037752768685829
breadboard,1,0,0.044837017441599784,0.0,0.044837017441599784,100.0
resistant,1,0,0.044837017441599784,0.0,0.044837017441599784,100.0
disciplines,1,0,0.044837017441599784,0.0,0.044837017441599784,100.0
songraptor,1,0,0.044837017441599784,0.0,0.044837017441599784,100.0
barclays,1,0,0.044837017441599784,0.0,0.044837017441599784,100.0
webservice,1,0,0.044837017441599784,0.0,0.044837017441599784,100.0
shapira,1,0,0.044837017441599784,0.0,0.044837017441599784,100.0
emailing,1,0,0.044837017441599784,0.0,0.044837017441599784,100.0
sustaining,1,0,0.044837017441599784,0.0,0.044837017441599784,100.0
liking,1,0,0.044837017441599784,0.0,0.044837017441599784,100.0
resell,1,0,0.044837017441599784,0.0,0.044837017441599784,100.0
httpsongraptorcom,1,0,0.044837017441599784,0.0,0.044837017441599784,100.0
claires,1,0,0.044837017441599784,0.0,0.044837017441599784,100.0
httptasteplugcom,1,0,0.044837017441599784,0.0,0.044837017441599784,100.0
autodesk,1,0,0.044837017441599784,0.0,0.044837017441599784,100.0
actors,1,0,0.044837017441599784,0.0,0.044837017441599784,100.0
headstart,1,0,0.044837017441599784,0.0,0.044837017441599784,100.0
harmful,1,0,0.044837017441599784,0.0,0.044837017441599784,100.0
alum,1,0,0.044837017441599784,0.0,0.044837017441599784,100.0
sql,1,0,0.044837017441599784,0.0,0.044837017441599784,100.0
floorplans,1,0,0.044837017441599784,0.0,0.044837017441599784,100.0
hike,1,0,0.044837017441599784,0.0,0.044837017441599784,100.0
hierarchiesthese,1,0,0.044837017441599784,0.0,0.044837017441599784,100.0
begins,1,0,0.044837017441599784,0.0,0.044837017441599784,100.0
developersthus,1,0,0.044837017441599784,0.0,0.044837017441599784,100.0
sns,1,0,0.044837017441599784,0.0,0.044837017441599784,100.0
conversions,1,0,0.044837017441599784,0.0,0.044837017441599784,100.0
dispute,1,0,0.044837017441599784,0.0,0.044837017441599784,100.0
playbooks,1,0,0.044837017441599784,0.0,0.044837017441599784,100.0
lifelong,1,0,0.044837017441599784,0.0,0.044837017441599784,100.0
3kif,1,0,0.044837017441599784,0.0,0.044837017441599784,100.0
payper,1,0,0.044837017441599784,0.0,0.044837017441599784,100.0
regulations,1,0,0.044837017441599784,0.0,0.044837017441599784,100.0
truth,1,0,0.044837017441599784,0.0,0.044837017441599784,100.0
misinformed,1,0,0.044837017441599784,0.0,0.044837017441599784,100.0
wificontrolled,1,0,0.044837017441599784,0.0,0.044837017441599784,100.0
350post,1,0,0.044837017441599784,0.0,0.044837017441599784,100.0
localmeanwhile,1,0,0.044837017441599784,0.0,0.044837017441599784,100.0
tule,1,0,0.044837017441599784,0.0,0.044837017441599784,100.0
surveymonkey,1,0,0.044837017441599784,0.0,0.044837017441599784,100.0
consultingfei,1,0,0.044837017441599784,0.0,0.044837017441599784,100.0
howard,1,0,0.044837017441599784,0.0,0.044837017441599784,100.0
prerecorded,1,0,0.044837017441599784,0.0,0.044837017441599784,100.0
teacher2,1,0,0.044837017441599784,0.0,0.044837017441599784,100.0
quip,1,0,0.044837017441599784,0.0,0.044837017441599784,100.0
dendronknowledge,1,0,0.044837017441599784,0.0,0.044837017441599784,100.0
dissatisfaction,1,0,0.044837017441599784,0.0,0.044837017441599784,100.0
ariseio,1,0,0.044837017441599784,0.0,0.044837017441599784,100.0
themed,1,0,0.044837017441599784,0.0,0.044837017441599784,100.0
upworkerika,1,0,0.044837017441599784,0.0,0.044837017441599784,100.0
strengths,1,0,0.044837017441599784,0.0,0.044837017441599784,100.0
lirons,1,0,0.044837017441599784,0.0,0.044837017441599784,100.0
newspapernine,1,0,0.044837017441599784,0.0,0.044837017441599784,100.0
studentsthere,1,0,0.044837017441599784,0.0,0.044837017441599784,100.0
incomes,1,0,0.044837017441599784,0.0,0.044837017441599784,100.0
keynote,1,0,0.044837017441599784,0.0,0.044837017441599784,100.0
world3,1,0,0.044837017441599784,0.0,0.044837017441599784,100.0
about3k,1,0,0.044837017441599784,0.0,0.044837017441599784,100.0
twiliosendgridcentric,1,0,0.044837017441599784,0.0,0.044837017441599784,100.0
merit,1,0,0.044837017441599784,0.0,0.044837017441599784,100.0
singing,1,0,0.044837017441599784,0.0,0.044837017441599784,100.0
anomalous,1,0,0.044837017441599784,0.0,0.044837017441599784,100.0
yourgame,1,0,0.044837017441599784,0.0,0.044837017441599784,100.0
atop,1,0,0.044837017441599784,0.0,0.044837017441599784,100.0
effortsoon,1,0,0.044837017441599784,0.0,0.044837017441599784,100.0
evolutionhttpsdannysucom20130614evolutionofbox,1,0,0.044837017441599784,0.0,0.044837017441599784,100.0
lgbtq,1,0,0.044837017441599784,0.0,0.044837017441599784,100.0
magicbells,1,0,0.044837017441599784,0.0,0.044837017441599784,100.0
55b,1,0,0.044837017441599784,0.0,0.044837017441599784,100.0
httpwwwgetdropboxcomu2dropboxinstallerexe,1,0,0.044837017441599784,0.0,0.044837017441599784,100.0
berkeley,1,0,0.044837017441599784,0.0,0.044837017441599784,100.0
secondhand,1,0,0.044837017441599784,0.0,0.044837017441599784,100.0
selective,1,0,0.044837017441599784,0.0,0.044837017441599784,100.0
anyway,1,0,0.044837017441599784,0.0,0.044837017441599784,100.0
2013james,1,0,0.044837017441599784,0.0,0.044837017441599784,100.0
flights,1,0,0.044837017441599784,0.0,0.044837017441599784,100.0
asleep,1,0,0.044837017441599784,0.0,0.044837017441599784,100.0
honda,1,0,0.044837017441599784,0.0,0.044837017441599784,100.0
subsets,1,0,0.044837017441599784,0.0,0.044837017441599784,100.0
clause,1,0,0.044837017441599784,0.0,0.044837017441599784,100.0
rolling,1,0,0.044837017441599784,0.0,0.044837017441599784,100.0
reduction,1,0,0.044837017441599784,0.0,0.044837017441599784,100.0
feesinstead,1,0,0.044837017441599784,0.0,0.044837017441599784,100.0
homegrown,1,0,0.044837017441599784,0.0,0.044837017441599784,100.0
goodlooking,1,0,0.044837017441599784,0.0,0.044837017441599784,100.0
assumption,1,0,0.044837017441599784,0.0,0.044837017441599784,100.0
yoyat,1,0,0.044837017441599784,0.0,0.044837017441599784,100.0
orrick,1,0,0.044837017441599784,0.0,0.044837017441599784,100.0
findings,1,0,0.044837017441599784,0.0,0.044837017441599784,100.0
allencompassing,1,0,0.044837017441599784,0.0,0.044837017441599784,100.0
shot,1,0,0.044837017441599784,0.0,0.044837017441599784,100.0
40myear,1,0,0.044837017441599784,0.0,0.044837017441599784,100.0
service2,1,0,0.044837017441599784,0.0,0.044837017441599784,100.0
lloyd,1,0,0.044837017441599784,0.0,0.044837017441599784,100.0
blockchain,1,0,0.044837017441599784,0.0,0.044837017441599784,100.0
s3our,1,0,0.044837017441599784,0.0,0.044837017441599784,100.0
bulky,1,0,0.044837017441599784,0.0,0.044837017441599784,100.0
nowwe,1,0,0.044837017441599784,0.0,0.044837017441599784,100.0
instalments,1,0,0.044837017441599784,0.0,0.044837017441599784,100.0
navigating,1,0,0.044837017441599784,0.0,0.044837017441599784,100.0
10usermonth,1,0,0.044837017441599784,0.0,0.044837017441599784,100.0
httpswwwyoutubecomwatchvylydmaaijfe,1,0,0.044837017441599784,0.0,0.044837017441599784,100.0
providerthere,1,0,0.044837017441599784,0.0,0.044837017441599784,100.0
static,1,0,0.044837017441599784,0.0,0.044837017441599784,100.0
programsin,1,0,0.044837017441599784,0.0,0.044837017441599784,100.0
absurd,1,0,0.044837017441599784,0.0,0.044837017441599784,100.0
correspondent,1,0,0.044837017441599784,0.0,0.044837017441599784,100.0
streamlines,1,0,0.044837017441599784,0.0,0.044837017441599784,100.0
parse,1,0,0.044837017441599784,0.0,0.044837017441599784,100.0
httpwwwuboatworxcom,1,0,0.044837017441599784,0.0,0.044837017441599784,100.0
shock,1,0,0.044837017441599784,0.0,0.044837017441599784,100.0
hell,1,0,0.044837017441599784,0.0,0.044837017441599784,100.0
rfps,1,0,0.044837017441599784,0.0,0.044837017441599784,100.0
verve,1,0,0.044837017441599784,0.0,0.044837017441599784,100.0
locallythe,1,0,0.044837017441599784,0.0,0.044837017441599784,100.0
dorothees,1,0,0.044837017441599784,0.0,0.044837017441599784,100.0
females,1,0,0.044837017441599784,0.0,0.044837017441599784,100.0
pillows,1,0,0.044837017441599784,0.0,0.044837017441599784,100.0
fatigue,1,0,0.044837017441599784,0.0,0.044837017441599784,100.0
christmas,1,0,0.044837017441599784,0.0,0.044837017441599784,100.0
resourcesaside,1,0,0.044837017441599784,0.0,0.044837017441599784,100.0
scam,1,0,0.044837017441599784,0.0,0.044837017441599784,100.0
viewing,1,0,0.044837017441599784,0.0,0.044837017441599784,100.0
transformational,1,0,0.044837017441599784,0.0,0.044837017441599784,100.0
hugely,1,0,0.044837017441599784,0.0,0.044837017441599784,100.0
httpswwwlinkedincompulsehackingstartupsgrowthgloballypedrogc3b3es,1,0,0.044837017441599784,0.0,0.044837017441599784,100.0
russiathats,1,0,0.044837017441599784,0.0,0.044837017441599784,100.0
today2,1,0,0.044837017441599784,0.0,0.044837017441599784,100.0
resigned,1,0,0.044837017441599784,0.0,0.044837017441599784,100.0
paytopost,1,0,0.044837017441599784,0.0,0.044837017441599784,100.0
latinx,1,0,0.044837017441599784,0.0,0.044837017441599784,100.0
skewed,1,0,0.044837017441599784,0.0,0.044837017441599784,100.0
bellevue,1,0,0.044837017441599784,0.0,0.044837017441599784,100.0
multilocation,1,0,0.044837017441599784,0.0,0.044837017441599784,100.0
unsexy,1,0,0.044837017441599784,0.0,0.044837017441599784,100.0
acquisitionwe,1,0,0.044837017441599784,0.0,0.044837017441599784,100.0
coss,1,0,0.044837017441599784,0.0,0.044837017441599784,100.0
dumb,1,0,0.044837017441599784,0.0,0.044837017441599784,100.0
varied,1,0,0.044837017441599784,0.0,0.044837017441599784,100.0
leed,1,0,0.044837017441599784,0.0,0.044837017441599784,100.0
cody,1,0,0.044837017441599784,0.0,0.044837017441599784,100.0
diminish,1,0,0.044837017441599784,0.0,0.044837017441599784,100.0
migrate,1,0,0.044837017441599784,0.0,0.044837017441599784,100.0
installer,1,0,0.044837017441599784,0.0,0.044837017441599784,100.0
nation,1,0,0.044837017441599784,0.0,0.044837017441599784,100.0
retailerspictures,1,0,0.044837017441599784,0.0,0.044837017441599784,100.0
obama,1,0,0.044837017441599784,0.0,0.044837017441599784,100.0
26th,1,0,0.044837017441599784,0.0,0.044837017441599784,100.0
backendwe,1,0,0.044837017441599784,0.0,0.044837017441599784,100.0
inferencethink,1,0,0.044837017441599784,0.0,0.044837017441599784,100.0
humanscale,1,0,0.044837017441599784,0.0,0.044837017441599784,100.0
beforelooking,1,0,0.044837017441599784,0.0,0.044837017441599784,100.0
challengesbattlebotshttpbattlebotswikiacomwikidecimatorhttpbattlebotswikiacomwikibotabingselfdriving,1,0,0.044837017441599784,0.0,0.044837017441599784,100.0
canadakazs,1,0,0.044837017441599784,0.0,0.044837017441599784,100.0
industryalso,1,0,0.044837017441599784,0.0,0.044837017441599784,100.0
administration,1,0,0.044837017441599784,0.0,0.044837017441599784,100.0
moscow,1,0,0.044837017441599784,0.0,0.044837017441599784,100.0
pedantic,1,0,0.044837017441599784,0.0,0.044837017441599784,100.0
radar,1,0,0.044837017441599784,0.0,0.044837017441599784,100.0
objectoriented,1,0,0.044837017441599784,0.0,0.044837017441599784,100.0
arbitrage,1,0,0.044837017441599784,0.0,0.044837017441599784,100.0
mediagrassroots,1,0,0.044837017441599784,0.0,0.044837017441599784,100.0
undergo,1,0,0.044837017441599784,0.0,0.044837017441599784,100.0
transcription,1,0,0.044837017441599784,0.0,0.044837017441599784,100.0
lifehowever,1,0,0.044837017441599784,0.0,0.044837017441599784,100.0
undifferentiated,1,0,0.044837017441599784,0.0,0.044837017441599784,100.0
disheveled,1,0,0.044837017441599784,0.0,0.044837017441599784,100.0
shards,1,0,0.044837017441599784,0.0,0.044837017441599784,100.0
crowdsourcing,1,0,0.044837017441599784,0.0,0.044837017441599784,100.0
dan,1,0,0.044837017441599784,0.0,0.044837017441599784,100.0
presidentmy,1,0,0.044837017441599784,0.0,0.044837017441599784,100.0
latent,1,0,0.044837017441599784,0.0,0.044837017441599784,100.0
workflows,1,0,0.044837017441599784,0.0,0.044837017441599784,100.0
appcelerators,1,0,0.044837017441599784,0.0,0.044837017441599784,100.0
f150,1,0,0.044837017441599784,0.0,0.044837017441599784,100.0
vital,1,0,0.044837017441599784,0.0,0.044837017441599784,100.0
marketlets,1,0,0.044837017441599784,0.0,0.044837017441599784,100.0
consists,1,0,0.044837017441599784,0.0,0.044837017441599784,100.0
225kkey,1,0,0.044837017441599784,0.0,0.044837017441599784,100.0
constructed,1,0,0.044837017441599784,0.0,0.044837017441599784,100.0
cook,1,0,0.044837017441599784,0.0,0.044837017441599784,100.0
18m,1,0,0.044837017441599784,0.0,0.044837017441599784,100.0
league,1,0,0.044837017441599784,0.0,0.044837017441599784,100.0
resolved,1,0,0.044837017441599784,0.0,0.044837017441599784,100.0
f50,1,0,0.044837017441599784,0.0,0.044837017441599784,100.0
predesigned,1,0,0.044837017441599784,0.0,0.044837017441599784,100.0
mutually,1,0,0.044837017441599784,0.0,0.044837017441599784,100.0
seamless,1,0,0.044837017441599784,0.0,0.044837017441599784,100.0
delighted,1,0,0.044837017441599784,0.0,0.044837017441599784,100.0
switchboard,1,0,0.044837017441599784,0.0,0.044837017441599784,100.0
quantities,1,0,0.044837017441599784,0.0,0.044837017441599784,100.0
multiweek,1,0,0.044837017441599784,0.0,0.044837017441599784,100.0
pad,1,0,0.044837017441599784,0.0,0.044837017441599784,100.0
cnbc,1,0,0.044837017441599784,0.0,0.044837017441599784,100.0
nonprofits,1,0,0.044837017441599784,0.0,0.044837017441599784,100.0
dropout,1,0,0.044837017441599784,0.0,0.044837017441599784,100.0
wifegirlfriendmom,1,0,0.044837017441599784,0.0,0.044837017441599784,100.0
playtex,1,0,0.044837017441599784,0.0,0.044837017441599784,100.0
thoughts,1,0,0.044837017441599784,0.0,0.044837017441599784,100.0
venturebacked,1,0,0.044837017441599784,0.0,0.044837017441599784,100.0
brevan,1,0,0.044837017441599784,0.0,0.044837017441599784,100.0
elsepeter,1,0,0.044837017441599784,0.0,0.044837017441599784,100.0
etccompanies,1,0,0.044837017441599784,0.0,0.044837017441599784,100.0
conceived,1,0,0.044837017441599784,0.0,0.044837017441599784,100.0
sendingrequesting,1,0,0.044837017441599784,0.0,0.044837017441599784,100.0
experimentsour,1,0,0.044837017441599784,0.0,0.044837017441599784,100.0
thatd,1,0,0.044837017441599784,0.0,0.044837017441599784,100.0
goode,1,0,0.044837017441599784,0.0,0.044837017441599784,100.0
300k,1,0,0.044837017441599784,0.0,0.044837017441599784,100.0
tune,1,0,0.044837017441599784,0.0,0.044837017441599784,100.0
safe,1,0,0.044837017441599784,0.0,0.044837017441599784,100.0
owes,1,0,0.044837017441599784,0.0,0.044837017441599784,100.0
versed,1,0,0.044837017441599784,0.0,0.044837017441599784,100.0
safeguarding,1,0,0.044837017441599784,0.0,0.044837017441599784,100.0
inrecruiting,1,0,0.044837017441599784,0.0,0.044837017441599784,100.0
worried,1,0,0.044837017441599784,0.0,0.044837017441599784,100.0
makewe,1,0,0.044837017441599784,0.0,0.044837017441599784,100.0
teacherpersonality,1,0,0.044837017441599784,0.0,0.044837017441599784,100.0
menlo,1,0,0.044837017441599784,0.0,0.044837017441599784,100.0
shelter,1,0,0.044837017441599784,0.0,0.044837017441599784,100.0
preordersin,1,0,0.044837017441599784,0.0,0.044837017441599784,100.0
suspension,1,0,0.044837017441599784,0.0,0.044837017441599784,100.0
customize,1,0,0.044837017441599784,0.0,0.044837017441599784,100.0
postyc,1,0,0.044837017441599784,0.0,0.044837017441599784,100.0
dslr,1,0,0.044837017441599784,0.0,0.044837017441599784,100.0
tendency,1,0,0.044837017441599784,0.0,0.044837017441599784,100.0
mozilla,1,0,0.044837017441599784,0.0,0.044837017441599784,100.0
serverside,1,0,0.044837017441599784,0.0,0.044837017441599784,100.0
24mm,1,0,0.044837017441599784,0.0,0.044837017441599784,100.0
2050usermonth,1,0,0.044837017441599784,0.0,0.044837017441599784,100.0
updating,1,0,0.044837017441599784,0.0,0.044837017441599784,100.0
embers,1,0,0.044837017441599784,0.0,0.044837017441599784,100.0
divacup,1,0,0.044837017441599784,0.0,0.044837017441599784,100.0
reasonswhen,1,0,0.044837017441599784,0.0,0.044837017441599784,100.0
hybridcloud,1,0,0.044837017441599784,0.0,0.044837017441599784,100.0
httpwwwthedailymusecom,1,0,0.044837017441599784,0.0,0.044837017441599784,100.0
27th,1,0,0.044837017441599784,0.0,0.044837017441599784,100.0
emphasizes,1,0,0.044837017441599784,0.0,0.044837017441599784,100.0
gaps,1,0,0.044837017441599784,0.0,0.044837017441599784,100.0
needless,1,0,0.044837017441599784,0.0,0.044837017441599784,100.0
tas,1,0,0.044837017441599784,0.0,0.044837017441599784,100.0
httpwheremyfriendsbe,1,0,0.044837017441599784,0.0,0.044837017441599784,100.0
productengineering,1,0,0.044837017441599784,0.0,0.044837017441599784,100.0
networki,1,0,0.044837017441599784,0.0,0.044837017441599784,100.0
accelerated,1,0,0.044837017441599784,0.0,0.044837017441599784,100.0
analysts,1,0,0.044837017441599784,0.0,0.044837017441599784,100.0
paymentsimprove,1,0,0.044837017441599784,0.0,0.044837017441599784,100.0
blockbuster,1,0,0.044837017441599784,0.0,0.044837017441599784,100.0
prizes,1,0,0.044837017441599784,0.0,0.044837017441599784,100.0
mediapaid,1,0,0.044837017441599784,0.0,0.044837017441599784,100.0
usb,1,0,0.044837017441599784,0.0,0.044837017441599784,100.0
printtoweb,1,0,0.044837017441599784,0.0,0.044837017441599784,100.0
profiling,1,0,0.044837017441599784,0.0,0.044837017441599784,100.0
indication,1,0,0.044837017441599784,0.0,0.044837017441599784,100.0
111506doc,1,0,0.044837017441599784,0.0,0.044837017441599784,100.0
w3c,1,0,0.044837017441599784,0.0,0.044837017441599784,100.0
jetsboth,1,0,0.044837017441599784,0.0,0.044837017441599784,100.0
peppy,1,0,0.044837017441599784,0.0,0.044837017441599784,100.0
cosponsors,1,0,0.044837017441599784,0.0,0.044837017441599784,100.0
accomplished,1,0,0.044837017441599784,0.0,0.044837017441599784,100.0
sharply,1,0,0.044837017441599784,0.0,0.044837017441599784,100.0
businesscard,1,0,0.044837017441599784,0.0,0.044837017441599784,100.0
haveif,1,0,0.044837017441599784,0.0,0.044837017441599784,100.0
rides,1,0,0.044837017441599784,0.0,0.044837017441599784,100.0
httpawsdendronso,1,0,0.044837017441599784,0.0,0.044837017441599784,100.0
finneral,1,0,0.044837017441599784,0.0,0.044837017441599784,100.0
cumbersome,1,0,0.044837017441599784,0.0,0.044837017441599784,100.0
temporally,1,0,0.044837017441599784,0.0,0.044837017441599784,100.0
formatted,1,0,0.044837017441599784,0.0,0.044837017441599784,100.0
mailgun,1,0,0.044837017441599784,0.0,0.044837017441599784,100.0
certifications,1,0,0.044837017441599784,0.0,0.044837017441599784,100.0
loansplus,1,0,0.044837017441599784,0.0,0.044837017441599784,100.0
foodrelated,1,0,0.044837017441599784,0.0,0.044837017441599784,100.0
paperwork,1,0,0.044837017441599784,0.0,0.044837017441599784,100.0
insightful,1,0,0.044837017441599784,0.0,0.044837017441599784,100.0
aggregators,1,0,0.044837017441599784,0.0,0.044837017441599784,100.0
eventbrite,1,0,0.044837017441599784,0.0,0.044837017441599784,100.0
searchfriendly,1,0,0.044837017441599784,0.0,0.044837017441599784,100.0
highschool,1,0,0.044837017441599784,0.0,0.044837017441599784,100.0
preyc,1,0,0.044837017441599784,0.0,0.044837017441599784,100.0
momentum,1,0,0.044837017441599784,0.0,0.044837017441599784,100.0
fullyfunctional,1,0,0.044837017441599784,0.0,0.044837017441599784,100.0
twentyseventh,1,0,0.044837017441599784,0.0,0.044837017441599784,100.0
httpwwwgraymatterinccom,1,0,0.044837017441599784,0.0,0.044837017441599784,100.0
studentcommunity,1,0,0.044837017441599784,0.0,0.044837017441599784,100.0
esteem,1,0,0.044837017441599784,0.0,0.044837017441599784,100.0
micro,1,0,0.044837017441599784,0.0,0.044837017441599784,100.0
inspirational,1,0,0.044837017441599784,0.0,0.044837017441599784,100.0
growflex,1,0,0.044837017441599784,0.0,0.044837017441599784,100.0
grasshopper,1,0,0.044837017441599784,0.0,0.044837017441599784,100.0
unfinished,1,0,0.044837017441599784,0.0,0.044837017441599784,100.0
pisceswe,1,0,0.044837017441599784,0.0,0.044837017441599784,100.0
phases,1,0,0.044837017441599784,0.0,0.044837017441599784,100.0
convincing,1,0,0.044837017441599784,0.0,0.044837017441599784,100.0
recommends,1,0,0.044837017441599784,0.0,0.044837017441599784,100.0
wadowski,1,0,0.044837017441599784,0.0,0.044837017441599784,100.0
rockyou,1,0,0.044837017441599784,0.0,0.044837017441599784,100.0
600k,1,0,0.044837017441599784,0.0,0.044837017441599784,100.0
transacting,1,0,0.044837017441599784,0.0,0.044837017441599784,100.0
roles,1,0,0.044837017441599784,0.0,0.044837017441599784,100.0
releasedhttpdailyappshowcomtinktankannouncesreleaseofkokokoapp,1,0,0.044837017441599784,0.0,0.044837017441599784,100.0
entity,1,0,0.044837017441599784,0.0,0.044837017441599784,100.0
assignments,1,0,0.044837017441599784,0.0,0.044837017441599784,100.0
fairground,1,0,0.044837017441599784,0.0,0.044837017441599784,100.0
suggest,1,0,0.044837017441599784,0.0,0.044837017441599784,100.0
alexis,1,0,0.044837017441599784,0.0,0.044837017441599784,100.0
prebuilts,1,0,0.044837017441599784,0.0,0.044837017441599784,100.0
authenticating,1,0,0.044837017441599784,0.0,0.044837017441599784,100.0
2byr,1,0,0.044837017441599784,0.0,0.044837017441599784,100.0
phonecom,1,0,0.044837017441599784,0.0,0.044837017441599784,100.0
flatiron,1,0,0.044837017441599784,0.0,0.044837017441599784,100.0
yearto,1,0,0.044837017441599784,0.0,0.044837017441599784,100.0
arose,1,0,0.044837017441599784,0.0,0.044837017441599784,100.0
coled,1,0,0.044837017441599784,0.0,0.044837017441599784,100.0
lending,1,0,0.044837017441599784,0.0,0.044837017441599784,100.0
bordeaux3,1,0,0.044837017441599784,0.0,0.044837017441599784,100.0
businessno,1,0,0.044837017441599784,0.0,0.044837017441599784,100.0
anxious,1,0,0.044837017441599784,0.0,0.044837017441599784,100.0
moneysome,1,0,0.044837017441599784,0.0,0.044837017441599784,100.0
tipping,1,0,0.044837017441599784,0.0,0.044837017441599784,100.0
itpayrolldeductible,1,0,0.044837017441599784,0.0,0.044837017441599784,100.0
abtasty,1,0,0.044837017441599784,0.0,0.044837017441599784,100.0
colleaguesphone,1,0,0.044837017441599784,0.0,0.044837017441599784,100.0
template,1,0,0.044837017441599784,0.0,0.044837017441599784,100.0
careerbuilding,1,0,0.044837017441599784,0.0,0.044837017441599784,100.0
kissmetrics,1,0,0.044837017441599784,0.0,0.044837017441599784,100.0
attributed,1,0,0.044837017441599784,0.0,0.044837017441599784,100.0
artistspublishing,1,0,0.044837017441599784,0.0,0.044837017441599784,100.0
profitablewhile,1,0,0.044837017441599784,0.0,0.044837017441599784,100.0
directions,1,0,0.044837017441599784,0.0,0.044837017441599784,100.0
garnering,1,0,0.044837017441599784,0.0,0.044837017441599784,100.0
httpwwwmeetupcombattleofthebraces,1,0,0.044837017441599784,0.0,0.044837017441599784,100.0
ecuador,1,0,0.044837017441599784,0.0,0.044837017441599784,100.0
rake,1,0,0.044837017441599784,0.0,0.044837017441599784,100.0
poutine,1,0,0.044837017441599784,0.0,0.044837017441599784,100.0
confused,1,0,0.044837017441599784,0.0,0.044837017441599784,100.0
innerspace,1,0,0.044837017441599784,0.0,0.044837017441599784,100.0
eachother,1,0,0.044837017441599784,0.0,0.044837017441599784,100.0
httpswwwtryvirtuallycom,1,0,0.044837017441599784,0.0,0.044837017441599784,100.0
succeededthe,1,0,0.044837017441599784,0.0,0.044837017441599784,100.0
changelogstrac,1,0,0.044837017441599784,0.0,0.044837017441599784,100.0
mindfully,1,0,0.044837017441599784,0.0,0.044837017441599784,100.0
powers,1,0,0.044837017441599784,0.0,0.044837017441599784,100.0
windowsthe,1,0,0.044837017441599784,0.0,0.044837017441599784,100.0
barefoot,1,0,0.044837017441599784,0.0,0.044837017441599784,100.0
retake,1,0,0.044837017441599784,0.0,0.044837017441599784,100.0
f500s,1,0,0.044837017441599784,0.0,0.044837017441599784,100.0
ecommercesubscription,1,0,0.044837017441599784,0.0,0.044837017441599784,100.0
starbucks,1,0,0.044837017441599784,0.0,0.044837017441599784,100.0
silent,1,0,0.044837017441599784,0.0,0.044837017441599784,100.0
printfocused,1,0,0.044837017441599784,0.0,0.044837017441599784,100.0
bloggers,1,0,0.044837017441599784,0.0,0.044837017441599784,100.0
creationdeletion,1,0,0.044837017441599784,0.0,0.044837017441599784,100.0
oldest,1,0,0.044837017441599784,0.0,0.044837017441599784,100.0
forking,1,0,0.044837017441599784,0.0,0.044837017441599784,100.0
inefficiencies,1,0,0.044837017441599784,0.0,0.044837017441599784,100.0
divide,1,0,0.044837017441599784,0.0,0.044837017441599784,100.0
fulfilling,1,0,0.044837017441599784,0.0,0.044837017441599784,100.0
exmckinsey,1,0,0.044837017441599784,0.0,0.044837017441599784,100.0
needssince,1,0,0.044837017441599784,0.0,0.044837017441599784,100.0
6pm,1,0,0.044837017441599784,0.0,0.044837017441599784,100.0
peanut,1,0,0.044837017441599784,0.0,0.044837017441599784,100.0
latejune,1,0,0.044837017441599784,0.0,0.044837017441599784,100.0
usein,1,0,0.044837017441599784,0.0,0.044837017441599784,100.0
pushed,1,0,0.044837017441599784,0.0,0.044837017441599784,100.0
wills,1,0,0.044837017441599784,0.0,0.044837017441599784,100.0
ford,1,0,0.044837017441599784,0.0,0.044837017441599784,100.0
profound,1,0,0.044837017441599784,0.0,0.044837017441599784,100.0
lynda,1,0,0.044837017441599784,0.0,0.044837017441599784,100.0
adventure,1,0,0.044837017441599784,0.0,0.044837017441599784,100.0
mechanics,1,0,0.044837017441599784,0.0,0.044837017441599784,100.0
zillow,1,0,0.044837017441599784,0.0,0.044837017441599784,100.0
secondsthis,1,0,0.044837017441599784,0.0,0.044837017441599784,100.0
iposmori,1,0,0.044837017441599784,0.0,0.044837017441599784,100.0
retrieve,1,0,0.044837017441599784,0.0,0.044837017441599784,100.0
altruismdomain,1,0,0.044837017441599784,0.0,0.044837017441599784,100.0
inconsistent,1,0,0.044837017441599784,0.0,0.044837017441599784,100.0
kixeye,1,0,0.044837017441599784,0.0,0.044837017441599784,100.0
panel,1,0,0.044837017441599784,0.0,0.044837017441599784,100.0
são,1,0,0.044837017441599784,0.0,0.044837017441599784,100.0
promotiva,1,0,0.044837017441599784,0.0,0.044837017441599784,100.0
nasdaq,1,0,0.044837017441599784,0.0,0.044837017441599784,100.0
minority,1,0,0.044837017441599784,0.0,0.044837017441599784,100.0
calculating,1,0,0.044837017441599784,0.0,0.044837017441599784,100.0
fullfeatured,1,0,0.044837017441599784,0.0,0.044837017441599784,100.0
10nobox,1,0,0.044837017441599784,0.0,0.044837017441599784,100.0
calls,1,0,0.044837017441599784,0.0,0.044837017441599784,100.0
flagged,1,0,0.044837017441599784,0.0,0.044837017441599784,100.0
transact,1,0,0.044837017441599784,0.0,0.044837017441599784,100.0
societal,1,0,0.044837017441599784,0.0,0.044837017441599784,100.0
9ththey,1,0,0.044837017441599784,0.0,0.044837017441599784,100.0
orderscustomer,1,0,0.044837017441599784,0.0,0.044837017441599784,100.0
butchers,1,0,0.044837017441599784,0.0,0.044837017441599784,100.0
pains,1,0,0.044837017441599784,0.0,0.044837017441599784,100.0
shortlists,1,0,0.044837017441599784,0.0,0.044837017441599784,100.0
excludes,1,0,0.044837017441599784,0.0,0.044837017441599784,100.0
throngs,1,0,0.044837017441599784,0.0,0.044837017441599784,100.0
triumphant,1,0,0.044837017441599784,0.0,0.044837017441599784,100.0
aboutme,1,0,0.044837017441599784,0.0,0.044837017441599784,100.0
carolina,1,0,0.044837017441599784,0.0,0.044837017441599784,100.0
secondbipartisan,1,0,0.044837017441599784,0.0,0.044837017441599784,100.0
prompt,1,0,0.044837017441599784,0.0,0.044837017441599784,100.0
dyinghttpwwwnewspaperdeathwatchcom,1,0,0.044837017441599784,0.0,0.044837017441599784,100.0
httpsbxbluecombrcontrataremprestimoconsignadoonline,1,0,0.044837017441599784,0.0,0.044837017441599784,100.0
mandated,1,0,0.044837017441599784,0.0,0.044837017441599784,100.0
andshare,1,0,0.044837017441599784,0.0,0.044837017441599784,100.0
desperate,1,0,0.044837017441599784,0.0,0.044837017441599784,100.0
compliant,1,0,0.044837017441599784,0.0,0.044837017441599784,100.0
uhs,1,0,0.044837017441599784,0.0,0.044837017441599784,100.0
threadflipwe,1,0,0.044837017441599784,0.0,0.044837017441599784,100.0
mortgagesdns,1,0,0.044837017441599784,0.0,0.044837017441599784,100.0
lenses,1,0,0.044837017441599784,0.0,0.044837017441599784,100.0
coupled,1,0,0.044837017441599784,0.0,0.044837017441599784,100.0
whichever,1,0,0.044837017441599784,0.0,0.044837017441599784,100.0
extrapolating,1,0,0.044837017441599784,0.0,0.044837017441599784,100.0
rank,1,0,0.044837017441599784,0.0,0.044837017441599784,100.0
jackson,1,0,0.044837017441599784,0.0,0.044837017441599784,100.0
1gb,1,0,0.044837017441599784,0.0,0.044837017441599784,100.0
performing,1,0,0.044837017441599784,0.0,0.044837017441599784,100.0
managementcontent,1,0,0.044837017441599784,0.0,0.044837017441599784,100.0
bachelors,1,0,0.044837017441599784,0.0,0.044837017441599784,100.0
fda,1,0,0.044837017441599784,0.0,0.044837017441599784,100.0
bbc,1,0,0.044837017441599784,0.0,0.044837017441599784,100.0
bitesized,1,0,0.044837017441599784,0.0,0.044837017441599784,100.0
cocktails,1,0,0.044837017441599784,0.0,0.044837017441599784,100.0
itas,1,0,0.044837017441599784,0.0,0.044837017441599784,100.0
disks,1,0,0.044837017441599784,0.0,0.044837017441599784,100.0
priceultimately,1,0,0.044837017441599784,0.0,0.044837017441599784,100.0
nuanced,1,0,0.044837017441599784,0.0,0.044837017441599784,100.0
charitable,1,0,0.044837017441599784,0.0,0.044837017441599784,100.0
supportwe,1,0,0.044837017441599784,0.0,0.044837017441599784,100.0
salesby,1,0,0.044837017441599784,0.0,0.044837017441599784,100.0
locking,1,0,0.044837017441599784,0.0,0.044837017441599784,100.0
doses,1,0,0.044837017441599784,0.0,0.044837017441599784,100.0
longthe,1,0,0.044837017441599784,0.0,0.044837017441599784,100.0
chatrooms,1,0,0.044837017441599784,0.0,0.044837017441599784,100.0
paulobrazil,1,0,0.044837017441599784,0.0,0.044837017441599784,100.0
communitech,1,0,0.044837017441599784,0.0,0.044837017441599784,100.0
stressrelief,1,0,0.044837017441599784,0.0,0.044837017441599784,100.0
decadeslong,1,0,0.044837017441599784,0.0,0.044837017441599784,100.0
eharmony,1,0,0.044837017441599784,0.0,0.044837017441599784,100.0
httpsyoutubevizhxzixene,1,0,0.044837017441599784,0.0,0.044837017441599784,100.0
brazilians,1,0,0.044837017441599784,0.0,0.044837017441599784,100.0
bidders,1,0,0.044837017441599784,0.0,0.044837017441599784,100.0
economics,1,0,0.044837017441599784,0.0,0.044837017441599784,100.0
codehs,1,0,0.044837017441599784,0.0,0.044837017441599784,100.0
40b,1,0,0.044837017441599784,0.0,0.044837017441599784,100.0
memberships,1,0,0.044837017441599784,0.0,0.044837017441599784,100.0
pci,1,0,0.044837017441599784,0.0,0.044837017441599784,100.0
networksowned,1,0,0.044837017441599784,0.0,0.044837017441599784,100.0
pressing,1,0,0.044837017441599784,0.0,0.044837017441599784,100.0
givers,1,0,0.044837017441599784,0.0,0.044837017441599784,100.0
toolbox,1,0,0.044837017441599784,0.0,0.044837017441599784,100.0
resourceshardware,1,0,0.044837017441599784,0.0,0.044837017441599784,100.0
instances,1,0,0.044837017441599784,0.0,0.044837017441599784,100.0
gauge,1,0,0.044837017441599784,0.0,0.044837017441599784,100.0
characteristics,1,0,0.044837017441599784,0.0,0.044837017441599784,100.0
covers,1,0,0.044837017441599784,0.0,0.044837017441599784,100.0
amplifyla,1,0,0.044837017441599784,0.0,0.044837017441599784,100.0
authors,1,0,0.044837017441599784,0.0,0.044837017441599784,100.0
industrial,1,0,0.044837017441599784,0.0,0.044837017441599784,100.0
leaguelineup,1,0,0.044837017441599784,0.0,0.044837017441599784,100.0
energizer,1,0,0.044837017441599784,0.0,0.044837017441599784,100.0
ycapptimizecomadmin,1,0,0.044837017441599784,0.0,0.044837017441599784,100.0
retains,1,0,0.044837017441599784,0.0,0.044837017441599784,100.0
payperuser,1,0,0.044837017441599784,0.0,0.044837017441599784,100.0
crimson,1,0,0.044837017441599784,0.0,0.044837017441599784,100.0
scientistml,1,0,0.044837017441599784,0.0,0.044837017441599784,100.0
celebrity,1,0,0.044837017441599784,0.0,0.044837017441599784,100.0
littleknown,1,0,0.044837017441599784,0.0,0.044837017441599784,100.0
omnidrive,1,0,0.044837017441599784,0.0,0.044837017441599784,100.0
solutionswere,1,0,0.044837017441599784,0.0,0.044837017441599784,100.0
semifinalist,1,0,0.044837017441599784,0.0,0.044837017441599784,100.0
financed,1,0,0.044837017441599784,0.0,0.044837017441599784,100.0
accesswere,1,0,0.044837017441599784,0.0,0.044837017441599784,100.0
basisso,1,0,0.044837017441599784,0.0,0.044837017441599784,100.0
insanely,1,0,0.044837017441599784,0.0,0.044837017441599784,100.0
lucky,1,0,0.044837017441599784,0.0,0.044837017441599784,100.0
radically,1,0,0.044837017441599784,0.0,0.044837017441599784,100.0
shifting,1,0,0.044837017441599784,0.0,0.044837017441599784,100.0
auctions,1,0,0.044837017441599784,0.0,0.044837017441599784,100.0
romance,1,0,0.044837017441599784,0.0,0.044837017441599784,100.0
airline,1,0,0.044837017441599784,0.0,0.044837017441599784,100.0
ticketstumbler,1,0,0.044837017441599784,0.0,0.044837017441599784,100.0
15k,1,0,0.044837017441599784,0.0,0.044837017441599784,100.0
incumbent,1,0,0.044837017441599784,0.0,0.044837017441599784,100.0
services2,1,0,0.044837017441599784,0.0,0.044837017441599784,100.0
clutchio,1,0,0.044837017441599784,0.0,0.044837017441599784,100.0
celebrated,1,0,0.044837017441599784,0.0,0.044837017441599784,100.0
differencemost,1,0,0.044837017441599784,0.0,0.044837017441599784,100.0
underwriting,1,0,0.044837017441599784,0.0,0.044837017441599784,100.0
wifi,1,0,0.044837017441599784,0.0,0.044837017441599784,100.0
conclusions,1,0,0.044837017441599784,0.0,0.044837017441599784,100.0
ely,1,0,0.044837017441599784,0.0,0.044837017441599784,100.0
chains,1,0,0.044837017441599784,0.0,0.044837017441599784,100.0
assumptions,1,0,0.044837017441599784,0.0,0.044837017441599784,100.0
contentdistribution,1,0,0.044837017441599784,0.0,0.044837017441599784,100.0
appstorebegun,1,0,0.044837017441599784,0.0,0.044837017441599784,100.0
logs,1,0,0.044837017441599784,0.0,0.044837017441599784,100.0
crushing,1,0,0.044837017441599784,0.0,0.044837017441599784,100.0
congressunder,1,0,0.044837017441599784,0.0,0.044837017441599784,100.0
simplyhired,1,0,0.044837017441599784,0.0,0.044837017441599784,100.0
wharton,1,0,0.044837017441599784,0.0,0.044837017441599784,100.0
waiver,1,0,0.044837017441599784,0.0,0.044837017441599784,100.0
womenamong,1,0,0.044837017441599784,0.0,0.044837017441599784,100.0
disposing,1,0,0.044837017441599784,0.0,0.044837017441599784,100.0
affiliates,1,0,0.044837017441599784,0.0,0.044837017441599784,100.0
threshold,1,0,0.044837017441599784,0.0,0.044837017441599784,100.0
voicepersonality,1,0,0.044837017441599784,0.0,0.044837017441599784,100.0
deepnote,1,0,0.044837017441599784,0.0,0.044837017441599784,100.0
conceptions,1,0,0.044837017441599784,0.0,0.044837017441599784,100.0
joes,1,0,0.044837017441599784,0.0,0.044837017441599784,100.0
policies,1,0,0.044837017441599784,0.0,0.044837017441599784,100.0
fiscally,1,0,0.044837017441599784,0.0,0.044837017441599784,100.0
symphonycommerce,1,0,0.044837017441599784,0.0,0.044837017441599784,100.0
usersmany,1,0,0.044837017441599784,0.0,0.044837017441599784,100.0
gsb,1,0,0.044837017441599784,0.0,0.044837017441599784,100.0
subscriptionscompany,1,0,0.044837017441599784,0.0,0.044837017441599784,100.0
recurrence,1,0,0.044837017441599784,0.0,0.044837017441599784,100.0
statistician,1,0,0.044837017441599784,0.0,0.044837017441599784,100.0
compliance,1,0,0.044837017441599784,0.0,0.044837017441599784,100.0
institutionslocal,1,0,0.044837017441599784,0.0,0.044837017441599784,100.0
magical,1,0,0.044837017441599784,0.0,0.044837017441599784,100.0
2512335m,1,0,0.044837017441599784,0.0,0.044837017441599784,100.0
2000sfinally,1,0,0.044837017441599784,0.0,0.044837017441599784,100.0
doves,1,0,0.044837017441599784,0.0,0.044837017441599784,100.0
learnvest,1,0,0.044837017441599784,0.0,0.044837017441599784,100.0
plugins,1,0,0.044837017441599784,0.0,0.044837017441599784,100.0
intimate,1,0,0.044837017441599784,0.0,0.044837017441599784,100.0
fooddavid,1,0,0.044837017441599784,0.0,0.044837017441599784,100.0
angelhack,1,0,0.044837017441599784,0.0,0.044837017441599784,100.0
improves,1,0,0.044837017441599784,0.0,0.044837017441599784,100.0
lazy,1,0,0.044837017441599784,0.0,0.044837017441599784,100.0
hightouch,1,0,0.044837017441599784,0.0,0.044837017441599784,100.0
350k,1,0,0.044837017441599784,0.0,0.044837017441599784,100.0
logo,1,0,0.044837017441599784,0.0,0.044837017441599784,100.0
etcdan,1,0,0.044837017441599784,0.0,0.044837017441599784,100.0
godaddy,1,0,0.044837017441599784,0.0,0.044837017441599784,100.0
listfei,1,0,0.044837017441599784,0.0,0.044837017441599784,100.0
drawchat,1,0,0.044837017441599784,0.0,0.044837017441599784,100.0
adept,1,0,0.044837017441599784,0.0,0.044837017441599784,100.0
swrve,1,0,0.044837017441599784,0.0,0.044837017441599784,100.0
ladies,1,0,0.044837017441599784,0.0,0.044837017441599784,100.0
theanvilusboiler,1,0,0.044837017441599784,0.0,0.044837017441599784,100.0
status,1,0,0.044837017441599784,0.0,0.044837017441599784,100.0
ministers,1,0,0.044837017441599784,0.0,0.044837017441599784,100.0
shipmentsto,1,0,0.044837017441599784,0.0,0.044837017441599784,100.0
inventions,1,0,0.044837017441599784,0.0,0.044837017441599784,100.0
crap,1,0,0.044837017441599784,0.0,0.044837017441599784,100.0
wikiwarswikiwarsco,1,0,0.044837017441599784,0.0,0.044837017441599784,100.0
woman,1,0,0.044837017441599784,0.0,0.044837017441599784,100.0
defensible,1,0,0.044837017441599784,0.0,0.044837017441599784,100.0
bootcamps,1,0,0.044837017441599784,0.0,0.044837017441599784,100.0
featuresstorage,1,0,0.044837017441599784,0.0,0.044837017441599784,100.0
actions,1,0,0.044837017441599784,0.0,0.044837017441599784,100.0
revenueour,1,0,0.044837017441599784,0.0,0.044837017441599784,100.0
frustration,1,0,0.044837017441599784,0.0,0.044837017441599784,100.0
chainfinally,1,0,0.044837017441599784,0.0,0.044837017441599784,100.0
mmccreerys,1,0,0.044837017441599784,0.0,0.044837017441599784,100.0
usersakshay,1,0,0.044837017441599784,0.0,0.044837017441599784,100.0
worries,1,0,0.044837017441599784,0.0,0.044837017441599784,100.0
associations,1,0,0.044837017441599784,0.0,0.044837017441599784,100.0
ethnographic,1,0,0.044837017441599784,0.0,0.044837017441599784,100.0
problemsmore,1,0,0.044837017441599784,0.0,0.044837017441599784,100.0
router,1,0,0.044837017441599784,0.0,0.044837017441599784,100.0
200weve,1,0,0.044837017441599784,0.0,0.044837017441599784,100.0
bankwe,1,0,0.044837017441599784,0.0,0.044837017441599784,100.0
highsecurity,1,0,0.044837017441599784,0.0,0.044837017441599784,100.0
angies,1,0,0.044837017441599784,0.0,0.044837017441599784,100.0
worldwe,1,0,0.044837017441599784,0.0,0.044837017441599784,100.0
ball,1,0,0.044837017441599784,0.0,0.044837017441599784,100.0
unsatisfied,1,0,0.044837017441599784,0.0,0.044837017441599784,100.0
httpswwwyoutubecomwatchveelgcgmn7efeatureyoutube,1,0,0.044837017441599784,0.0,0.044837017441599784,100.0
rates1,1,0,0.044837017441599784,0.0,0.044837017441599784,100.0
imex,1,0,0.044837017441599784,0.0,0.044837017441599784,100.0
fifties,1,0,0.044837017441599784,0.0,0.044837017441599784,100.0
senders,1,0,0.044837017441599784,0.0,0.044837017441599784,100.0
searchable,1,0,0.044837017441599784,0.0,0.044837017441599784,100.0
winmore,1,0,0.044837017441599784,0.0,0.044837017441599784,100.0
oct,1,0,0.044837017441599784,0.0,0.044837017441599784,100.0
hoped,1,0,0.044837017441599784,0.0,0.044837017441599784,100.0
desirable,1,0,0.044837017441599784,0.0,0.044837017441599784,100.0
grading,1,0,0.044837017441599784,0.0,0.044837017441599784,100.0
userentered,1,0,0.044837017441599784,0.0,0.044837017441599784,100.0
sitereach,1,0,0.044837017441599784,0.0,0.044837017441599784,100.0
alec,1,0,0.044837017441599784,0.0,0.044837017441599784,100.0
maledominated,1,0,0.044837017441599784,0.0,0.044837017441599784,100.0
releases,1,0,0.044837017441599784,0.0,0.044837017441599784,100.0
prefunding,1,0,0.044837017441599784,0.0,0.044837017441599784,100.0
teamsinteresting,1,0,0.044837017441599784,0.0,0.044837017441599784,100.0
gradii,1,0,0.044837017441599784,0.0,0.044837017441599784,100.0
httpyoutubew3tpfpdqkq,1,0,0.044837017441599784,0.0,0.044837017441599784,100.0
universityamusing,1,0,0.044837017441599784,0.0,0.044837017441599784,100.0
educates,1,0,0.044837017441599784,0.0,0.044837017441599784,100.0
opposition,1,0,0.044837017441599784,0.0,0.044837017441599784,100.0
seminars,1,0,0.044837017441599784,0.0,0.044837017441599784,100.0
httpswwwaccoladeprepcomsshot2gif,1,0,0.044837017441599784,0.0,0.044837017441599784,100.0
application1,1,0,0.044837017441599784,0.0,0.044837017441599784,100.0
60s,1,0,0.044837017441599784,0.0,0.044837017441599784,100.0
spotted,1,0,0.044837017441599784,0.0,0.044837017441599784,100.0
neglected,1,0,0.044837017441599784,0.0,0.044837017441599784,100.0
possibilities,1,0,0.044837017441599784,0.0,0.044837017441599784,100.0
levelsmajority,1,0,0.044837017441599784,0.0,0.044837017441599784,100.0
sellerscurrent,1,0,0.044837017441599784,0.0,0.044837017441599784,100.0
mannerthe,1,0,0.044837017441599784,0.0,0.044837017441599784,100.0
ubiquitous,1,0,0.044837017441599784,0.0,0.044837017441599784,100.0
material,1,0,0.044837017441599784,0.0,0.044837017441599784,100.0
merged,1,0,0.044837017441599784,0.0,0.044837017441599784,100.0
produces,1,0,0.044837017441599784,0.0,0.044837017441599784,100.0
electromechanical,1,0,0.044837017441599784,0.0,0.044837017441599784,100.0
anp,1,0,0.044837017441599784,0.0,0.044837017441599784,100.0
mles,1,0,0.044837017441599784,0.0,0.044837017441599784,100.0
armstrongs,1,0,0.044837017441599784,0.0,0.044837017441599784,100.0
leather,1,0,0.044837017441599784,0.0,0.044837017441599784,100.0
baseupcoming,1,0,0.044837017441599784,0.0,0.044837017441599784,100.0
france,1,0,0.044837017441599784,0.0,0.044837017441599784,100.0
adrian,1,0,0.044837017441599784,0.0,0.044837017441599784,100.0
inaccurate,1,0,0.044837017441599784,0.0,0.044837017441599784,100.0
longitudinally,1,0,0.044837017441599784,0.0,0.044837017441599784,100.0
abstracting,1,0,0.044837017441599784,0.0,0.044837017441599784,100.0
profitably,1,0,0.044837017441599784,0.0,0.044837017441599784,100.0
strategyon,1,0,0.044837017441599784,0.0,0.044837017441599784,100.0
perfecting,1,0,0.044837017441599784,0.0,0.044837017441599784,100.0
essence,1,0,0.044837017441599784,0.0,0.044837017441599784,100.0
indexeddb,1,0,0.044837017441599784,0.0,0.044837017441599784,100.0
antifraud,1,0,0.044837017441599784,0.0,0.044837017441599784,100.0
wives,1,0,0.044837017441599784,0.0,0.044837017441599784,100.0
couples,1,0,0.044837017441599784,0.0,0.044837017441599784,100.0
cpm,1,0,0.044837017441599784,0.0,0.044837017441599784,100.0
accdients,1,0,0.044837017441599784,0.0,0.044837017441599784,100.0
densities,1,0,0.044837017441599784,0.0,0.044837017441599784,100.0
apparel,1,0,0.044837017441599784,0.0,0.044837017441599784,100.0
complexities,1,0,0.044837017441599784,0.0,0.044837017441599784,100.0
corpus,1,0,0.044837017441599784,0.0,0.044837017441599784,100.0
constrained,1,0,0.044837017441599784,0.0,0.044837017441599784,100.0
slidesour,1,0,0.044837017441599784,0.0,0.044837017441599784,100.0
maximise,1,0,0.044837017441599784,0.0,0.044837017441599784,100.0
solutiondropbox,1,0,0.044837017441599784,0.0,0.044837017441599784,100.0
orlater,1,0,0.044837017441599784,0.0,0.044837017441599784,100.0
ergo,1,0,0.044837017441599784,0.0,0.044837017441599784,100.0
unaddressed,1,0,0.044837017441599784,0.0,0.044837017441599784,100.0
httpyoutubez9q8mx6bt0,1,0,0.044837017441599784,0.0,0.044837017441599784,100.0
anythingenvironmental,1,0,0.044837017441599784,0.0,0.044837017441599784,100.0
frontendbackend,1,0,0.044837017441599784,0.0,0.044837017441599784,100.0
honeypotting,1,0,0.044837017441599784,0.0,0.044837017441599784,100.0
jamrozik,1,0,0.044837017441599784,0.0,0.044837017441599784,100.0
cap,1,0,0.044837017441599784,0.0,0.044837017441599784,100.0
nettyjava,1,0,0.044837017441599784,0.0,0.044837017441599784,100.0
totaled,1,0,0.044837017441599784,0.0,0.044837017441599784,100.0
fabricio,1,0,0.044837017441599784,0.0,0.044837017441599784,100.0
portions,1,0,0.044837017441599784,0.0,0.044837017441599784,100.0
treehouse,1,0,0.044837017441599784,0.0,0.044837017441599784,100.0
gpl,1,0,0.044837017441599784,0.0,0.044837017441599784,100.0
2017commercial,1,0,0.044837017441599784,0.0,0.044837017441599784,100.0
hierarchal,1,0,0.044837017441599784,0.0,0.044837017441599784,100.0
wikipedia,1,0,0.044837017441599784,0.0,0.044837017441599784,100.0
dell,1,0,0.044837017441599784,0.0,0.044837017441599784,100.0
enhancing,1,0,0.044837017441599784,0.0,0.044837017441599784,100.0
scraped,1,0,0.044837017441599784,0.0,0.044837017441599784,100.0
publication,1,0,0.044837017441599784,0.0,0.044837017441599784,100.0
entitle,1,0,0.044837017441599784,0.0,0.044837017441599784,100.0
plague,1,0,0.044837017441599784,0.0,0.044837017441599784,100.0
morethe,1,0,0.044837017441599784,0.0,0.044837017441599784,100.0
loansother,1,0,0.044837017441599784,0.0,0.044837017441599784,100.0
10vinicius,1,0,0.044837017441599784,0.0,0.044837017441599784,100.0
2012our,1,0,0.044837017441599784,0.0,0.044837017441599784,100.0
calendly,1,0,0.044837017441599784,0.0,0.044837017441599784,100.0
feedbackit,1,0,0.044837017441599784,0.0,0.044837017441599784,100.0
lay,1,0,0.044837017441599784,0.0,0.044837017441599784,100.0
tablet,1,0,0.044837017441599784,0.0,0.044837017441599784,100.0
som,1,0,0.044837017441599784,0.0,0.044837017441599784,100.0
strangersnot,1,0,0.044837017441599784,0.0,0.044837017441599784,100.0
fragmenting,1,0,0.044837017441599784,0.0,0.044837017441599784,100.0
brandlior,1,0,0.044837017441599784,0.0,0.044837017441599784,100.0
avantcard,1,0,0.044837017441599784,0.0,0.044837017441599784,100.0
userbyuser,1,0,0.044837017441599784,0.0,0.044837017441599784,100.0
forgot,1,0,0.044837017441599784,0.0,0.044837017441599784,100.0
sweatlots,1,0,0.044837017441599784,0.0,0.044837017441599784,100.0
lafayette,1,0,0.044837017441599784,0.0,0.044837017441599784,100.0
strategically,1,0,0.044837017441599784,0.0,0.044837017441599784,100.0
usawe,1,0,0.044837017441599784,0.0,0.044837017441599784,100.0
memebox,1,0,0.044837017441599784,0.0,0.044837017441599784,100.0
sketchdeck,1,0,0.044837017441599784,0.0,0.044837017441599784,100.0
partnersclients,1,0,0.044837017441599784,0.0,0.044837017441599784,100.0
capitalintensive,1,0,0.044837017441599784,0.0,0.044837017441599784,100.0
mbym,1,0,0.044837017441599784,0.0,0.044837017441599784,100.0
fundraised,1,0,0.044837017441599784,0.0,0.044837017441599784,100.0
grosses,1,0,0.044837017441599784,0.0,0.044837017441599784,100.0
flockjay,1,0,0.044837017441599784,0.0,0.044837017441599784,100.0
billionsserviceable,1,0,0.044837017441599784,0.0,0.044837017441599784,100.0
screencast,1,0,0.044837017441599784,0.0,0.044837017441599784,100.0
princeton,1,0,0.044837017441599784,0.0,0.044837017441599784,100.0
shola,1,0,0.044837017441599784,0.0,0.044837017441599784,100.0
forsythe,1,0,0.044837017441599784,0.0,0.044837017441599784,100.0
diaphragm,1,0,0.044837017441599784,0.0,0.044837017441599784,100.0
relationshipbased,1,0,0.044837017441599784,0.0,0.044837017441599784,100.0
stackoverflow,1,0,0.044837017441599784,0.0,0.044837017441599784,100.0
offapp,1,0,0.044837017441599784,0.0,0.044837017441599784,100.0
shortterm,1,0,0.044837017441599784,0.0,0.044837017441599784,100.0
redundancy,1,0,0.044837017441599784,0.0,0.044837017441599784,100.0
microeval,1,0,0.044837017441599784,0.0,0.044837017441599784,100.0
nuconomy,1,0,0.044837017441599784,0.0,0.044837017441599784,100.0
gamechanger,1,0,0.044837017441599784,0.0,0.044837017441599784,100.0
tokyo,1,0,0.044837017441599784,0.0,0.044837017441599784,100.0
nontrivial,1,0,0.044837017441599784,0.0,0.044837017441599784,100.0
gleaned,1,0,0.044837017441599784,0.0,0.044837017441599784,100.0
groove,1,0,0.044837017441599784,0.0,0.044837017441599784,100.0
ownership,1,0,0.044837017441599784,0.0,0.044837017441599784,100.0
dark,1,0,0.044837017441599784,0.0,0.044837017441599784,100.0
psb31,1,0,0.044837017441599784,0.0,0.044837017441599784,100.0
surrounded,1,0,0.044837017441599784,0.0,0.044837017441599784,100.0
overcharge,1,0,0.044837017441599784,0.0,0.044837017441599784,100.0
communityreach,1,0,0.044837017441599784,0.0,0.044837017441599784,100.0
howtos,1,0,0.044837017441599784,0.0,0.044837017441599784,100.0
consultingdave,1,0,0.044837017441599784,0.0,0.044837017441599784,100.0
demonstrable,1,0,0.044837017441599784,0.0,0.044837017441599784,100.0
judge,1,0,0.044837017441599784,0.0,0.044837017441599784,100.0
quality3,1,0,0.044837017441599784,0.0,0.044837017441599784,100.0
restroom,1,0,0.044837017441599784,0.0,0.044837017441599784,100.0
coursethe,1,0,0.044837017441599784,0.0,0.044837017441599784,100.0
hated,1,0,0.044837017441599784,0.0,0.044837017441599784,100.0
continental,1,0,0.044837017441599784,0.0,0.044837017441599784,100.0
hubs,1,0,0.044837017441599784,0.0,0.044837017441599784,100.0
thrown,1,0,0.044837017441599784,0.0,0.044837017441599784,100.0
immediatelythe,1,0,0.044837017441599784,0.0,0.044837017441599784,100.0
enjoyment,1,0,0.044837017441599784,0.0,0.044837017441599784,100.0
paypalbanks,1,0,0.044837017441599784,0.0,0.044837017441599784,100.0
poster,1,0,0.044837017441599784,0.0,0.044837017441599784,100.0
scene,1,0,0.044837017441599784,0.0,0.044837017441599784,100.0
lapin,1,0,0.044837017441599784,0.0,0.044837017441599784,100.0
replaced,1,0,0.044837017441599784,0.0,0.044837017441599784,100.0
wonderful,1,0,0.044837017441599784,0.0,0.044837017441599784,100.0
shipwire,1,0,0.044837017441599784,0.0,0.044837017441599784,100.0
toilets,1,0,0.044837017441599784,0.0,0.044837017441599784,100.0
employeesgoodly,1,0,0.044837017441599784,0.0,0.044837017441599784,100.0
seriesa,1,0,0.044837017441599784,0.0,0.044837017441599784,100.0
accoladeprepcom,1,0,0.044837017441599784,0.0,0.044837017441599784,100.0
cool,1,0,0.044837017441599784,0.0,0.044837017441599784,100.0
originated,1,0,0.044837017441599784,0.0,0.044837017441599784,100.0
smallbusiness,1,0,0.044837017441599784,0.0,0.044837017441599784,100.0
industrialized,1,0,0.044837017441599784,0.0,0.044837017441599784,100.0
amazonfear,1,0,0.044837017441599784,0.0,0.044837017441599784,100.0
budgeting,1,0,0.044837017441599784,0.0,0.044837017441599784,100.0
budgetour,1,0,0.044837017441599784,0.0,0.044837017441599784,100.0
associate,1,0,0.044837017441599784,0.0,0.044837017441599784,100.0
mindset,1,0,0.044837017441599784,0.0,0.044837017441599784,100.0
prolificac,1,0,0.044837017441599784,0.0,0.044837017441599784,100.0
beautifully,1,0,0.044837017441599784,0.0,0.044837017441599784,100.0
hero,1,0,0.044837017441599784,0.0,0.044837017441599784,100.0
productsthe,1,0,0.044837017441599784,0.0,0.044837017441599784,100.0
celebrate,1,0,0.044837017441599784,0.0,0.044837017441599784,100.0
technologically,1,0,0.044837017441599784,0.0,0.044837017441599784,100.0
shave,1,0,0.044837017441599784,0.0,0.044837017441599784,100.0
fastpaced,1,0,0.044837017441599784,0.0,0.044837017441599784,100.0
exchangesjeremy,1,0,0.044837017441599784,0.0,0.044837017441599784,100.0
unitedhealth,1,0,0.044837017441599784,0.0,0.044837017441599784,100.0
tinktank,1,0,0.044837017441599784,0.0,0.044837017441599784,100.0
remotely,1,0,0.044837017441599784,0.0,0.044837017441599784,100.0
bothered,1,0,0.044837017441599784,0.0,0.044837017441599784,100.0
awkward,1,0,0.044837017441599784,0.0,0.044837017441599784,100.0
sponsors,1,0,0.044837017441599784,0.0,0.044837017441599784,100.0
resourceful,1,0,0.044837017441599784,0.0,0.044837017441599784,100.0
httponemonthrailscomlecturesmost,1,0,0.044837017441599784,0.0,0.044837017441599784,100.0
companywe,1,0,0.044837017441599784,0.0,0.044837017441599784,100.0
systemafter,1,0,0.044837017441599784,0.0,0.044837017441599784,100.0
microadventure,1,0,0.044837017441599784,0.0,0.044837017441599784,100.0
hartree,1,0,0.044837017441599784,0.0,0.044837017441599784,100.0
hardwork,1,0,0.044837017441599784,0.0,0.044837017441599784,100.0
retraining,1,0,0.044837017441599784,0.0,0.044837017441599784,100.0
techstars,1,0,0.044837017441599784,0.0,0.044837017441599784,100.0
bonds,1,0,0.044837017441599784,0.0,0.044837017441599784,100.0
cheetah,1,0,0.044837017441599784,0.0,0.044837017441599784,100.0
zack,1,0,0.044837017441599784,0.0,0.044837017441599784,100.0
fulltimers,1,0,0.044837017441599784,0.0,0.044837017441599784,100.0
bettermeditations,1,0,0.044837017441599784,0.0,0.044837017441599784,100.0
plenty,1,0,0.044837017441599784,0.0,0.044837017441599784,100.0
trac,1,0,0.044837017441599784,0.0,0.044837017441599784,100.0
websitebuilders,1,0,0.044837017441599784,0.0,0.044837017441599784,100.0
wellknown,1,0,0.044837017441599784,0.0,0.044837017441599784,100.0
bails,1,0,0.044837017441599784,0.0,0.044837017441599784,100.0
educated,1,0,0.044837017441599784,0.0,0.044837017441599784,100.0
visitors,1,0,0.044837017441599784,0.0,0.044837017441599784,100.0
abovein,1,0,0.044837017441599784,0.0,0.044837017441599784,100.0
sororities,1,0,0.044837017441599784,0.0,0.044837017441599784,100.0
validates,1,0,0.044837017441599784,0.0,0.044837017441599784,100.0
posterous,1,0,0.044837017441599784,0.0,0.044837017441599784,100.0
dwolla,1,0,0.044837017441599784,0.0,0.044837017441599784,100.0
demographics,1,0,0.044837017441599784,0.0,0.044837017441599784,100.0
switching,1,0,0.044837017441599784,0.0,0.044837017441599784,100.0
jira,1,0,0.044837017441599784,0.0,0.044837017441599784,100.0
peoplewent,1,0,0.044837017441599784,0.0,0.044837017441599784,100.0
sharpcast,1,0,0.044837017441599784,0.0,0.044837017441599784,100.0
huawei,1,0,0.044837017441599784,0.0,0.044837017441599784,100.0
calendaring,1,0,0.044837017441599784,0.0,0.044837017441599784,100.0
rhythms,1,0,0.044837017441599784,0.0,0.044837017441599784,100.0
standards,1,0,0.044837017441599784,0.0,0.044837017441599784,100.0
1st,1,0,0.044837017441599784,0.0,0.044837017441599784,100.0
aromatic,1,0,0.044837017441599784,0.0,0.044837017441599784,100.0
pat,1,0,0.044837017441599784,0.0,0.044837017441599784,100.0
rebuilding,1,0,0.044837017441599784,0.0,0.044837017441599784,100.0
snap,1,0,0.044837017441599784,0.0,0.044837017441599784,100.0
quadrupling,1,0,0.044837017441599784,0.0,0.044837017441599784,100.0
guaranteed,1,0,0.044837017441599784,0.0,0.044837017441599784,100.0
autopilot,1,0,0.044837017441599784,0.0,0.044837017441599784,100.0
bleeding,1,0,0.044837017441599784,0.0,0.044837017441599784,100.0
folders,1,0,0.044837017441599784,0.0,0.044837017441599784,100.0
twoway,1,0,0.044837017441599784,0.0,0.044837017441599784,100.0
topromote,1,0,0.044837017441599784,0.0,0.044837017441599784,100.0
indiegogoas,1,0,0.044837017441599784,0.0,0.044837017441599784,100.0
preorders,1,0,0.044837017441599784,0.0,0.044837017441599784,100.0
bridging,1,0,0.044837017441599784,0.0,0.044837017441599784,100.0
honey,1,0,0.044837017441599784,0.0,0.044837017441599784,100.0
planet,1,0,0.044837017441599784,0.0,0.044837017441599784,100.0
mediumlonger,1,0,0.044837017441599784,0.0,0.044837017441599784,100.0
efounders,1,0,0.044837017441599784,0.0,0.044837017441599784,100.0
suitesmuzzammil,1,0,0.044837017441599784,0.0,0.044837017441599784,100.0
problemsolvingglobal,1,0,0.044837017441599784,0.0,0.044837017441599784,100.0
s19,1,0,0.044837017441599784,0.0,0.044837017441599784,100.0
bakers,1,0,0.044837017441599784,0.0,0.044837017441599784,100.0
prime,1,0,0.044837017441599784,0.0,0.044837017441599784,100.0
zany,1,0,0.044837017441599784,0.0,0.044837017441599784,100.0
battlebots,1,0,0.044837017441599784,0.0,0.044837017441599784,100.0
usecase,1,0,0.044837017441599784,0.0,0.044837017441599784,100.0
timein,1,0,0.044837017441599784,0.0,0.044837017441599784,100.0
claim,1,0,0.044837017441599784,0.0,0.044837017441599784,100.0
isolation,1,0,0.044837017441599784,0.0,0.044837017441599784,100.0
30millionyr,1,0,0.044837017441599784,0.0,0.044837017441599784,100.0
featuring,1,0,0.044837017441599784,0.0,0.044837017441599784,100.0
aug,1,0,0.044837017441599784,0.0,0.044837017441599784,100.0
undercutting,1,0,0.044837017441599784,0.0,0.044837017441599784,100.0
microadventures,1,0,0.044837017441599784,0.0,0.044837017441599784,100.0
aggressive,1,0,0.044837017441599784,0.0,0.044837017441599784,100.0
readstream,1,0,0.044837017441599784,0.0,0.044837017441599784,100.0
consulted,1,0,0.044837017441599784,0.0,0.044837017441599784,100.0
booksblogsvideos,1,0,0.044837017441599784,0.0,0.044837017441599784,100.0
systematic,1,0,0.044837017441599784,0.0,0.044837017441599784,100.0
revenuethere,1,0,0.044837017441599784,0.0,0.044837017441599784,100.0
httpwwwgrowhackcom,1,0,0.044837017441599784,0.0,0.044837017441599784,100.0
themcurrently,1,0,0.044837017441599784,0.0,0.044837017441599784,100.0
therewe,1,0,0.044837017441599784,0.0,0.044837017441599784,100.0
greeting,1,0,0.044837017441599784,0.0,0.044837017441599784,100.0
etcenriching,1,0,0.044837017441599784,0.0,0.044837017441599784,100.0
possiblethere,1,0,0.044837017441599784,0.0,0.044837017441599784,100.0
embeds,1,0,0.044837017441599784,0.0,0.044837017441599784,100.0
revenuebegun,1,0,0.044837017441599784,0.0,0.044837017441599784,100.0
manuscript,1,0,0.044837017441599784,0.0,0.044837017441599784,100.0
settled,1,0,0.044837017441599784,0.0,0.044837017441599784,100.0
discriminate,1,0,0.044837017441599784,0.0,0.044837017441599784,100.0
collegetocareer,1,0,0.044837017441599784,0.0,0.044837017441599784,100.0
allies,1,0,0.044837017441599784,0.0,0.044837017441599784,100.0
flower,1,0,0.044837017441599784,0.0,0.044837017441599784,100.0
apihacky,1,0,0.044837017441599784,0.0,0.044837017441599784,100.0
commensurately,1,0,0.044837017441599784,0.0,0.044837017441599784,100.0
blogsfbtwitteretc,1,0,0.044837017441599784,0.0,0.044837017441599784,100.0
stepbystep,1,0,0.044837017441599784,0.0,0.044837017441599784,100.0
upenn,1,0,0.044837017441599784,0.0,0.044837017441599784,100.0
concierge,1,0,0.044837017441599784,0.0,0.044837017441599784,100.0
observed,1,0,0.044837017441599784,0.0,0.044837017441599784,100.0
oem,1,0,0.044837017441599784,0.0,0.044837017441599784,100.0
controlled,1,0,0.044837017441599784,0.0,0.044837017441599784,100.0
brunswickall,1,0,0.044837017441599784,0.0,0.044837017441599784,100.0
gallop,1,0,0.044837017441599784,0.0,0.044837017441599784,100.0
deviceswe,1,0,0.044837017441599784,0.0,0.044837017441599784,100.0
offhoursall,1,0,0.044837017441599784,0.0,0.044837017441599784,100.0
mgmtgroupware,1,0,0.044837017441599784,0.0,0.044837017441599784,100.0
usagebasis,1,0,0.044837017441599784,0.0,0.044837017441599784,100.0
experimentation,1,0,0.044837017441599784,0.0,0.044837017441599784,100.0
billed,1,0,0.044837017441599784,0.0,0.044837017441599784,100.0
wherever,1,0,0.044837017441599784,0.0,0.044837017441599784,100.0
tipsy,1,0,0.044837017441599784,0.0,0.044837017441599784,100.0
httpgetavantcardcom,1,0,0.044837017441599784,0.0,0.044837017441599784,100.0
manufacturerin,1,0,0.044837017441599784,0.0,0.044837017441599784,100.0
exclusive,1,0,0.044837017441599784,0.0,0.044837017441599784,100.0
bondsman,1,0,0.044837017441599784,0.0,0.044837017441599784,100.0
bufferbox,1,0,0.044837017441599784,0.0,0.044837017441599784,100.0
ceos,1,0,0.044837017441599784,0.0,0.044837017441599784,100.0
suites,1,0,0.044837017441599784,0.0,0.044837017441599784,100.0
fastplus,1,0,0.044837017441599784,0.0,0.044837017441599784,100.0
dilapidated,1,0,0.044837017441599784,0.0,0.044837017441599784,100.0
serves,1,0,0.044837017441599784,0.0,0.044837017441599784,100.0
missed,1,0,0.044837017441599784,0.0,0.044837017441599784,100.0
placehelping,1,0,0.044837017441599784,0.0,0.044837017441599784,100.0
lawyers,1,0,0.044837017441599784,0.0,0.044837017441599784,100.0
omx,1,0,0.044837017441599784,0.0,0.044837017441599784,100.0
experiencethere,1,0,0.044837017441599784,0.0,0.044837017441599784,100.0
unluck,1,0,0.044837017441599784,0.0,0.044837017441599784,100.0
2nd,1,0,0.044837017441599784,0.0,0.044837017441599784,100.0
subscribing,1,0,0.044837017441599784,0.0,0.044837017441599784,100.0
frustrations,1,0,0.044837017441599784,0.0,0.044837017441599784,100.0
thorough,1,0,0.044837017441599784,0.0,0.044837017441599784,100.0
suffers,1,0,0.044837017441599784,0.0,0.044837017441599784,100.0
landhttpstwittercomkenneyjasonstatus336716401819652096,1,0,0.044837017441599784,0.0,0.044837017441599784,100.0
dresses,1,0,0.044837017441599784,0.0,0.044837017441599784,100.0
combining,1,0,0.044837017441599784,0.0,0.044837017441599784,100.0
laptop,1,0,0.044837017441599784,0.0,0.044837017441599784,100.0
carrefour,1,0,0.044837017441599784,0.0,0.044837017441599784,100.0
workdans,1,0,0.044837017441599784,0.0,0.044837017441599784,100.0
urban,1,0,0.044837017441599784,0.0,0.044837017441599784,100.0
pointing,1,0,0.044837017441599784,0.0,0.044837017441599784,100.0
nonsensical,1,0,0.044837017441599784,0.0,0.044837017441599784,100.0
uk700000,1,0,0.044837017441599784,0.0,0.044837017441599784,100.0
bijectkarma,1,0,0.044837017441599784,0.0,0.044837017441599784,100.0
regulatorycommercial,1,0,0.044837017441599784,0.0,0.044837017441599784,100.0
incomplete,1,0,0.044837017441599784,0.0,0.044837017441599784,100.0
30day,1,0,0.044837017441599784,0.0,0.044837017441599784,100.0
midsize,1,0,0.044837017441599784,0.0,0.044837017441599784,100.0
flight,1,0,0.044837017441599784,0.0,0.044837017441599784,100.0
rebuilt,1,0,0.044837017441599784,0.0,0.044837017441599784,100.0
simplyproviding,1,0,0.044837017441599784,0.0,0.044837017441599784,100.0
subimpressive,1,0,0.044837017441599784,0.0,0.044837017441599784,100.0
errors,1,0,0.044837017441599784,0.0,0.044837017441599784,100.0
uncaught,1,0,0.044837017441599784,0.0,0.044837017441599784,100.0
pythonnginxlinux,1,0,0.044837017441599784,0.0,0.044837017441599784,100.0
embarrassing,1,0,0.044837017441599784,0.0,0.044837017441599784,100.0
mitstanford,1,0,0.044837017441599784,0.0,0.044837017441599784,100.0
producti,1,0,0.044837017441599784,0.0,0.044837017441599784,100.0
bluechip,1,0,0.044837017441599784,0.0,0.044837017441599784,100.0
collaborators,1,0,0.044837017441599784,0.0,0.044837017441599784,100.0
ipo,1,0,0.044837017441599784,0.0,0.044837017441599784,100.0
yearswere,1,0,0.044837017441599784,0.0,0.044837017441599784,100.0
httpsitunesapplecomusappsimplehabitmindfulness,1,0,0.044837017441599784,0.0,0.044837017441599784,100.0
geekwire,1,0,0.044837017441599784,0.0,0.044837017441599784,100.0
ums,1,0,0.044837017441599784,0.0,0.044837017441599784,100.0
contentexamples,1,0,0.044837017441599784,0.0,0.044837017441599784,100.0
riskfree,1,0,0.044837017441599784,0.0,0.044837017441599784,100.0
positioning,1,0,0.044837017441599784,0.0,0.044837017441599784,100.0
butterwe,1,0,0.044837017441599784,0.0,0.044837017441599784,100.0
youtubehttpswwwyoutubecomwatchvlanh2fapskm,1,0,0.044837017441599784,0.0,0.044837017441599784,100.0
supposed,1,0,0.044837017441599784,0.0,0.044837017441599784,100.0
environmentally,1,0,0.044837017441599784,0.0,0.044837017441599784,100.0
mortar,1,0,0.044837017441599784,0.0,0.044837017441599784,100.0
internships,1,0,0.044837017441599784,0.0,0.044837017441599784,100.0
deduct,1,0,0.044837017441599784,0.0,0.044837017441599784,100.0
enclosed,1,0,0.044837017441599784,0.0,0.044837017441599784,100.0
babysitting,1,0,0.044837017441599784,0.0,0.044837017441599784,100.0
classrooms,1,0,0.044837017441599784,0.0,0.044837017441599784,100.0
distracted,1,0,0.044837017441599784,0.0,0.044837017441599784,100.0
founderdating,1,0,0.044837017441599784,0.0,0.044837017441599784,100.0
onlinedirect,1,0,0.044837017441599784,0.0,0.044837017441599784,100.0
ridiculous,1,0,0.044837017441599784,0.0,0.044837017441599784,100.0
hook,1,0,0.044837017441599784,0.0,0.044837017441599784,100.0
erase,1,0,0.044837017441599784,0.0,0.044837017441599784,100.0
pr2,1,0,0.044837017441599784,0.0,0.044837017441599784,100.0
ml2,1,0,0.044837017441599784,0.0,0.044837017441599784,100.0
odesks2,1,0,0.044837017441599784,0.0,0.044837017441599784,100.0
sideline,1,0,0.044837017441599784,0.0,0.044837017441599784,100.0
loophole,1,0,0.044837017441599784,0.0,0.044837017441599784,100.0
ele,1,0,0.044837017441599784,0.0,0.044837017441599784,100.0
relied,1,0,0.044837017441599784,0.0,0.044837017441599784,100.0
lightning,1,0,0.044837017441599784,0.0,0.044837017441599784,100.0
yaghmaie,1,0,0.044837017441599784,0.0,0.044837017441599784,100.0
gusto,1,0,0.044837017441599784,0.0,0.044837017441599784,100.0
network4,1,0,0.044837017441599784,0.0,0.044837017441599784,100.0
payrolldeductibleloans,1,0,0.044837017441599784,0.0,0.044837017441599784,100.0
cluster,1,0,0.044837017441599784,0.0,0.044837017441599784,100.0
newbies,1,0,0.044837017441599784,0.0,0.044837017441599784,100.0
w10many,1,0,0.044837017441599784,0.0,0.044837017441599784,100.0
stranger,1,0,0.044837017441599784,0.0,0.044837017441599784,100.0
unglamorously,1,0,0.044837017441599784,0.0,0.044837017441599784,100.0
sonder,1,0,0.044837017441599784,0.0,0.044837017441599784,100.0
communicationsnone,1,0,0.044837017441599784,0.0,0.044837017441599784,100.0
appreciated,1,0,0.044837017441599784,0.0,0.044837017441599784,100.0
safety,1,0,0.044837017441599784,0.0,0.044837017441599784,100.0
personregarding,1,0,0.044837017441599784,0.0,0.044837017441599784,100.0
mailgithub,1,0,0.044837017441599784,0.0,0.044837017441599784,100.0
products3,1,0,0.044837017441599784,0.0,0.044837017441599784,100.0
endorsement,1,0,0.044837017441599784,0.0,0.044837017441599784,100.0
loathei,1,0,0.044837017441599784,0.0,0.044837017441599784,100.0
engineered,1,0,0.044837017441599784,0.0,0.044837017441599784,100.0
companyour,1,0,0.044837017441599784,0.0,0.044837017441599784,100.0
sorrydavid,1,0,0.044837017441599784,0.0,0.044837017441599784,100.0
takkle,1,0,0.044837017441599784,0.0,0.044837017441599784,100.0
bolierplate,1,0,0.044837017441599784,0.0,0.044837017441599784,100.0
issued,1,0,0.044837017441599784,0.0,0.044837017441599784,100.0
frontend,1,0,0.044837017441599784,0.0,0.044837017441599784,100.0
innovatingsubstitutes,1,0,0.044837017441599784,0.0,0.044837017441599784,100.0
fitwe,1,0,0.044837017441599784,0.0,0.044837017441599784,100.0
growhack,1,0,0.044837017441599784,0.0,0.044837017441599784,100.0
transactionsfor,1,0,0.044837017441599784,0.0,0.044837017441599784,100.0
workarounds,1,0,0.044837017441599784,0.0,0.044837017441599784,100.0
upwell,1,0,0.044837017441599784,0.0,0.044837017441599784,100.0
entrepreneurship,1,0,0.044837017441599784,0.0,0.044837017441599784,100.0
mandatory,1,0,0.044837017441599784,0.0,0.044837017441599784,100.0
dissecting,1,0,0.044837017441599784,0.0,0.044837017441599784,100.0
10kyearwe,1,0,0.044837017441599784,0.0,0.044837017441599784,100.0
funat,1,0,0.044837017441599784,0.0,0.044837017441599784,100.0
tss23,1,0,0.044837017441599784,0.0,0.044837017441599784,100.0
dvds,1,0,0.044837017441599784,0.0,0.044837017441599784,100.0
anytime,1,0,0.044837017441599784,0.0,0.044837017441599784,100.0
cervical,1,0,0.044837017441599784,0.0,0.044837017441599784,100.0
jpmc,1,0,0.044837017441599784,0.0,0.044837017441599784,100.0
luke,1,0,0.044837017441599784,0.0,0.044837017441599784,100.0
uswhy,1,0,0.044837017441599784,0.0,0.044837017441599784,100.0
lola,1,0,0.044837017441599784,0.0,0.044837017441599784,100.0
s12,1,0,0.044837017441599784,0.0,0.044837017441599784,100.0
sms,1,0,0.044837017441599784,0.0,0.044837017441599784,100.0
bundle,1,0,0.044837017441599784,0.0,0.044837017441599784,100.0
ideaits,1,0,0.044837017441599784,0.0,0.044837017441599784,100.0
asu,1,0,0.044837017441599784,0.0,0.044837017441599784,100.0
enoughmaybe,1,0,0.044837017441599784,0.0,0.044837017441599784,100.0
05m,1,0,0.044837017441599784,0.0,0.044837017441599784,100.0
15page,1,0,0.044837017441599784,0.0,0.044837017441599784,100.0
parallels,1,0,0.044837017441599784,0.0,0.044837017441599784,100.0
kosher,1,0,0.044837017441599784,0.0,0.044837017441599784,100.0
pursuing,1,0,0.044837017441599784,0.0,0.044837017441599784,100.0
imessage,1,0,0.044837017441599784,0.0,0.044837017441599784,100.0
alumsgarry,1,0,0.044837017441599784,0.0,0.044837017441599784,100.0
saasthe,1,0,0.044837017441599784,0.0,0.044837017441599784,100.0
participantsthe,1,0,0.044837017441599784,0.0,0.044837017441599784,100.0
tip,1,0,0.044837017441599784,0.0,0.044837017441599784,100.0
shopify,1,0,0.044837017441599784,0.0,0.044837017441599784,100.0
burden,1,0,0.044837017441599784,0.0,0.044837017441599784,100.0
abouthttpwwwdictionaryofobscuresorrowscompost23536922667sonder,1,0,0.044837017441599784,0.0,0.044837017441599784,100.0
repair,1,0,0.044837017441599784,0.0,0.044837017441599784,100.0
reversed,1,0,0.044837017441599784,0.0,0.044837017441599784,100.0
outbound,1,0,0.044837017441599784,0.0,0.044837017441599784,100.0
lavender,1,0,0.044837017441599784,0.0,0.044837017441599784,100.0
embraer,1,0,0.044837017441599784,0.0,0.044837017441599784,100.0
biology,1,0,0.044837017441599784,0.0,0.044837017441599784,100.0
altruism,1,0,0.044837017441599784,0.0,0.044837017441599784,100.0
musk,1,0,0.044837017441599784,0.0,0.044837017441599784,100.0
lone,1,0,0.044837017441599784,0.0,0.044837017441599784,100.0
lawmakers,1,0,0.044837017441599784,0.0,0.044837017441599784,100.0
forsubstitutes,1,0,0.044837017441599784,0.0,0.044837017441599784,100.0
gogs,1,0,0.044837017441599784,0.0,0.044837017441599784,100.0
sycophant,1,0,0.044837017441599784,0.0,0.044837017441599784,100.0
ways5a,1,0,0.044837017441599784,0.0,0.044837017441599784,100.0
flurry,1,0,0.044837017441599784,0.0,0.044837017441599784,100.0
luckily,1,0,0.044837017441599784,0.0,0.044837017441599784,100.0
nonstarter,1,0,0.044837017441599784,0.0,0.044837017441599784,100.0
backends,1,0,0.044837017441599784,0.0,0.044837017441599784,100.0
kicksend,1,0,0.044837017441599784,0.0,0.044837017441599784,100.0
andappsumoupcoming,1,0,0.044837017441599784,0.0,0.044837017441599784,100.0
underpay,1,0,0.044837017441599784,0.0,0.044837017441599784,100.0
arise,1,0,0.044837017441599784,0.0,0.044837017441599784,100.0
everydayfor,1,0,0.044837017441599784,0.0,0.044837017441599784,100.0
syndicated,1,0,0.044837017441599784,0.0,0.044837017441599784,100.0
educationawareness,1,0,0.044837017441599784,0.0,0.044837017441599784,100.0
machinerather,1,0,0.044837017441599784,0.0,0.044837017441599784,100.0
contextual,1,0,0.044837017441599784,0.0,0.044837017441599784,100.0
for2,1,0,0.044837017441599784,0.0,0.044837017441599784,100.0
organics,1,0,0.044837017441599784,0.0,0.044837017441599784,100.0
launchexisting,1,0,0.044837017441599784,0.0,0.044837017441599784,100.0
teampeople,1,0,0.044837017441599784,0.0,0.044837017441599784,100.0
relocate,1,0,0.044837017441599784,0.0,0.044837017441599784,100.0
branch,1,0,0.044837017441599784,0.0,0.044837017441599784,100.0
grueling,1,0,0.044837017441599784,0.0,0.044837017441599784,100.0
carried,1,0,0.044837017441599784,0.0,0.044837017441599784,100.0
impetus,1,0,0.044837017441599784,0.0,0.044837017441599784,100.0
schlep,1,0,0.044837017441599784,0.0,0.044837017441599784,100.0
notable,1,0,0.044837017441599784,0.0,0.044837017441599784,100.0
againwhat,1,0,0.044837017441599784,0.0,0.044837017441599784,100.0
drift,1,0,0.044837017441599784,0.0,0.044837017441599784,100.0
httpwwwyoutubecomwatchv69g_iet3wesjebagu,1,0,0.044837017441599784,0.0,0.044837017441599784,100.0
httpnewspaperdemocomwe,1,0,0.044837017441599784,0.0,0.044837017441599784,100.0
dayno,1,0,0.044837017441599784,0.0,0.044837017441599784,100.0
coupons,1,0,0.044837017441599784,0.0,0.044837017441599784,100.0
durham,1,0,0.044837017441599784,0.0,0.044837017441599784,100.0
patagonia,1,0,0.044837017441599784,0.0,0.044837017441599784,100.0
sight,1,0,0.044837017441599784,0.0,0.044837017441599784,100.0
stayfree,1,0,0.044837017441599784,0.0,0.044837017441599784,100.0
gotesman,1,0,0.044837017441599784,0.0,0.044837017441599784,100.0
designation,1,0,0.044837017441599784,0.0,0.044837017441599784,100.0
ringing,1,0,0.044837017441599784,0.0,0.044837017441599784,100.0
kvogt,1,0,0.044837017441599784,0.0,0.044837017441599784,100.0
mandolin,1,0,0.044837017441599784,0.0,0.044837017441599784,100.0
maturity,1,0,0.044837017441599784,0.0,0.044837017441599784,100.0
alonenow,1,0,0.044837017441599784,0.0,0.044837017441599784,100.0
canal,1,0,0.044837017441599784,0.0,0.044837017441599784,100.0
bridges,1,0,0.044837017441599784,0.0,0.044837017441599784,100.0
5kloc,1,0,0.044837017441599784,0.0,0.044837017441599784,100.0
chicago,1,0,0.044837017441599784,0.0,0.044837017441599784,100.0
prohibitive,1,0,0.044837017441599784,0.0,0.044837017441599784,100.0
gaming,1,0,0.044837017441599784,0.0,0.044837017441599784,100.0
deskwhile,1,0,0.044837017441599784,0.0,0.044837017441599784,100.0
teamsathletes,1,0,0.044837017441599784,0.0,0.044837017441599784,100.0
moriarty,1,0,0.044837017441599784,0.0,0.044837017441599784,100.0
advices,1,0,0.044837017441599784,0.0,0.044837017441599784,100.0
plugs,1,0,0.044837017441599784,0.0,0.044837017441599784,100.0
pdfs,1,0,0.044837017441599784,0.0,0.044837017441599784,100.0
tooinstead,1,0,0.044837017441599784,0.0,0.044837017441599784,100.0
arenta,1,0,0.044837017441599784,0.0,0.044837017441599784,100.0
serendipitously,1,0,0.044837017441599784,0.0,0.044837017441599784,100.0
easytouse,1,0,0.044837017441599784,0.0,0.044837017441599784,100.0
nudging,1,0,0.044837017441599784,0.0,0.044837017441599784,100.0
haiku,1,0,0.044837017441599784,0.0,0.044837017441599784,100.0
predevelopment,1,0,0.044837017441599784,0.0,0.044837017441599784,100.0
informationlike,1,0,0.044837017441599784,0.0,0.044837017441599784,100.0
ratios,1,0,0.044837017441599784,0.0,0.044837017441599784,100.0
departed,1,0,0.044837017441599784,0.0,0.044837017441599784,100.0
honest,1,0,0.044837017441599784,0.0,0.044837017441599784,100.0
townsthe,1,0,0.044837017441599784,0.0,0.044837017441599784,100.0
joistcom,1,0,0.044837017441599784,0.0,0.044837017441599784,100.0
hana,1,0,0.044837017441599784,0.0,0.044837017441599784,100.0
interspersed,1,0,0.044837017441599784,0.0,0.044837017441599784,100.0
scaleaiusertestingcom,1,0,0.044837017441599784,0.0,0.044837017441599784,100.0
mindsthe,1,0,0.044837017441599784,0.0,0.044837017441599784,100.0
dupont,1,0,0.044837017441599784,0.0,0.044837017441599784,100.0
foldershare,1,0,0.044837017441599784,0.0,0.044837017441599784,100.0
noncompete,1,0,0.044837017441599784,0.0,0.044837017441599784,100.0
teachings,1,0,0.044837017441599784,0.0,0.044837017441599784,100.0
inflections,1,0,0.044837017441599784,0.0,0.044837017441599784,100.0
chillingo,1,0,0.044837017441599784,0.0,0.044837017441599784,100.0
quantshf,1,0,0.044837017441599784,0.0,0.044837017441599784,100.0
channelssuch,1,0,0.044837017441599784,0.0,0.044837017441599784,100.0
implementations,1,0,0.044837017441599784,0.0,0.044837017441599784,100.0
obstacles,1,0,0.044837017441599784,0.0,0.044837017441599784,100.0
geological,1,0,0.044837017441599784,0.0,0.044837017441599784,100.0
salaried,1,0,0.044837017441599784,0.0,0.044837017441599784,100.0
extraordinarily,1,0,0.044837017441599784,0.0,0.044837017441599784,100.0
elections,1,0,0.044837017441599784,0.0,0.044837017441599784,100.0
andinexpensively,1,0,0.044837017441599784,0.0,0.044837017441599784,100.0
millennialssoftcup,1,0,0.044837017441599784,0.0,0.044837017441599784,100.0
foothold,1,0,0.044837017441599784,0.0,0.044837017441599784,100.0
presold,1,0,0.044837017441599784,0.0,0.044837017441599784,100.0
broker,1,0,0.044837017441599784,0.0,0.044837017441599784,100.0
refining,1,0,0.044837017441599784,0.0,0.044837017441599784,100.0
networksteachablelambda,1,0,0.044837017441599784,0.0,0.044837017441599784,100.0
interpol,1,0,0.044837017441599784,0.0,0.044837017441599784,100.0
lowrisk,1,0,0.044837017441599784,0.0,0.044837017441599784,100.0
schoolwe,1,0,0.044837017441599784,0.0,0.044837017441599784,100.0
mike,1,0,0.044837017441599784,0.0,0.044837017441599784,100.0
plays,1,0,0.044837017441599784,0.0,0.044837017441599784,100.0
inception,1,0,0.044837017441599784,0.0,0.044837017441599784,100.0
dire,1,0,0.044837017441599784,0.0,0.044837017441599784,100.0
positiveweve,1,0,0.044837017441599784,0.0,0.044837017441599784,100.0
undisrupted,1,0,0.044837017441599784,0.0,0.044837017441599784,100.0
priceive,1,0,0.044837017441599784,0.0,0.044837017441599784,100.0
previouslyproduct,1,0,0.044837017441599784,0.0,0.044837017441599784,100.0
intuit,1,0,0.044837017441599784,0.0,0.044837017441599784,100.0
regulators,1,0,0.044837017441599784,0.0,0.044837017441599784,100.0
gray,1,0,0.044837017441599784,0.0,0.044837017441599784,100.0
pinkandpurple,1,0,0.044837017441599784,0.0,0.044837017441599784,100.0
tawhile,1,0,0.044837017441599784,0.0,0.044837017441599784,100.0
calculated,1,0,0.044837017441599784,0.0,0.044837017441599784,100.0
amplified,1,0,0.044837017441599784,0.0,0.044837017441599784,100.0
rubyrails,1,0,0.044837017441599784,0.0,0.044837017441599784,100.0
equipmentwe,1,0,0.044837017441599784,0.0,0.044837017441599784,100.0
refinery29,1,0,0.044837017441599784,0.0,0.044837017441599784,100.0
routine,1,0,0.044837017441599784,0.0,0.044837017441599784,100.0
touchscreen,1,0,0.044837017441599784,0.0,0.044837017441599784,100.0
respect,1,0,0.044837017441599784,0.0,0.044837017441599784,100.0
charities,1,0,0.044837017441599784,0.0,0.044837017441599784,100.0
23byr,1,0,0.044837017441599784,0.0,0.044837017441599784,100.0
revised,1,0,0.044837017441599784,0.0,0.044837017441599784,100.0
cds,1,0,0.044837017441599784,0.0,0.044837017441599784,100.0
iphones,1,0,0.044837017441599784,0.0,0.044837017441599784,100.0
millionwe,1,0,0.044837017441599784,0.0,0.044837017441599784,100.0
excelle,1,0,0.044837017441599784,0.0,0.044837017441599784,100.0
notificationspreference,1,0,0.044837017441599784,0.0,0.044837017441599784,100.0
obsequious,1,0,0.044837017441599784,0.0,0.044837017441599784,100.0
mixture,1,0,0.044837017441599784,0.0,0.044837017441599784,100.0
hummingbird,1,0,0.044837017441599784,0.0,0.044837017441599784,100.0
veterans,1,0,0.044837017441599784,0.0,0.044837017441599784,100.0
httpdecienscom,1,0,0.044837017441599784,0.0,0.044837017441599784,100.0
dorms,1,0,0.044837017441599784,0.0,0.044837017441599784,100.0
mediate,1,0,0.044837017441599784,0.0,0.044837017441599784,100.0
graymatter,1,0,0.044837017441599784,0.0,0.044837017441599784,100.0
specials,1,0,0.044837017441599784,0.0,0.044837017441599784,100.0
rendition,1,0,0.044837017441599784,0.0,0.044837017441599784,100.0
wager,1,0,0.044837017441599784,0.0,0.044837017441599784,100.0
gamepublishers,1,0,0.044837017441599784,0.0,0.044837017441599784,100.0
thinkful,1,0,0.044837017441599784,0.0,0.044837017441599784,100.0
rack,1,0,0.044837017441599784,0.0,0.044837017441599784,100.0
demanding,1,0,0.044837017441599784,0.0,0.044837017441599784,100.0
tags,1,0,0.044837017441599784,0.0,0.044837017441599784,100.0
wisely,1,0,0.044837017441599784,0.0,0.044837017441599784,100.0
oversubscribed,1,0,0.044837017441599784,0.0,0.044837017441599784,100.0
piloting,1,0,0.044837017441599784,0.0,0.044837017441599784,100.0
kidding,1,0,0.044837017441599784,0.0,0.044837017441599784,100.0
institution,1,0,0.044837017441599784,0.0,0.044837017441599784,100.0
storiesheavily,1,0,0.044837017441599784,0.0,0.044837017441599784,100.0
bsd,1,0,0.044837017441599784,0.0,0.044837017441599784,100.0
improvementan,1,0,0.044837017441599784,0.0,0.044837017441599784,100.0
jumpcut,1,0,0.044837017441599784,0.0,0.044837017441599784,100.0
tuned,1,0,0.044837017441599784,0.0,0.044837017441599784,100.0
plum,1,0,0.044837017441599784,0.0,0.044837017441599784,100.0
wastedweve,1,0,0.044837017441599784,0.0,0.044837017441599784,100.0
ignoring,1,0,0.044837017441599784,0.0,0.044837017441599784,100.0
lane,1,0,0.044837017441599784,0.0,0.044837017441599784,100.0
engagementhappiness,1,0,0.044837017441599784,0.0,0.044837017441599784,100.0
enterprisesthe,1,0,0.044837017441599784,0.0,0.044837017441599784,100.0
declined,1,0,0.044837017441599784,0.0,0.044837017441599784,100.0
audi,1,0,0.044837017441599784,0.0,0.044837017441599784,100.0
subscriber,1,0,0.044837017441599784,0.0,0.044837017441599784,100.0
rivals,1,0,0.044837017441599784,0.0,0.044837017441599784,100.0
80b,1,0,0.044837017441599784,0.0,0.044837017441599784,100.0
experimentalsurvey,1,0,0.044837017441599784,0.0,0.044837017441599784,100.0
videoon,1,0,0.044837017441599784,0.0,0.044837017441599784,100.0
liveswe,1,0,0.044837017441599784,0.0,0.044837017441599784,100.0
uponwe,1,0,0.044837017441599784,0.0,0.044837017441599784,100.0
newsyc,1,0,0.044837017441599784,0.0,0.044837017441599784,100.0
platformbut,1,0,0.044837017441599784,0.0,0.044837017441599784,100.0
jensen,1,0,0.044837017441599784,0.0,0.044837017441599784,100.0
beer,1,0,0.044837017441599784,0.0,0.044837017441599784,100.0
randomly,1,0,0.044837017441599784,0.0,0.044837017441599784,100.0
doneeven,1,0,0.044837017441599784,0.0,0.044837017441599784,100.0
stayed,1,0,0.044837017441599784,0.0,0.044837017441599784,100.0
spellcheckers,1,0,0.044837017441599784,0.0,0.044837017441599784,100.0
twenty,1,0,0.044837017441599784,0.0,0.044837017441599784,100.0
glimpse,1,0,0.044837017441599784,0.0,0.044837017441599784,100.0
aster,1,0,0.044837017441599784,0.0,0.044837017441599784,100.0
kathryn,1,0,0.044837017441599784,0.0,0.044837017441599784,100.0
colab,1,0,0.044837017441599784,0.0,0.044837017441599784,100.0
rwandan,1,0,0.044837017441599784,0.0,0.044837017441599784,100.0
womenin,1,0,0.044837017441599784,0.0,0.044837017441599784,100.0
prepitch,1,0,0.044837017441599784,0.0,0.044837017441599784,100.0
enter,1,0,0.044837017441599784,0.0,0.044837017441599784,100.0
planlaunched,1,0,0.044837017441599784,0.0,0.044837017441599784,100.0
avenues,1,0,0.044837017441599784,0.0,0.044837017441599784,100.0
pitted,1,0,0.044837017441599784,0.0,0.044837017441599784,100.0
projectspecific,1,0,0.044837017441599784,0.0,0.044837017441599784,100.0
massmarket,1,0,0.044837017441599784,0.0,0.044837017441599784,100.0
shockingly,1,0,0.044837017441599784,0.0,0.044837017441599784,100.0
accordinglyadditionally,1,0,0.044837017441599784,0.0,0.044837017441599784,100.0
75m,1,0,0.044837017441599784,0.0,0.044837017441599784,100.0
work31,1,0,0.044837017441599784,0.0,0.044837017441599784,100.0
lateoctober,1,0,0.044837017441599784,0.0,0.044837017441599784,100.0
miami,1,0,0.044837017441599784,0.0,0.044837017441599784,100.0
mellon,1,0,0.044837017441599784,0.0,0.044837017441599784,100.0
anticipate,1,0,0.044837017441599784,0.0,0.044837017441599784,100.0
crosses,1,0,0.044837017441599784,0.0,0.044837017441599784,100.0
integrationsduring,1,0,0.044837017441599784,0.0,0.044837017441599784,100.0
fraud,1,0,0.044837017441599784,0.0,0.044837017441599784,100.0
powering,1,0,0.044837017441599784,0.0,0.044837017441599784,100.0
submarines,1,0,0.044837017441599784,0.0,0.044837017441599784,100.0
match,1,0,0.044837017441599784,0.0,0.044837017441599784,100.0
somewhat,1,0,0.044837017441599784,0.0,0.044837017441599784,100.0
plugged,1,0,0.044837017441599784,0.0,0.044837017441599784,100.0
realmoney,1,0,0.044837017441599784,0.0,0.044837017441599784,100.0
foam,1,0,0.044837017441599784,0.0,0.044837017441599784,100.0
regularly,1,0,0.044837017441599784,0.0,0.044837017441599784,100.0
scams,1,0,0.044837017441599784,0.0,0.044837017441599784,100.0
defy,1,0,0.044837017441599784,0.0,0.044837017441599784,100.0
louis,1,0,0.044837017441599784,0.0,0.044837017441599784,100.0
acquisitionadditionally,1,0,0.044837017441599784,0.0,0.044837017441599784,100.0
httpsathensappss3useast2amazonawscomathens100beta19dmg,1,0,0.044837017441599784,0.0,0.044837017441599784,100.0
kimberlyclark,1,0,0.044837017441599784,0.0,0.044837017441599784,100.0
nike,1,0,0.044837017441599784,0.0,0.044837017441599784,100.0
marissa,1,0,0.044837017441599784,0.0,0.044837017441599784,100.0
experienceflex,1,0,0.044837017441599784,0.0,0.044837017441599784,100.0
phoenixmy,1,0,0.044837017441599784,0.0,0.044837017441599784,100.0
kayakstyle,1,0,0.044837017441599784,0.0,0.044837017441599784,100.0
cents,1,0,0.044837017441599784,0.0,0.044837017441599784,100.0
yep,1,0,0.044837017441599784,0.0,0.044837017441599784,100.0
happily,1,0,0.044837017441599784,0.0,0.044837017441599784,100.0
culled,1,0,0.044837017441599784,0.0,0.044837017441599784,100.0
substantial,1,0,0.044837017441599784,0.0,0.044837017441599784,100.0
voted,1,0,0.044837017441599784,0.0,0.044837017441599784,100.0
subscriptionchic,1,0,0.044837017441599784,0.0,0.044837017441599784,100.0
newark,1,0,0.044837017441599784,0.0,0.044837017441599784,100.0
emailinguploading,1,0,0.044837017441599784,0.0,0.044837017441599784,100.0
disengagement,1,0,0.044837017441599784,0.0,0.044837017441599784,100.0
universally,1,0,0.044837017441599784,0.0,0.044837017441599784,100.0
feesjd,1,0,0.044837017441599784,0.0,0.044837017441599784,100.0
nasa,1,0,0.044837017441599784,0.0,0.044837017441599784,100.0
versus,1,0,0.044837017441599784,0.0,0.044837017441599784,100.0
postgresql,1,0,0.044837017441599784,0.0,0.044837017441599784,100.0
rounded,1,0,0.044837017441599784,0.0,0.044837017441599784,100.0
permanently,1,0,0.044837017441599784,0.0,0.044837017441599784,100.0
purnell,1,0,0.044837017441599784,0.0,0.044837017441599784,100.0
unclear,1,0,0.044837017441599784,0.0,0.044837017441599784,100.0
definite,1,0,0.044837017441599784,0.0,0.044837017441599784,100.0
seller,1,0,0.044837017441599784,0.0,0.044837017441599784,100.0
dimensionalweights,1,0,0.044837017441599784,0.0,0.044837017441599784,100.0
documentary,1,0,0.044837017441599784,0.0,0.044837017441599784,100.0
100b,1,0,0.044837017441599784,0.0,0.044837017441599784,100.0
15x,1,0,0.044837017441599784,0.0,0.044837017441599784,100.0
apr,1,0,0.044837017441599784,0.0,0.044837017441599784,100.0
shris,1,0,0.044837017441599784,0.0,0.044837017441599784,100.0
ucsf,1,0,0.044837017441599784,0.0,0.044837017441599784,100.0
nowour,1,0,0.044837017441599784,0.0,0.044837017441599784,100.0
obsessing,1,0,0.044837017441599784,0.0,0.044837017441599784,100.0
consultantsmbas,1,0,0.044837017441599784,0.0,0.044837017441599784,100.0
emotiv,1,0,0.044837017441599784,0.0,0.044837017441599784,100.0
worldchanging,1,0,0.044837017441599784,0.0,0.044837017441599784,100.0
yielded,1,0,0.044837017441599784,0.0,0.044837017441599784,100.0
havebegun,1,0,0.044837017441599784,0.0,0.044837017441599784,100.0
redactedwe,1,0,0.044837017441599784,0.0,0.044837017441599784,100.0
massages,1,0,0.044837017441599784,0.0,0.044837017441599784,100.0
kate,1,0,0.044837017441599784,0.0,0.044837017441599784,100.0
wilderness,1,0,0.044837017441599784,0.0,0.044837017441599784,100.0
sizing,1,0,0.044837017441599784,0.0,0.044837017441599784,100.0
color,1,0,0.044837017441599784,0.0,0.044837017441599784,100.0
responsive,1,0,0.044837017441599784,0.0,0.044837017441599784,100.0
printing,1,0,0.044837017441599784,0.0,0.044837017441599784,100.0
vaporize,1,0,0.044837017441599784,0.0,0.044837017441599784,100.0
tallinn,1,0,0.044837017441599784,0.0,0.044837017441599784,100.0
businesswe,1,0,0.044837017441599784,0.0,0.044837017441599784,100.0
injured,1,0,0.044837017441599784,0.0,0.044837017441599784,100.0
elsewhere,1,0,0.044837017441599784,0.0,0.044837017441599784,100.0
logged,1,0,0.044837017441599784,0.0,0.044837017441599784,100.0
syndrome,1,0,0.044837017441599784,0.0,0.044837017441599784,100.0
moneyi,1,0,0.044837017441599784,0.0,0.044837017441599784,100.0
meantgiving,1,0,0.044837017441599784,0.0,0.044837017441599784,100.0
boththe,1,0,0.044837017441599784,0.0,0.044837017441599784,100.0
crying,1,0,0.044837017441599784,0.0,0.044837017441599784,100.0
299mo,1,0,0.044837017441599784,0.0,0.044837017441599784,100.0
disbursement,1,0,0.044837017441599784,0.0,0.044837017441599784,100.0
playhouse,1,0,0.044837017441599784,0.0,0.044837017441599784,100.0
drawing,1,0,0.044837017441599784,0.0,0.044837017441599784,100.0
kernel,1,0,0.044837017441599784,0.0,0.044837017441599784,100.0
sorrows,1,0,0.044837017441599784,0.0,0.044837017441599784,100.0
taker,1,0,0.044837017441599784,0.0,0.044837017441599784,100.0
variables,1,0,0.044837017441599784,0.0,0.044837017441599784,100.0
applicationas,1,0,0.044837017441599784,0.0,0.044837017441599784,100.0
participates,1,0,0.044837017441599784,0.0,0.044837017441599784,100.0
simulating,1,0,0.044837017441599784,0.0,0.044837017441599784,100.0
sftp,1,0,0.044837017441599784,0.0,0.044837017441599784,100.0
c8300,1,0,0.044837017441599784,0.0,0.044837017441599784,100.0
31st,1,0,0.044837017441599784,0.0,0.044837017441599784,100.0
museum,1,0,0.044837017441599784,0.0,0.044837017441599784,100.0
mayer,1,0,0.044837017441599784,0.0,0.044837017441599784,100.0
dropboxes,1,0,0.044837017441599784,0.0,0.044837017441599784,100.0
desperately,1,0,0.044837017441599784,0.0,0.044837017441599784,100.0
doaccording,1,0,0.044837017441599784,0.0,0.044837017441599784,100.0
superhuman,1,0,0.044837017441599784,0.0,0.044837017441599784,100.0
pressuremidcareer,1,0,0.044837017441599784,0.0,0.044837017441599784,100.0
coverity,1,0,0.044837017441599784,0.0,0.044837017441599784,100.0
eve,1,0,0.044837017441599784,0.0,0.044837017441599784,100.0
greater,1,0,0.044837017441599784,0.0,0.044837017441599784,100.0
boomers,1,0,0.044837017441599784,0.0,0.044837017441599784,100.0
thalmic,1,0,0.044837017441599784,0.0,0.044837017441599784,100.0
httpwesleyzhaocomprivatetnfwcdcljt,1,0,0.044837017441599784,0.0,0.044837017441599784,100.0
inand,1,0,0.044837017441599784,0.0,0.044837017441599784,100.0
roommate,1,0,0.044837017441599784,0.0,0.044837017441599784,100.0
flexthe,1,0,0.044837017441599784,0.0,0.044837017441599784,100.0
problematic,1,0,0.044837017441599784,0.0,0.044837017441599784,100.0
verge,1,0,0.044837017441599784,0.0,0.044837017441599784,100.0
4kmo,1,0,0.044837017441599784,0.0,0.044837017441599784,100.0
augment,1,0,0.044837017441599784,0.0,0.044837017441599784,100.0
dominance,1,0,0.044837017441599784,0.0,0.044837017441599784,100.0
harj,1,0,0.044837017441599784,0.0,0.044837017441599784,100.0
3travis,1,0,0.044837017441599784,0.0,0.044837017441599784,100.0
highway,1,0,0.044837017441599784,0.0,0.044837017441599784,100.0
teammates,1,0,0.044837017441599784,0.0,0.044837017441599784,100.0
grants,1,0,0.044837017441599784,0.0,0.044837017441599784,100.0
captured,1,0,0.044837017441599784,0.0,0.044837017441599784,100.0
immature,1,0,0.044837017441599784,0.0,0.044837017441599784,100.0
labeled,1,0,0.044837017441599784,0.0,0.044837017441599784,100.0
jockeying,1,0,0.044837017441599784,0.0,0.044837017441599784,100.0
virus,1,0,0.044837017441599784,0.0,0.044837017441599784,100.0
cardwe,1,0,0.044837017441599784,0.0,0.044837017441599784,100.0
linksthe,1,0,0.044837017441599784,0.0,0.044837017441599784,100.0
peoplebut,1,0,0.044837017441599784,0.0,0.044837017441599784,100.0
fishing,1,0,0.044837017441599784,0.0,0.044837017441599784,100.0
adjust,1,0,0.044837017441599784,0.0,0.044837017441599784,100.0
speakerhttpsyoutubetfulrp3cmxuhttpsgithubcominterledgerjsilppluginminiaccountscommitsauthortangjeff0httpsgithubcominterledgerjsilppluginbtpcommitsauthortangjeff0httpsgithubcominterledgerjsilpconnectorcommitsauthortangjeff0,1,0,0.044837017441599784,0.0,0.044837017441599784,100.0
premiere,1,0,0.044837017441599784,0.0,0.044837017441599784,100.0
offergoodly,1,0,0.044837017441599784,0.0,0.044837017441599784,100.0
woocommerce,1,0,0.044837017441599784,0.0,0.044837017441599784,100.0
insecure,1,0,0.044837017441599784,0.0,0.044837017441599784,100.0
nonhardware,1,0,0.044837017441599784,0.0,0.044837017441599784,100.0
canadasan,1,0,0.044837017441599784,0.0,0.044837017441599784,100.0
applicability,1,0,0.044837017441599784,0.0,0.044837017441599784,100.0
cron,1,0,0.044837017441599784,0.0,0.044837017441599784,100.0
patents,1,0,0.044837017441599784,0.0,0.044837017441599784,100.0
kabam,1,0,0.044837017441599784,0.0,0.044837017441599784,100.0
blogged,1,0,0.044837017441599784,0.0,0.044837017441599784,100.0
longitudinal,1,0,0.044837017441599784,0.0,0.044837017441599784,100.0
soldout,1,0,0.044837017441599784,0.0,0.044837017441599784,100.0
wins,1,0,0.044837017441599784,0.0,0.044837017441599784,100.0
castle,1,0,0.044837017441599784,0.0,0.044837017441599784,100.0
mutual,1,0,0.044837017441599784,0.0,0.044837017441599784,100.0
signalled,1,0,0.044837017441599784,0.0,0.044837017441599784,100.0
catalogue,1,0,0.044837017441599784,0.0,0.044837017441599784,100.0
rave,1,0,0.044837017441599784,0.0,0.044837017441599784,100.0
treatment,1,0,0.044837017441599784,0.0,0.044837017441599784,100.0
dendrologist,1,0,0.044837017441599784,0.0,0.044837017441599784,100.0
industrydavid,1,0,0.044837017441599784,0.0,0.044837017441599784,100.0
disengaged,1,0,0.044837017441599784,0.0,0.044837017441599784,100.0
exec,1,0,0.044837017441599784,0.0,0.044837017441599784,100.0
mckinseyrelated,1,0,0.044837017441599784,0.0,0.044837017441599784,100.0
absence,1,0,0.044837017441599784,0.0,0.044837017441599784,100.0
3hour,1,0,0.044837017441599784,0.0,0.044837017441599784,100.0
govideo,1,0,0.044837017441599784,0.0,0.044837017441599784,100.0
anecdote,1,0,0.044837017441599784,0.0,0.044837017441599784,100.0
romantic,1,0,0.044837017441599784,0.0,0.044837017441599784,100.0
monththere,1,0,0.044837017441599784,0.0,0.044837017441599784,100.0
wang,1,0,0.044837017441599784,0.0,0.044837017441599784,100.0
intoxicated,1,0,0.044837017441599784,0.0,0.044837017441599784,100.0
semesterbased,1,0,0.044837017441599784,0.0,0.044837017441599784,100.0
teachable,1,0,0.044837017441599784,0.0,0.044837017441599784,100.0
hall,1,0,0.044837017441599784,0.0,0.044837017441599784,100.0
generations,1,0,0.044837017441599784,0.0,0.044837017441599784,100.0
narrowed,1,0,0.044837017441599784,0.0,0.044837017441599784,100.0
max,1,0,0.044837017441599784,0.0,0.044837017441599784,100.0
lubricant,1,0,0.044837017441599784,0.0,0.044837017441599784,100.0
tuition,1,0,0.044837017441599784,0.0,0.044837017441599784,100.0
amazingmany,1,0,0.044837017441599784,0.0,0.044837017441599784,100.0
kairos,1,0,0.044837017441599784,0.0,0.044837017441599784,100.0
retailerside,1,0,0.044837017441599784,0.0,0.044837017441599784,100.0
rubynationmore,1,0,0.044837017441599784,0.0,0.044837017441599784,100.0
leverages,1,0,0.044837017441599784,0.0,0.044837017441599784,100.0
resonate,1,0,0.044837017441599784,0.0,0.044837017441599784,100.0
1k10k,1,0,0.044837017441599784,0.0,0.044837017441599784,100.0
compatible,1,0,0.044837017441599784,0.0,0.044837017441599784,100.0
inputs,1,0,0.044837017441599784,0.0,0.044837017441599784,100.0
tighten,1,0,0.044837017441599784,0.0,0.044837017441599784,100.0
baseline,1,0,0.044837017441599784,0.0,0.044837017441599784,100.0
palatable,1,0,0.044837017441599784,0.0,0.044837017441599784,100.0
httpsgeneralassemblyblogonlearningtocodept1,1,0,0.044837017441599784,0.0,0.044837017441599784,100.0
assignment,1,0,0.044837017441599784,0.0,0.044837017441599784,100.0
29pedro,1,0,0.044837017441599784,0.0,0.044837017441599784,100.0
word2vec,1,0,0.044837017441599784,0.0,0.044837017441599784,100.0
tweeted,1,0,0.044837017441599784,0.0,0.044837017441599784,100.0
intercourse,1,0,0.044837017441599784,0.0,0.044837017441599784,100.0
emailtextpush,1,0,0.044837017441599784,0.0,0.044837017441599784,100.0
arrthe,1,0,0.044837017441599784,0.0,0.044837017441599784,100.0
franchisees,1,0,0.044837017441599784,0.0,0.044837017441599784,100.0
slideshare,1,0,0.044837017441599784,0.0,0.044837017441599784,100.0
ycbeyond,1,0,0.044837017441599784,0.0,0.044837017441599784,100.0
merry,1,0,0.044837017441599784,0.0,0.044837017441599784,100.0
divinity,1,0,0.044837017441599784,0.0,0.044837017441599784,100.0
approachits,1,0,0.044837017441599784,0.0,0.044837017441599784,100.0
attracts,1,0,0.044837017441599784,0.0,0.044837017441599784,100.0
laboratories,1,0,0.044837017441599784,0.0,0.044837017441599784,100.0
pressmedia,1,0,0.044837017441599784,0.0,0.044837017441599784,100.0
markdown,1,0,0.044837017441599784,0.0,0.044837017441599784,100.0
sellingsamples,1,0,0.044837017441599784,0.0,0.044837017441599784,100.0
covid19,1,0,0.044837017441599784,0.0,0.044837017441599784,100.0
sensordriven,1,0,0.044837017441599784,0.0,0.044837017441599784,100.0
peopleemail,1,0,0.044837017441599784,0.0,0.044837017441599784,100.0
scout,1,0,0.044837017441599784,0.0,0.044837017441599784,100.0
modelize,1,0,0.044837017441599784,0.0,0.044837017441599784,100.0
expertiseweve,1,0,0.044837017441599784,0.0,0.044837017441599784,100.0
15btraining,1,0,0.044837017441599784,0.0,0.044837017441599784,100.0
frequently,1,0,0.044837017441599784,0.0,0.044837017441599784,100.0
usersthe,1,0,0.044837017441599784,0.0,0.044837017441599784,100.0
werealso,1,0,0.044837017441599784,0.0,0.044837017441599784,100.0
allinone,1,0,0.044837017441599784,0.0,0.044837017441599784,100.0
2kloc,1,0,0.044837017441599784,0.0,0.044837017441599784,100.0
terrible,1,0,0.044837017441599784,0.0,0.044837017441599784,100.0
housing,1,0,0.044837017441599784,0.0,0.044837017441599784,100.0
trendy,1,0,0.044837017441599784,0.0,0.044837017441599784,100.0
bothwe,1,0,0.044837017441599784,0.0,0.044837017441599784,100.0
biddersbuyerssellers,1,0,0.044837017441599784,0.0,0.044837017441599784,100.0
employeeswhen,1,0,0.044837017441599784,0.0,0.044837017441599784,100.0
shaped,1,0,0.044837017441599784,0.0,0.044837017441599784,100.0
chives,1,0,0.044837017441599784,0.0,0.044837017441599784,100.0
wellweve,1,0,0.044837017441599784,0.0,0.044837017441599784,100.0
httpgrimtweepercom,1,0,0.044837017441599784,0.0,0.044837017441599784,100.0
wayi,1,0,0.044837017441599784,0.0,0.044837017441599784,100.0
divided,1,0,0.044837017441599784,0.0,0.044837017441599784,100.0
lineour,1,0,0.044837017441599784,0.0,0.044837017441599784,100.0
2sport,1,0,0.044837017441599784,0.0,0.044837017441599784,100.0
homeoffice,1,0,0.044837017441599784,0.0,0.044837017441599784,100.0
prepay,1,0,0.044837017441599784,0.0,0.044837017441599784,100.0
disaster,1,0,0.044837017441599784,0.0,0.044837017441599784,100.0
25assuming,1,0,0.044837017441599784,0.0,0.044837017441599784,100.0
pageview,1,0,0.044837017441599784,0.0,0.044837017441599784,100.0
userwe,1,0,0.044837017441599784,0.0,0.044837017441599784,100.0
taxfree,1,0,0.044837017441599784,0.0,0.044837017441599784,100.0
internationally,1,0,0.044837017441599784,0.0,0.044837017441599784,100.0
acts,1,0,0.044837017441599784,0.0,0.044837017441599784,100.0
agi,1,0,0.044837017441599784,0.0,0.044837017441599784,100.0
structureless,1,0,0.044837017441599784,0.0,0.044837017441599784,100.0
insurmountable,1,0,0.044837017441599784,0.0,0.044837017441599784,100.0
arriving,1,0,0.044837017441599784,0.0,0.044837017441599784,100.0
competencybased,1,0,0.044837017441599784,0.0,0.044837017441599784,100.0
obgyn,1,0,0.044837017441599784,0.0,0.044837017441599784,100.0
contentwomen,1,0,0.044837017441599784,0.0,0.044837017441599784,100.0
businessprimarily,1,0,0.044837017441599784,0.0,0.044837017441599784,100.0
httpwwwaccoladeprepcom,1,0,0.044837017441599784,0.0,0.044837017441599784,100.0
flex0,1,0,0.044837017441599784,0.0,0.044837017441599784,100.0
stake,1,0,0.044837017441599784,0.0,0.044837017441599784,100.0
lockin,1,0,0.044837017441599784,0.0,0.044837017441599784,100.0
contentduring,1,0,0.044837017441599784,0.0,0.044837017441599784,100.0
nonquant,1,0,0.044837017441599784,0.0,0.044837017441599784,100.0
inertia,1,0,0.044837017441599784,0.0,0.044837017441599784,100.0
3sport,1,0,0.044837017441599784,0.0,0.044837017441599784,100.0
pissing,1,0,0.044837017441599784,0.0,0.044837017441599784,100.0
sourceour,1,0,0.044837017441599784,0.0,0.044837017441599784,100.0
administrator,1,0,0.044837017441599784,0.0,0.044837017441599784,100.0
overpriced,1,0,0.044837017441599784,0.0,0.044837017441599784,100.0
weekshow,1,0,0.044837017441599784,0.0,0.044837017441599784,100.0
carriers,1,0,0.044837017441599784,0.0,0.044837017441599784,100.0
audiencewe,1,0,0.044837017441599784,0.0,0.044837017441599784,100.0
carnegie,1,0,0.044837017441599784,0.0,0.044837017441599784,100.0
prafulhttpwwwnortheasterneduentrepreneursprogramsnortheasternioin,1,0,0.044837017441599784,0.0,0.044837017441599784,100.0
ashamed,1,0,0.044837017441599784,0.0,0.044837017441599784,100.0
correctly,1,0,0.044837017441599784,0.0,0.044837017441599784,100.0
milk,1,0,0.044837017441599784,0.0,0.044837017441599784,100.0
checkins,1,0,0.044837017441599784,0.0,0.044837017441599784,100.0
codehow,1,0,0.044837017441599784,0.0,0.044837017441599784,100.0
brittle,1,0,0.044837017441599784,0.0,0.044837017441599784,100.0
revenuewith,1,0,0.044837017441599784,0.0,0.044837017441599784,100.0
signals,1,0,0.044837017441599784,0.0,0.044837017441599784,100.0
humanities,1,0,0.044837017441599784,0.0,0.044837017441599784,100.0
blindness,1,0,0.044837017441599784,0.0,0.044837017441599784,100.0
airship,1,0,0.044837017441599784,0.0,0.044837017441599784,100.0
uboat,1,0,0.044837017441599784,0.0,0.044837017441599784,100.0
sounded,1,0,0.044837017441599784,0.0,0.044837017441599784,100.0
instrumented,1,0,0.044837017441599784,0.0,0.044837017441599784,100.0
screenshots,1,0,0.044837017441599784,0.0,0.044837017441599784,100.0
libra,1,0,0.044837017441599784,0.0,0.044837017441599784,100.0
emulating,1,0,0.044837017441599784,0.0,0.044837017441599784,100.0
seminarsworkshops,1,0,0.044837017441599784,0.0,0.044837017441599784,100.0
setups,1,0,0.044837017441599784,0.0,0.044837017441599784,100.0
braces,1,0,0.044837017441599784,0.0,0.044837017441599784,100.0
avangate,1,0,0.044837017441599784,0.0,0.044837017441599784,100.0
prettysmooth,1,0,0.044837017441599784,0.0,0.044837017441599784,100.0
lilly,1,0,0.044837017441599784,0.0,0.044837017441599784,100.0
xls,1,0,0.044837017441599784,0.0,0.044837017441599784,100.0
nutritional,1,0,0.044837017441599784,0.0,0.044837017441599784,100.0
cannibalized,1,0,0.044837017441599784,0.0,0.044837017441599784,100.0
futurestarting,1,0,0.044837017441599784,0.0,0.044837017441599784,100.0
intermittent,1,0,0.044837017441599784,0.0,0.044837017441599784,100.0
morgan,1,0,0.044837017441599784,0.0,0.044837017441599784,100.0
employeesour,1,0,0.044837017441599784,0.0,0.044837017441599784,100.0
etcwe,1,0,0.044837017441599784,0.0,0.044837017441599784,100.0
stability,1,0,0.044837017441599784,0.0,0.044837017441599784,100.0
derisk,1,0,0.044837017441599784,0.0,0.044837017441599784,100.0
bookings,1,0,0.044837017441599784,0.0,0.044837017441599784,100.0
motivations,1,0,0.044837017441599784,0.0,0.044837017441599784,100.0
excitement,1,0,0.044837017441599784,0.0,0.044837017441599784,100.0
anymoreat,1,0,0.044837017441599784,0.0,0.044837017441599784,100.0
personnel,1,0,0.044837017441599784,0.0,0.044837017441599784,100.0
dimon,1,0,0.044837017441599784,0.0,0.044837017441599784,100.0
lollifpuffcom,1,0,0.044837017441599784,0.0,0.044837017441599784,100.0
houses,1,0,0.044837017441599784,0.0,0.044837017441599784,100.0
itinstead,1,0,0.044837017441599784,0.0,0.044837017441599784,100.0
smarterright,1,0,0.044837017441599784,0.0,0.044837017441599784,100.0
heyzap,1,0,0.044837017441599784,0.0,0.044837017441599784,100.0
tantamount,1,0,0.044837017441599784,0.0,0.044837017441599784,100.0
calledi,1,0,0.044837017441599784,0.0,0.044837017441599784,100.0
optimizer,1,0,0.044837017441599784,0.0,0.044837017441599784,100.0
genius,1,0,0.044837017441599784,0.0,0.044837017441599784,100.0
34x,1,0,0.044837017441599784,0.0,0.044837017441599784,100.0
cindy,1,0,0.044837017441599784,0.0,0.044837017441599784,100.0
cashflow,1,0,0.044837017441599784,0.0,0.044837017441599784,100.0
clientspartners,1,0,0.044837017441599784,0.0,0.044837017441599784,100.0
gutsy,1,0,0.044837017441599784,0.0,0.044837017441599784,100.0
youngest,1,0,0.044837017441599784,0.0,0.044837017441599784,100.0
borrowers,1,0,0.044837017441599784,0.0,0.044837017441599784,100.0
enterprisewe,1,0,0.044837017441599784,0.0,0.044837017441599784,100.0
yearnotetaking,1,0,0.044837017441599784,0.0,0.044837017441599784,100.0
twelve,1,0,0.044837017441599784,0.0,0.044837017441599784,100.0
restored,1,0,0.044837017441599784,0.0,0.044837017441599784,100.0
appreciation,1,0,0.044837017441599784,0.0,0.044837017441599784,100.0
norristraction,1,0,0.044837017441599784,0.0,0.044837017441599784,100.0
greatproduction,1,0,0.044837017441599784,0.0,0.044837017441599784,100.0
wellca,1,0,0.044837017441599784,0.0,0.044837017441599784,100.0
routes1,1,0,0.044837017441599784,0.0,0.044837017441599784,100.0
undeserving,1,0,0.044837017441599784,0.0,0.044837017441599784,100.0
lands,1,0,0.044837017441599784,0.0,0.044837017441599784,100.0
oothenigerian,1,0,0.044837017441599784,0.0,0.044837017441599784,100.0
resolve,1,0,0.044837017441599784,0.0,0.044837017441599784,100.0
skip,1,0,0.044837017441599784,0.0,0.044837017441599784,100.0
societies,1,0,0.044837017441599784,0.0,0.044837017441599784,100.0
anticipated,1,0,0.044837017441599784,0.0,0.044837017441599784,100.0
origins,1,0,0.044837017441599784,0.0,0.044837017441599784,100.0
loathe,1,0,0.044837017441599784,0.0,0.044837017441599784,100.0
mixers,1,0,0.044837017441599784,0.0,0.044837017441599784,100.0
streaming,1,0,0.044837017441599784,0.0,0.044837017441599784,100.0
activated,1,0,0.044837017441599784,0.0,0.044837017441599784,100.0
pseudodevs,1,0,0.044837017441599784,0.0,0.044837017441599784,100.0
overwhelmed,1,0,0.044837017441599784,0.0,0.044837017441599784,100.0
quotes,1,0,0.044837017441599784,0.0,0.044837017441599784,100.0
elon,1,0,0.044837017441599784,0.0,0.044837017441599784,100.0
advocates,1,0,0.044837017441599784,0.0,0.044837017441599784,100.0
insert,1,0,0.044837017441599784,0.0,0.044837017441599784,100.0
aprmuzzammil,1,0,0.044837017441599784,0.0,0.044837017441599784,100.0
beinsync,1,0,0.044837017441599784,0.0,0.044837017441599784,100.0
detects,1,0,0.044837017441599784,0.0,0.044837017441599784,100.0
complain,1,0,0.044837017441599784,0.0,0.044837017441599784,100.0
sep,1,0,0.044837017441599784,0.0,0.044837017441599784,100.0
variations,1,0,0.044837017441599784,0.0,0.044837017441599784,100.0
achcredit,1,0,0.044837017441599784,0.0,0.044837017441599784,100.0
consult,1,0,0.044837017441599784,0.0,0.044837017441599784,100.0
faulty,1,0,0.044837017441599784,0.0,0.044837017441599784,100.0
detroit,1,0,0.044837017441599784,0.0,0.044837017441599784,100.0
invent,1,0,0.044837017441599784,0.0,0.044837017441599784,100.0
odd,1,0,0.044837017441599784,0.0,0.044837017441599784,100.0
surefire,1,0,0.044837017441599784,0.0,0.044837017441599784,100.0
dod,1,0,0.044837017441599784,0.0,0.044837017441599784,100.0
western,1,0,0.044837017441599784,0.0,0.044837017441599784,100.0
week25,1,0,0.044837017441599784,0.0,0.044837017441599784,100.0
mentor,1,0,0.044837017441599784,0.0,0.044837017441599784,100.0
coachesorganizers,1,0,0.044837017441599784,0.0,0.044837017441599784,100.0
readstreamappcom,1,0,0.044837017441599784,0.0,0.044837017441599784,100.0
ding,1,0,0.044837017441599784,0.0,0.044837017441599784,100.0
flavored,1,0,0.044837017441599784,0.0,0.044837017441599784,100.0
campbells,1,0,0.044837017441599784,0.0,0.044837017441599784,100.0
teaches,1,0,0.044837017441599784,0.0,0.044837017441599784,100.0
stakeownership,1,0,0.044837017441599784,0.0,0.044837017441599784,100.0
timezone,1,0,0.044837017441599784,0.0,0.044837017441599784,100.0
predecessor,1,0,0.044837017441599784,0.0,0.044837017441599784,100.0
spotifylike,1,0,0.044837017441599784,0.0,0.044837017441599784,100.0
gdrive,1,0,0.044837017441599784,0.0,0.044837017441599784,100.0
listby,1,0,0.044837017441599784,0.0,0.044837017441599784,100.0
zenefits,1,0,0.044837017441599784,0.0,0.044837017441599784,100.0
crmlike,1,0,0.044837017441599784,0.0,0.044837017441599784,100.0
zuckerberg,1,0,0.044837017441599784,0.0,0.044837017441599784,100.0
teamsleagues,1,0,0.044837017441599784,0.0,0.044837017441599784,100.0
inquiries,1,0,0.044837017441599784,0.0,0.044837017441599784,100.0
authorized,1,0,0.044837017441599784,0.0,0.044837017441599784,100.0
subversion,1,0,0.044837017441599784,0.0,0.044837017441599784,100.0
penetrationas,1,0,0.044837017441599784,0.0,0.044837017441599784,100.0
wowed,1,0,0.044837017441599784,0.0,0.044837017441599784,100.0
paperscase,1,0,0.044837017441599784,0.0,0.044837017441599784,100.0
msrp,1,0,0.044837017441599784,0.0,0.044837017441599784,100.0
vaginal,1,0,0.044837017441599784,0.0,0.044837017441599784,100.0
ministry,1,0,0.044837017441599784,0.0,0.044837017441599784,100.0
appthere,1,0,0.044837017441599784,0.0,0.044837017441599784,100.0
meritbased,1,0,0.044837017441599784,0.0,0.044837017441599784,100.0
fearsome,1,0,0.044837017441599784,0.0,0.044837017441599784,100.0
belarus,1,0,0.044837017441599784,0.0,0.044837017441599784,100.0
softball,1,0,0.044837017441599784,0.0,0.044837017441599784,100.0
sept,1,0,0.044837017441599784,0.0,0.044837017441599784,100.0
analytic,1,0,0.044837017441599784,0.0,0.044837017441599784,100.0
turbotax,1,0,0.044837017441599784,0.0,0.044837017441599784,100.0
onpremises,1,0,0.044837017441599784,0.0,0.044837017441599784,100.0
lisbon,1,0,0.044837017441599784,0.0,0.044837017441599784,100.0
outlines,1,0,0.044837017441599784,0.0,0.044837017441599784,100.0
fullfledged,1,0,0.044837017441599784,0.0,0.044837017441599784,100.0
surge,1,0,0.044837017441599784,0.0,0.044837017441599784,100.0
defacto,1,0,0.044837017441599784,0.0,0.044837017441599784,100.0
orbis,1,0,0.044837017441599784,0.0,0.044837017441599784,100.0
expecting,1,0,0.044837017441599784,0.0,0.044837017441599784,100.0
restful,1,0,0.044837017441599784,0.0,0.044837017441599784,100.0
bulks,1,0,0.044837017441599784,0.0,0.044837017441599784,100.0
searched,1,0,0.044837017441599784,0.0,0.044837017441599784,100.0
reasonsideagoodly,1,0,0.044837017441599784,0.0,0.044837017441599784,100.0
workforceneed,1,0,0.044837017441599784,0.0,0.044837017441599784,100.0
companytoday,1,0,0.044837017441599784,0.0,0.044837017441599784,100.0
supplements,1,0,0.044837017441599784,0.0,0.044837017441599784,100.0
obsess,1,0,0.044837017441599784,0.0,0.044837017441599784,100.0
monetized,1,0,0.044837017441599784,0.0,0.044837017441599784,100.0
overwe,1,0,0.044837017441599784,0.0,0.044837017441599784,100.0
toxic,1,0,0.044837017441599784,0.0,0.044837017441599784,100.0
worldknowledge,1,0,0.044837017441599784,0.0,0.044837017441599784,100.0
milkshake,1,0,0.044837017441599784,0.0,0.044837017441599784,100.0
relentlessly,1,0,0.044837017441599784,0.0,0.044837017441599784,100.0
infections,1,0,0.044837017441599784,0.0,0.044837017441599784,100.0
monthswere,1,0,0.044837017441599784,0.0,0.044837017441599784,100.0
youd,1,0,0.044837017441599784,0.0,0.044837017441599784,100.0
yay,1,0,0.044837017441599784,0.0,0.044837017441599784,100.0
freaking,1,0,0.044837017441599784,0.0,0.044837017441599784,100.0
140page,1,0,0.044837017441599784,0.0,0.044837017441599784,100.0
official,1,0,0.044837017441599784,0.0,0.044837017441599784,100.0
boosting,1,0,0.044837017441599784,0.0,0.044837017441599784,100.0
perceived,1,0,0.044837017441599784,0.0,0.044837017441599784,100.0
toronto,1,0,0.044837017441599784,0.0,0.044837017441599784,100.0
datalongterm,1,0,0.044837017441599784,0.0,0.044837017441599784,100.0
salesman,1,0,0.044837017441599784,0.0,0.044837017441599784,100.0
randomization,1,0,0.044837017441599784,0.0,0.044837017441599784,100.0
communityprovide,1,0,0.044837017441599784,0.0,0.044837017441599784,100.0
uxuiim,1,0,0.044837017441599784,0.0,0.044837017441599784,100.0
trip,1,0,0.044837017441599784,0.0,0.044837017441599784,100.0
economic,1,0,0.044837017441599784,0.0,0.044837017441599784,100.0
pictureand,1,0,0.044837017441599784,0.0,0.044837017441599784,100.0
depression,1,0,0.044837017441599784,0.0,0.044837017441599784,100.0
conversationlisten,1,0,0.044837017441599784,0.0,0.044837017441599784,100.0
notifying,1,0,0.044837017441599784,0.0,0.044837017441599784,100.0
httpwwwskillsharecomteachyourselftocodeonemonthrails12896058481921775376,1,0,0.044837017441599784,0.0,0.044837017441599784,100.0
mitigation,1,0,0.044837017441599784,0.0,0.044837017441599784,100.0
zone,1,0,0.044837017441599784,0.0,0.044837017441599784,100.0
gatekeepers,1,0,0.044837017441599784,0.0,0.044837017441599784,100.0
pipelines,1,0,0.044837017441599784,0.0,0.044837017441599784,100.0
appetizer,1,0,0.044837017441599784,0.0,0.044837017441599784,100.0
startupstim,1,0,0.044837017441599784,0.0,0.044837017441599784,100.0
greatly,1,0,0.044837017441599784,0.0,0.044837017441599784,100.0
dialpad,1,0,0.044837017441599784,0.0,0.044837017441599784,100.0
rosewater,1,0,0.044837017441599784,0.0,0.044837017441599784,100.0
constrain,1,0,0.044837017441599784,0.0,0.044837017441599784,100.0
pairing,1,0,0.044837017441599784,0.0,0.044837017441599784,100.0
hasslefree,1,0,0.044837017441599784,0.0,0.044837017441599784,100.0
forthis,1,0,0.044837017441599784,0.0,0.044837017441599784,100.0
optionally,1,0,0.044837017441599784,0.0,0.044837017441599784,100.0
payment49,1,0,0.044837017441599784,0.0,0.044837017441599784,100.0
agnostic,1,0,0.044837017441599784,0.0,0.044837017441599784,100.0
temporary,1,0,0.044837017441599784,0.0,0.044837017441599784,100.0
skillsbased,1,0,0.044837017441599784,0.0,0.044837017441599784,100.0
trickiest,1,0,0.044837017441599784,0.0,0.044837017441599784,100.0
themalso,1,0,0.044837017441599784,0.0,0.044837017441599784,100.0
recognize,1,0,0.044837017441599784,0.0,0.044837017441599784,100.0
locationswe,1,0,0.044837017441599784,0.0,0.044837017441599784,100.0
startingup,1,0,0.044837017441599784,0.0,0.044837017441599784,100.0
itd,1,0,0.044837017441599784,0.0,0.044837017441599784,100.0
handed,1,0,0.044837017441599784,0.0,0.044837017441599784,100.0
needscommunication,1,0,0.044837017441599784,0.0,0.044837017441599784,100.0
euro,1,0,0.044837017441599784,0.0,0.044837017441599784,100.0
imagining,1,0,0.044837017441599784,0.0,0.044837017441599784,100.0
sehowever,1,0,0.044837017441599784,0.0,0.044837017441599784,100.0
manwoman,1,0,0.044837017441599784,0.0,0.044837017441599784,100.0
vastly,1,0,0.044837017441599784,0.0,0.044837017441599784,100.0
worx,1,0,0.044837017441599784,0.0,0.044837017441599784,100.0
jaan,1,0,0.044837017441599784,0.0,0.044837017441599784,100.0
subset,1,0,0.044837017441599784,0.0,0.044837017441599784,100.0
gumtrail,1,0,0.044837017441599784,0.0,0.044837017441599784,100.0
flicked,1,0,0.044837017441599784,0.0,0.044837017441599784,100.0
significance,1,0,0.044837017441599784,0.0,0.044837017441599784,100.0
300month,1,0,0.044837017441599784,0.0,0.044837017441599784,100.0
companyfor,1,0,0.044837017441599784,0.0,0.044837017441599784,100.0
spacemighty,1,0,0.044837017441599784,0.0,0.044837017441599784,100.0
scaffolding,1,0,0.044837017441599784,0.0,0.044837017441599784,100.0
backgrounds,1,0,0.044837017441599784,0.0,0.044837017441599784,100.0
millionsdan,1,0,0.044837017441599784,0.0,0.044837017441599784,100.0
subscriptions3,1,0,0.044837017441599784,0.0,0.044837017441599784,100.0
problemethan,1,0,0.044837017441599784,0.0,0.044837017441599784,100.0
affordableright,1,0,0.044837017441599784,0.0,0.044837017441599784,100.0
usability,1,0,0.044837017441599784,0.0,0.044837017441599784,100.0
isas,1,0,0.044837017441599784,0.0,0.044837017441599784,100.0
classesmembershipsas,1,0,0.044837017441599784,0.0,0.044837017441599784,100.0
developmental,1,0,0.044837017441599784,0.0,0.044837017441599784,100.0
suspect,1,0,0.044837017441599784,0.0,0.044837017441599784,100.0
togo,1,0,0.044837017441599784,0.0,0.044837017441599784,100.0
testimonials,1,0,0.044837017441599784,0.0,0.044837017441599784,100.0
nightclub,1,0,0.044837017441599784,0.0,0.044837017441599784,100.0
jointly,1,0,0.044837017441599784,0.0,0.044837017441599784,100.0
reorganized,1,0,0.044837017441599784,0.0,0.044837017441599784,100.0
advocating,1,0,0.044837017441599784,0.0,0.044837017441599784,100.0
aggregating,1,0,0.044837017441599784,0.0,0.044837017441599784,100.0
w12,1,0,0.044837017441599784,0.0,0.044837017441599784,100.0
gitorious,1,0,0.044837017441599784,0.0,0.044837017441599784,100.0
drafted,1,0,0.044837017441599784,0.0,0.044837017441599784,100.0
118k,1,0,0.044837017441599784,0.0,0.044837017441599784,100.0
jaggedpeak,1,0,0.044837017441599784,0.0,0.044837017441599784,100.0
subscribersthe,1,0,0.044837017441599784,0.0,0.044837017441599784,100.0
csuite,1,0,0.044837017441599784,0.0,0.044837017441599784,100.0
marys,1,0,0.044837017441599784,0.0,0.044837017441599784,100.0
httpshippingderivativedcomdashboard,1,0,0.044837017441599784,0.0,0.044837017441599784,100.0
muzzammils,1,0,0.044837017441599784,0.0,0.044837017441599784,100.0
payoff,1,0,0.044837017441599784,0.0,0.044837017441599784,100.0
visualization,1,0,0.044837017441599784,0.0,0.044837017441599784,100.0
httpsiterablecom,1,0,0.044837017441599784,0.0,0.044837017441599784,100.0
dosketchdeck,1,0,0.044837017441599784,0.0,0.044837017441599784,100.0
medtronic,1,0,0.044837017441599784,0.0,0.044837017441599784,100.0
bidirectional,1,0,0.044837017441599784,0.0,0.044837017441599784,100.0
nuio,1,0,0.044837017441599784,0.0,0.044837017441599784,100.0
alexs,1,0,0.044837017441599784,0.0,0.044837017441599784,100.0
manila,1,0,0.044837017441599784,0.0,0.044837017441599784,100.0
rapid,1,0,0.044837017441599784,0.0,0.044837017441599784,100.0
undergoing,1,0,0.044837017441599784,0.0,0.044837017441599784,100.0
15m,1,0,0.044837017441599784,0.0,0.044837017441599784,100.0
upwards,1,0,0.044837017441599784,0.0,0.044837017441599784,100.0
odesk,1,0,0.044837017441599784,0.0,0.044837017441599784,100.0
microbiltlexusnexusiovation,1,0,0.044837017441599784,0.0,0.044837017441599784,100.0
indaryna,1,0,0.044837017441599784,0.0,0.044837017441599784,100.0
httpwwwyoutubecomwatchvt0qajgqfr4c,1,0,0.044837017441599784,0.0,0.044837017441599784,100.0
startupto,1,0,0.044837017441599784,0.0,0.044837017441599784,100.0
besides,1,0,0.044837017441599784,0.0,0.044837017441599784,100.0
cora,1,0,0.044837017441599784,0.0,0.044837017441599784,100.0
vaulting,1,0,0.044837017441599784,0.0,0.044837017441599784,100.0
authorizing,1,0,0.044837017441599784,0.0,0.044837017441599784,100.0
wwwjekalocom,1,0,0.044837017441599784,0.0,0.044837017441599784,100.0
transmit,1,0,0.044837017441599784,0.0,0.044837017441599784,100.0
opencollective,1,0,0.044837017441599784,0.0,0.044837017441599784,100.0
smallmedium,1,0,0.044837017441599784,0.0,0.044837017441599784,100.0
democratic,1,0,0.044837017441599784,0.0,0.044837017441599784,100.0
redactedour,1,0,0.044837017441599784,0.0,0.044837017441599784,100.0
httpdannysucom20110327homescreencustomizerfoundonmicrosoftchina,1,0,0.044837017441599784,0.0,0.044837017441599784,100.0
productive,1,0,0.044837017441599784,0.0,0.044837017441599784,100.0
stressed,1,0,0.044837017441599784,0.0,0.044837017441599784,100.0
implementationpath,1,0,0.044837017441599784,0.0,0.044837017441599784,100.0
involving,1,0,0.044837017441599784,0.0,0.044837017441599784,100.0
rollback,1,0,0.044837017441599784,0.0,0.044837017441599784,100.0
keywords,1,0,0.044837017441599784,0.0,0.044837017441599784,100.0
mess,1,0,0.044837017441599784,0.0,0.044837017441599784,100.0
250page,1,0,0.044837017441599784,0.0,0.044837017441599784,100.0
brb,1,0,0.044837017441599784,0.0,0.044837017441599784,100.0
makeshift,1,0,0.044837017441599784,0.0,0.044837017441599784,100.0
mover2,1,0,0.044837017441599784,0.0,0.044837017441599784,100.0
union,1,0,0.044837017441599784,0.0,0.044837017441599784,100.0
monopolize,1,0,0.044837017441599784,0.0,0.044837017441599784,100.0
anxiously,1,0,0.044837017441599784,0.0,0.044837017441599784,100.0
400k,1,0,0.044837017441599784,0.0,0.044837017441599784,100.0
star,1,0,0.044837017441599784,0.0,0.044837017441599784,100.0
transgender,1,0,0.044837017441599784,0.0,0.044837017441599784,100.0
setters,1,0,0.044837017441599784,0.0,0.044837017441599784,100.0
centric,1,0,0.044837017441599784,0.0,0.044837017441599784,100.0
hustler,1,0,0.044837017441599784,0.0,0.044837017441599784,100.0
precautions,1,0,0.044837017441599784,0.0,0.044837017441599784,100.0
devicesjeremy,1,0,0.044837017441599784,0.0,0.044837017441599784,100.0
pathmapp,1,0,0.044837017441599784,0.0,0.044837017441599784,100.0
meditating,1,0,0.044837017441599784,0.0,0.044837017441599784,100.0
companiesnancy,1,0,0.044837017441599784,0.0,0.044837017441599784,100.0
growsour,1,0,0.044837017441599784,0.0,0.044837017441599784,100.0
x09,1,0,0.044837017441599784,0.0,0.044837017441599784,100.0
moreallowing,1,0,0.044837017441599784,0.0,0.044837017441599784,100.0
daters,1,0,0.044837017441599784,0.0,0.044837017441599784,100.0
workplacesnapbet,1,0,0.044837017441599784,0.0,0.044837017441599784,100.0
entertain,1,0,0.044837017441599784,0.0,0.044837017441599784,100.0
inject,1,0,0.044837017441599784,0.0,0.044837017441599784,100.0
codeour,1,0,0.044837017441599784,0.0,0.044837017441599784,100.0
breakeven,1,0,0.044837017441599784,0.0,0.044837017441599784,100.0
cooley,1,0,0.044837017441599784,0.0,0.044837017441599784,100.0
businessesthrough,1,0,0.044837017441599784,0.0,0.044837017441599784,100.0
universitiesincome,1,0,0.044837017441599784,0.0,0.044837017441599784,100.0
outspend,1,0,0.044837017441599784,0.0,0.044837017441599784,100.0
projectassignment,1,0,0.044837017441599784,0.0,0.044837017441599784,100.0
gathered,1,0,0.044837017441599784,0.0,0.044837017441599784,100.0
plugging,1,0,0.044837017441599784,0.0,0.044837017441599784,100.0
curious,1,0,0.044837017441599784,0.0,0.044837017441599784,100.0
yoy,1,0,0.044837017441599784,0.0,0.044837017441599784,100.0
tremendously,1,0,0.044837017441599784,0.0,0.044837017441599784,100.0
birchbox,1,0,0.044837017441599784,0.0,0.044837017441599784,100.0
tony,1,0,0.044837017441599784,0.0,0.044837017441599784,100.0
synced,1,0,0.044837017441599784,0.0,0.044837017441599784,100.0
transactionalficcpure,1,0,0.044837017441599784,0.0,0.044837017441599784,100.0
athletic,1,0,0.044837017441599784,0.0,0.044837017441599784,100.0
httpdemogitlabcomuserssign_in,1,0,0.044837017441599784,0.0,0.044837017441599784,100.0
sexiest,1,0,0.044837017441599784,0.0,0.044837017441599784,100.0
gamepad,1,0,0.044837017441599784,0.0,0.044837017441599784,100.0
crma,1,0,0.044837017441599784,0.0,0.044837017441599784,100.0
50cents,1,0,0.044837017441599784,0.0,0.044837017441599784,100.0
actionfor,1,0,0.044837017441599784,0.0,0.044837017441599784,100.0
rsa,1,0,0.044837017441599784,0.0,0.044837017441599784,100.0
flip,1,0,0.044837017441599784,0.0,0.044837017441599784,100.0
httpwwwgetdropboxcomscreencast,1,0,0.044837017441599784,0.0,0.044837017441599784,100.0
appetizers,1,0,0.044837017441599784,0.0,0.044837017441599784,100.0
300mmyr,1,0,0.044837017441599784,0.0,0.044837017441599784,100.0
iceland,1,0,0.044837017441599784,0.0,0.044837017441599784,100.0
gifted,1,0,0.044837017441599784,0.0,0.044837017441599784,100.0
skin,1,0,0.044837017441599784,0.0,0.044837017441599784,100.0
e2e,1,0,0.044837017441599784,0.0,0.044837017441599784,100.0
appstore,1,0,0.044837017441599784,0.0,0.044837017441599784,100.0
disadvantage,1,0,0.044837017441599784,0.0,0.044837017441599784,100.0
httpswwwcoindeskcombitcoinlightningriskymaybeicecreamwilltempt,1,0,0.044837017441599784,0.0,0.044837017441599784,100.0
redeeming,1,0,0.044837017441599784,0.0,0.044837017441599784,100.0
usd2017,1,0,0.044837017441599784,0.0,0.044837017441599784,100.0
sklar,1,0,0.044837017441599784,0.0,0.044837017441599784,100.0
otherwith,1,0,0.044837017441599784,0.0,0.044837017441599784,100.0
cornerstone,1,0,0.044837017441599784,0.0,0.044837017441599784,100.0
imageour,1,0,0.044837017441599784,0.0,0.044837017441599784,100.0
hpv,1,0,0.044837017441599784,0.0,0.044837017441599784,100.0
algorithmic,1,0,0.044837017441599784,0.0,0.044837017441599784,100.0
hostile,1,0,0.044837017441599784,0.0,0.044837017441599784,100.0
starter,1,0,0.044837017441599784,0.0,0.044837017441599784,100.0
seasonal,1,0,0.044837017441599784,0.0,0.044837017441599784,100.0
band,1,0,0.044837017441599784,0.0,0.044837017441599784,100.0
ros,1,0,0.044837017441599784,0.0,0.044837017441599784,100.0
togetherfei,1,0,0.044837017441599784,0.0,0.044837017441599784,100.0
nielsen,1,0,0.044837017441599784,0.0,0.044837017441599784,100.0
october2016,1,0,0.044837017441599784,0.0,0.044837017441599784,100.0
pageless,1,0,0.044837017441599784,0.0,0.044837017441599784,100.0
giant,1,0,0.044837017441599784,0.0,0.044837017441599784,100.0
hanging,1,0,0.044837017441599784,0.0,0.044837017441599784,100.0
tasked,1,0,0.044837017441599784,0.0,0.044837017441599784,100.0
nerd,1,0,0.044837017441599784,0.0,0.044837017441599784,100.0
ibisworld,1,0,0.044837017441599784,0.0,0.044837017441599784,100.0
unrecognized,1,0,0.044837017441599784,0.0,0.044837017441599784,100.0
normally,1,0,0.044837017441599784,0.0,0.044837017441599784,100.0
insane,1,0,0.044837017441599784,0.0,0.044837017441599784,100.0
mechanicsincentives,1,0,0.044837017441599784,0.0,0.044837017441599784,100.0
fireplace,1,0,0.044837017441599784,0.0,0.044837017441599784,100.0
upcomingestablished,1,0,0.044837017441599784,0.0,0.044837017441599784,100.0
inputting,1,0,0.044837017441599784,0.0,0.044837017441599784,100.0
astral,1,0,0.044837017441599784,0.0,0.044837017441599784,100.0
2month,1,0,0.044837017441599784,0.0,0.044837017441599784,100.0
interpreted,1,0,0.044837017441599784,0.0,0.044837017441599784,100.0
whitneys,1,0,0.044837017441599784,0.0,0.044837017441599784,100.0
audacious,1,0,0.044837017441599784,0.0,0.044837017441599784,100.0
hpat,1,0,0.044837017441599784,0.0,0.044837017441599784,100.0
dropping,1,0,0.044837017441599784,0.0,0.044837017441599784,100.0
thankfully,1,0,0.044837017441599784,0.0,0.044837017441599784,100.0
highbarrier,1,0,0.044837017441599784,0.0,0.044837017441599784,100.0
festivities,1,0,0.044837017441599784,0.0,0.044837017441599784,100.0
wastethis,1,0,0.044837017441599784,0.0,0.044837017441599784,100.0
weplay,1,0,0.044837017441599784,0.0,0.044837017441599784,100.0
preceding,1,0,0.044837017441599784,0.0,0.044837017441599784,100.0
generalize,1,0,0.044837017441599784,0.0,0.044837017441599784,100.0
lager,1,0,0.044837017441599784,0.0,0.044837017441599784,100.0
scorp,1,0,0.044837017441599784,0.0,0.044837017441599784,100.0
plane,1,0,0.044837017441599784,0.0,0.044837017441599784,100.0
eliminated,1,0,0.044837017441599784,0.0,0.044837017441599784,100.0
aregiving,1,0,0.044837017441599784,0.0,0.044837017441599784,100.0
adjacencies,1,0,0.044837017441599784,0.0,0.044837017441599784,100.0
scenarioswe,1,0,0.044837017441599784,0.0,0.044837017441599784,100.0
kotex,1,0,0.044837017441599784,0.0,0.044837017441599784,100.0
reinvest,1,0,0.044837017441599784,0.0,0.044837017441599784,100.0
tenjin,1,0,0.044837017441599784,0.0,0.044837017441599784,100.0
authenticators,1,0,0.044837017441599784,0.0,0.044837017441599784,100.0
httpenwikipediaorgwikiswoosh,1,0,0.044837017441599784,0.0,0.044837017441599784,100.0
nontech,1,0,0.044837017441599784,0.0,0.044837017441599784,100.0
commits,1,0,0.044837017441599784,0.0,0.044837017441599784,100.0
eloqua,1,0,0.044837017441599784,0.0,0.044837017441599784,100.0
thinx,1,0,0.044837017441599784,0.0,0.044837017441599784,100.0
financially,1,0,0.044837017441599784,0.0,0.044837017441599784,100.0
doors,1,0,0.044837017441599784,0.0,0.044837017441599784,100.0
justintvso,1,0,0.044837017441599784,0.0,0.044837017441599784,100.0
relief,1,0,0.044837017441599784,0.0,0.044837017441599784,100.0
simulates,1,0,0.044837017441599784,0.0,0.044837017441599784,100.0
adds,1,0,0.044837017441599784,0.0,0.044837017441599784,100.0
strength,1,0,0.044837017441599784,0.0,0.044837017441599784,100.0
sidetour,1,0,0.044837017441599784,0.0,0.044837017441599784,100.0
subcontracted,1,0,0.044837017441599784,0.0,0.044837017441599784,100.0
doctor,1,0,0.044837017441599784,0.0,0.044837017441599784,100.0
fails,1,0,0.044837017441599784,0.0,0.044837017441599784,100.0
thatwe,1,0,0.044837017441599784,0.0,0.044837017441599784,100.0
diagrams,1,0,0.044837017441599784,0.0,0.044837017441599784,100.0
finetuning,1,0,0.044837017441599784,0.0,0.044837017441599784,100.0
journals,1,0,0.044837017441599784,0.0,0.044837017441599784,100.0
neither,1,0,0.044837017441599784,0.0,0.044837017441599784,100.0
navigate,1,0,0.044837017441599784,0.0,0.044837017441599784,100.0
colombia,1,0,0.044837017441599784,0.0,0.044837017441599784,100.0
dartmouth,1,0,0.044837017441599784,0.0,0.044837017441599784,100.0
windsor,1,0,0.044837017441599784,0.0,0.044837017441599784,100.0
partnerscustomers,1,0,0.044837017441599784,0.0,0.044837017441599784,100.0
jeremys,1,0,0.044837017441599784,0.0,0.044837017441599784,100.0
ubers,1,0,0.044837017441599784,0.0,0.044837017441599784,100.0
wouldprobably,1,0,0.044837017441599784,0.0,0.044837017441599784,100.0
caribe,1,0,0.044837017441599784,0.0,0.044837017441599784,100.0
mobilewe,1,0,0.044837017441599784,0.0,0.044837017441599784,100.0
quora,1,0,0.044837017441599784,0.0,0.044837017441599784,100.0
pipeline,1,0,0.044837017441599784,0.0,0.044837017441599784,100.0
reallyonline,1,0,0.044837017441599784,0.0,0.044837017441599784,100.0
s18,1,0,0.044837017441599784,0.0,0.044837017441599784,100.0
elances,1,0,0.044837017441599784,0.0,0.044837017441599784,100.0
transcribe,1,0,0.044837017441599784,0.0,0.044837017441599784,100.0
heavyweight,1,0,0.044837017441599784,0.0,0.044837017441599784,100.0
culminating,1,0,0.044837017441599784,0.0,0.044837017441599784,100.0
formation,1,0,0.044837017441599784,0.0,0.044837017441599784,100.0
hadoopafter,1,0,0.044837017441599784,0.0,0.044837017441599784,100.0
whered,1,0,0.044837017441599784,0.0,0.044837017441599784,100.0
electricity,1,0,0.044837017441599784,0.0,0.044837017441599784,100.0
weeklies,1,0,0.044837017441599784,0.0,0.044837017441599784,100.0
playersparents,1,0,0.044837017441599784,0.0,0.044837017441599784,100.0
conservative,1,0,0.044837017441599784,0.0,0.044837017441599784,100.0
reverse,1,0,0.044837017441599784,0.0,0.044837017441599784,100.0
evenly,1,0,0.044837017441599784,0.0,0.044837017441599784,100.0
contributor,1,0,0.044837017441599784,0.0,0.044837017441599784,100.0
addon,1,0,0.044837017441599784,0.0,0.044837017441599784,100.0
501c3,1,0,0.044837017441599784,0.0,0.044837017441599784,100.0
aso,1,0,0.044837017441599784,0.0,0.044837017441599784,100.0
youryour,1,0,0.044837017441599784,0.0,0.044837017441599784,100.0
gtm,1,0,0.044837017441599784,0.0,0.044837017441599784,100.0
counterintelligence,1,0,0.044837017441599784,0.0,0.044837017441599784,100.0
usd2016,1,0,0.044837017441599784,0.0,0.044837017441599784,100.0
httpwwwgingerboxcomng,1,0,0.044837017441599784,0.0,0.044837017441599784,100.0
fold,1,0,0.044837017441599784,0.0,0.044837017441599784,100.0
versa,1,0,0.044837017441599784,0.0,0.044837017441599784,100.0
stateoftheart,1,0,0.044837017441599784,0.0,0.044837017441599784,100.0
judges,1,0,0.044837017441599784,0.0,0.044837017441599784,100.0
unnatural,1,0,0.044837017441599784,0.0,0.044837017441599784,100.0
convenientafter,1,0,0.044837017441599784,0.0,0.044837017441599784,100.0
noadditionally,1,0,0.044837017441599784,0.0,0.044837017441599784,100.0
react,1,0,0.044837017441599784,0.0,0.044837017441599784,100.0
rubynation,1,0,0.044837017441599784,0.0,0.044837017441599784,100.0
mercurys,1,0,0.044837017441599784,0.0,0.044837017441599784,100.0
sophisticated,1,0,0.044837017441599784,0.0,0.044837017441599784,100.0
boxee,1,0,0.044837017441599784,0.0,0.044837017441599784,100.0
literary,1,0,0.044837017441599784,0.0,0.044837017441599784,100.0
republican,1,0,0.044837017441599784,0.0,0.044837017441599784,100.0
outputs,1,0,0.044837017441599784,0.0,0.044837017441599784,100.0
320hour,1,0,0.044837017441599784,0.0,0.044837017441599784,100.0
involve,1,0,0.044837017441599784,0.0,0.044837017441599784,100.0
christies,1,0,0.044837017441599784,0.0,0.044837017441599784,100.0
metricsshazam,1,0,0.044837017441599784,0.0,0.044837017441599784,100.0
unread,1,0,0.044837017441599784,0.0,0.044837017441599784,100.0
nginx,1,0,0.044837017441599784,0.0,0.044837017441599784,100.0
wwwdiylawng,1,0,0.044837017441599784,0.0,0.044837017441599784,100.0
thoughtfully,1,0,0.044837017441599784,0.0,0.044837017441599784,100.0
appsin,1,0,0.044837017441599784,0.0,0.044837017441599784,100.0
insufficient,1,0,0.044837017441599784,0.0,0.044837017441599784,100.0
traders,1,0,0.044837017441599784,0.0,0.044837017441599784,100.0
recurrenceour,1,0,0.044837017441599784,0.0,0.044837017441599784,100.0
nonfinancial,1,0,0.044837017441599784,0.0,0.044837017441599784,100.0
etransfers,1,0,0.044837017441599784,0.0,0.044837017441599784,100.0
kits,1,0,0.044837017441599784,0.0,0.044837017441599784,100.0
followings,1,0,0.044837017441599784,0.0,0.044837017441599784,100.0
investigations,1,0,0.044837017441599784,0.0,0.044837017441599784,100.0
thiel,1,0,0.044837017441599784,0.0,0.044837017441599784,100.0
goit,1,0,0.044837017441599784,0.0,0.044837017441599784,100.0
pioneering,1,0,0.044837017441599784,0.0,0.044837017441599784,100.0
absorbable,1,0,0.044837017441599784,0.0,0.044837017441599784,100.0
livermore,1,0,0.044837017441599784,0.0,0.044837017441599784,100.0
productivity,1,0,0.044837017441599784,0.0,0.044837017441599784,100.0
stronger,1,0,0.044837017441599784,0.0,0.044837017441599784,100.0
announce,1,0,0.044837017441599784,0.0,0.044837017441599784,100.0
reportedly,1,0,0.044837017441599784,0.0,0.044837017441599784,100.0
creatorsits,1,0,0.044837017441599784,0.0,0.044837017441599784,100.0
angular,1,0,0.044837017441599784,0.0,0.044837017441599784,100.0
wordmemes,1,0,0.044837017441599784,0.0,0.044837017441599784,100.0
columbia,1,0,0.044837017441599784,0.0,0.044837017441599784,100.0
usersstarted,1,0,0.044837017441599784,0.0,0.044837017441599784,100.0
surveyed,1,0,0.044837017441599784,0.0,0.044837017441599784,100.0
year2015,1,0,0.044837017441599784,0.0,0.044837017441599784,100.0
belgium,1,0,0.044837017441599784,0.0,0.044837017441599784,100.0
pipedrive,1,0,0.044837017441599784,0.0,0.044837017441599784,100.0
advisorsaj,1,0,0.044837017441599784,0.0,0.044837017441599784,100.0
methodology,1,0,0.044837017441599784,0.0,0.044837017441599784,100.0
teslas,1,0,0.044837017441599784,0.0,0.044837017441599784,100.0
serviceswe,1,0,0.044837017441599784,0.0,0.044837017441599784,100.0
debit,1,0,0.044837017441599784,0.0,0.044837017441599784,100.0
repaid,1,0,0.044837017441599784,0.0,0.044837017441599784,100.0
w13,1,0,0.044837017441599784,0.0,0.044837017441599784,100.0
nobrainer,1,0,0.044837017441599784,0.0,0.044837017441599784,100.0
bolts,1,0,0.044837017441599784,0.0,0.044837017441599784,100.0
dayas,1,0,0.044837017441599784,0.0,0.044837017441599784,100.0
5min,1,0,0.044837017441599784,0.0,0.044837017441599784,100.0
boeing,1,0,0.044837017441599784,0.0,0.044837017441599784,100.0
contractlegal,1,0,0.044837017441599784,0.0,0.044837017441599784,100.0
dynata,1,0,0.044837017441599784,0.0,0.044837017441599784,100.0
vested,1,0,0.044837017441599784,0.0,0.044837017441599784,100.0
father,1,0,0.044837017441599784,0.0,0.044837017441599784,100.0
soc,1,0,0.044837017441599784,0.0,0.044837017441599784,100.0
marketing2,1,0,0.044837017441599784,0.0,0.044837017441599784,100.0
vango,1,0,0.044837017441599784,0.0,0.044837017441599784,100.0
reaches,1,0,0.044837017441599784,0.0,0.044837017441599784,100.0
rejects,1,0,0.044837017441599784,0.0,0.044837017441599784,100.0
fong,1,0,0.044837017441599784,0.0,0.044837017441599784,100.0
defeat,1,0,0.044837017441599784,0.0,0.044837017441599784,100.0
bandaid,1,0,0.044837017441599784,0.0,0.044837017441599784,100.0
carswe,1,0,0.044837017441599784,0.0,0.044837017441599784,100.0
furthers,1,0,0.044837017441599784,0.0,0.044837017441599784,100.0
migrated,1,0,0.044837017441599784,0.0,0.044837017441599784,100.0
tighter,1,0,0.044837017441599784,0.0,0.044837017441599784,100.0
omegle,1,0,0.044837017441599784,0.0,0.044837017441599784,100.0
scaleuntil,1,0,0.044837017441599784,0.0,0.044837017441599784,100.0
titanize,1,0,0.044837017441599784,0.0,0.044837017441599784,100.0
shirts,1,0,0.044837017441599784,0.0,0.044837017441599784,100.0
incumbents,1,0,0.044837017441599784,0.0,0.044837017441599784,100.0
minus,1,0,0.044837017441599784,0.0,0.044837017441599784,100.0
25usermonth,1,0,0.044837017441599784,0.0,0.044837017441599784,100.0
farther,1,0,0.044837017441599784,0.0,0.044837017441599784,100.0
preseed,1,0,0.044837017441599784,0.0,0.044837017441599784,100.0
logical,1,0,0.044837017441599784,0.0,0.044837017441599784,100.0
gentle,1,0,0.044837017441599784,0.0,0.044837017441599784,100.0
llp,1,0,0.044837017441599784,0.0,0.044837017441599784,100.0
productthere,1,0,0.044837017441599784,0.0,0.044837017441599784,100.0
yrs,1,0,0.044837017441599784,0.0,0.044837017441599784,100.0
colleagueswork,1,0,0.044837017441599784,0.0,0.044837017441599784,100.0
propagate,1,0,0.044837017441599784,0.0,0.044837017441599784,100.0
pants,1,0,0.044837017441599784,0.0,0.044837017441599784,100.0
enduser,1,0,0.044837017441599784,0.0,0.044837017441599784,100.0
successartist,1,0,0.044837017441599784,0.0,0.044837017441599784,100.0
plusamazon,1,0,0.044837017441599784,0.0,0.044837017441599784,100.0
xxx,1,0,0.044837017441599784,0.0,0.044837017441599784,100.0
teammate,1,0,0.044837017441599784,0.0,0.044837017441599784,100.0
functionsaws,1,0,0.044837017441599784,0.0,0.044837017441599784,100.0
bigototal,1,0,0.044837017441599784,0.0,0.044837017441599784,100.0
east,1,0,0.044837017441599784,0.0,0.044837017441599784,100.0
keychain,1,0,0.044837017441599784,0.0,0.044837017441599784,100.0
hairy,1,0,0.044837017441599784,0.0,0.044837017441599784,100.0
httpswwwyoutubecomwatchvxhke_6t34cg,1,0,0.044837017441599784,0.0,0.044837017441599784,100.0
amazonstyle,1,0,0.044837017441599784,0.0,0.044837017441599784,100.0
succeeds,1,0,0.044837017441599784,0.0,0.044837017441599784,100.0
adora,1,0,0.044837017441599784,0.0,0.044837017441599784,100.0
abet,1,0,0.044837017441599784,0.0,0.044837017441599784,100.0
misalignment,1,0,0.044837017441599784,0.0,0.044837017441599784,100.0
forum,1,0,0.044837017441599784,0.0,0.044837017441599784,100.0
ideacanadakaz,1,0,0.044837017441599784,0.0,0.044837017441599784,100.0
dayobserved,1,0,0.044837017441599784,0.0,0.044837017441599784,100.0
ohanian,1,0,0.044837017441599784,0.0,0.044837017441599784,100.0
326to,1,0,0.044837017441599784,0.0,0.044837017441599784,100.0
jamie,1,0,0.044837017441599784,0.0,0.044837017441599784,100.0
lidar,1,0,0.044837017441599784,0.0,0.044837017441599784,100.0
unexpected,1,0,0.044837017441599784,0.0,0.044837017441599784,100.0
rachel,1,0,0.044837017441599784,0.0,0.044837017441599784,100.0
twothirds,1,0,0.044837017441599784,0.0,0.044837017441599784,100.0
cuts,1,0,0.044837017441599784,0.0,0.044837017441599784,100.0
sitewe,1,0,0.044837017441599784,0.0,0.044837017441599784,100.0
gust,1,0,0.044837017441599784,0.0,0.044837017441599784,100.0
hardcore,1,0,0.044837017441599784,0.0,0.044837017441599784,100.0
creationwhat,1,0,0.044837017441599784,0.0,0.044837017441599784,100.0
arm,1,0,0.044837017441599784,0.0,0.044837017441599784,100.0
amex,1,0,0.044837017441599784,0.0,0.044837017441599784,100.0
vehiclewe,1,0,0.044837017441599784,0.0,0.044837017441599784,100.0
capturing,1,0,0.044837017441599784,0.0,0.044837017441599784,100.0
cagradvertising,1,0,0.044837017441599784,0.0,0.044837017441599784,100.0
heretofore,1,0,0.044837017441599784,0.0,0.044837017441599784,100.0
wahoobooks,1,0,0.044837017441599784,0.0,0.044837017441599784,100.0
httpstwittercompaulgstatus335632601618452484,1,0,0.044837017441599784,0.0,0.044837017441599784,100.0
25regular,1,0,0.044837017441599784,0.0,0.044837017441599784,100.0
hivy,1,0,0.044837017441599784,0.0,0.044837017441599784,100.0
ciiaas,1,0,0.044837017441599784,0.0,0.044837017441599784,100.0
needlessly,1,0,0.044837017441599784,0.0,0.044837017441599784,100.0
appdomain,1,0,0.044837017441599784,0.0,0.044837017441599784,100.0
ally,1,0,0.044837017441599784,0.0,0.044837017441599784,100.0
rigidly,1,0,0.044837017441599784,0.0,0.044837017441599784,100.0
docsspreadsheets,1,0,0.044837017441599784,0.0,0.044837017441599784,100.0
tightknit,1,0,0.044837017441599784,0.0,0.044837017441599784,100.0
contributions,1,0,0.044837017441599784,0.0,0.044837017441599784,100.0
9am,1,0,0.044837017441599784,0.0,0.044837017441599784,100.0
beside,1,0,0.044837017441599784,0.0,0.044837017441599784,100.0
timepeter,1,0,0.044837017441599784,0.0,0.044837017441599784,100.0
orderthe,1,0,0.044837017441599784,0.0,0.044837017441599784,100.0
followup,1,0,0.044837017441599784,0.0,0.044837017441599784,100.0
strategists,1,0,0.044837017441599784,0.0,0.044837017441599784,100.0
employersdomain,1,0,0.044837017441599784,0.0,0.044837017441599784,100.0
sandbox,1,0,0.044837017441599784,0.0,0.044837017441599784,100.0
boxnet,1,0,0.044837017441599784,0.0,0.044837017441599784,100.0
vault,1,0,0.044837017441599784,0.0,0.044837017441599784,100.0
conrads,1,0,0.044837017441599784,0.0,0.044837017441599784,100.0
servicesto,1,0,0.044837017441599784,0.0,0.044837017441599784,100.0
happier,1,0,0.044837017441599784,0.0,0.044837017441599784,100.0
doubly,1,0,0.044837017441599784,0.0,0.044837017441599784,100.0
rival,1,0,0.044837017441599784,0.0,0.044837017441599784,100.0
leagues,1,0,0.044837017441599784,0.0,0.044837017441599784,100.0
newer,1,0,0.044837017441599784,0.0,0.044837017441599784,100.0
realization,1,0,0.044837017441599784,0.0,0.044837017441599784,100.0
costsavings,1,0,0.044837017441599784,0.0,0.044837017441599784,100.0
turkprime,1,0,0.044837017441599784,0.0,0.044837017441599784,100.0
voicemail,1,0,0.044837017441599784,0.0,0.044837017441599784,100.0
skype,1,0,0.044837017441599784,0.0,0.044837017441599784,100.0
escaped,1,0,0.044837017441599784,0.0,0.044837017441599784,100.0
strategylaunched,1,0,0.044837017441599784,0.0,0.044837017441599784,100.0
meditationsid1093360165,1,0,0.044837017441599784,0.0,0.044837017441599784,100.0
citicards,1,0,0.044837017441599784,0.0,0.044837017441599784,100.0
chromewebkit,1,0,0.044837017441599784,0.0,0.044837017441599784,100.0
efoundershaving,1,0,0.044837017441599784,0.0,0.044837017441599784,100.0
convos,1,0,0.044837017441599784,0.0,0.044837017441599784,100.0
takalanis,1,0,0.044837017441599784,0.0,0.044837017441599784,100.0
streetview,1,0,0.044837017441599784,0.0,0.044837017441599784,100.0
certificates,1,0,0.044837017441599784,0.0,0.044837017441599784,100.0
pepsi,1,0,0.044837017441599784,0.0,0.044837017441599784,100.0
daysthere,1,0,0.044837017441599784,0.0,0.044837017441599784,100.0
safetysee,1,0,0.044837017441599784,0.0,0.044837017441599784,100.0
advises,1,0,0.044837017441599784,0.0,0.044837017441599784,100.0
homebrew,1,0,0.044837017441599784,0.0,0.044837017441599784,100.0
middleware,1,0,0.044837017441599784,0.0,0.044837017441599784,100.0
handlingwell,1,0,0.044837017441599784,0.0,0.044837017441599784,100.0
themother,1,0,0.044837017441599784,0.0,0.044837017441599784,100.0
soul,1,0,0.044837017441599784,0.0,0.044837017441599784,100.0
upsell,1,0,0.044837017441599784,0.0,0.044837017441599784,100.0
womenno,1,0,0.044837017441599784,0.0,0.044837017441599784,100.0
burgeoning,1,0,0.044837017441599784,0.0,0.044837017441599784,100.0
mock,1,0,0.044837017441599784,0.0,0.044837017441599784,100.0
exchanged,1,0,0.044837017441599784,0.0,0.044837017441599784,100.0
donate,1,0,0.044837017441599784,0.0,0.044837017441599784,100.0
inclusion,1,0,0.044837017441599784,0.0,0.044837017441599784,100.0
blank,1,0,0.044837017441599784,0.0,0.044837017441599784,100.0
blindly,1,0,0.044837017441599784,0.0,0.044837017441599784,100.0
participant,1,0,0.044837017441599784,0.0,0.044837017441599784,100.0
changesdesperate,1,0,0.044837017441599784,0.0,0.044837017441599784,100.0
unlaunched,1,0,0.044837017441599784,0.0,0.044837017441599784,100.0
baseball,1,0,0.044837017441599784,0.0,0.044837017441599784,100.0
outstanding,1,0,0.044837017441599784,0.0,0.044837017441599784,100.0
meets,1,0,0.044837017441599784,0.0,0.044837017441599784,100.0
separately,1,0,0.044837017441599784,0.0,0.044837017441599784,100.0
wwwmanifoldstudioscom,1,0,0.044837017441599784,0.0,0.044837017441599784,100.0
transitioning,1,0,0.044837017441599784,0.0,0.044837017441599784,100.0
remove,1,0,0.044837017441599784,0.0,0.044837017441599784,100.0
indicating,1,0,0.044837017441599784,0.0,0.044837017441599784,100.0
commercialization,1,0,0.044837017441599784,0.0,0.044837017441599784,100.0
rabid,1,0,0.044837017441599784,0.0,0.044837017441599784,100.0
bankeresque,1,0,0.044837017441599784,0.0,0.044837017441599784,100.0
enrich,1,0,0.044837017441599784,0.0,0.044837017441599784,100.0
oil,1,0,0.044837017441599784,0.0,0.044837017441599784,100.0
glowing,1,0,0.044837017441599784,0.0,0.044837017441599784,100.0
certificate,1,0,0.044837017441599784,0.0,0.044837017441599784,100.0
corecurriculum,1,0,0.044837017441599784,0.0,0.044837017441599784,100.0
furniture,1,0,0.044837017441599784,0.0,0.044837017441599784,100.0
afterthought,1,0,0.044837017441599784,0.0,0.044837017441599784,100.0
commensurate,1,0,0.044837017441599784,0.0,0.044837017441599784,100.0
sourcedistributedintegrated,1,0,0.044837017441599784,0.0,0.044837017441599784,100.0
o100s,1,0,0.044837017441599784,0.0,0.044837017441599784,100.0
wadded,1,0,0.044837017441599784,0.0,0.044837017441599784,100.0
reachable,1,0,0.044837017441599784,0.0,0.044837017441599784,100.0
foreseeable,1,0,0.044837017441599784,0.0,0.044837017441599784,100.0
banco,1,0,0.044837017441599784,0.0,0.044837017441599784,100.0
unified,1,0,0.044837017441599784,0.0,0.044837017441599784,100.0
designated,1,0,0.044837017441599784,0.0,0.044837017441599784,100.0
nondedicated,1,0,0.044837017441599784,0.0,0.044837017441599784,100.0
compression,1,0,0.044837017441599784,0.0,0.044837017441599784,100.0
important1,1,0,0.044837017441599784,0.0,0.044837017441599784,100.0
right1,1,0,0.044837017441599784,0.0,0.044837017441599784,100.0
corps,1,0,0.044837017441599784,0.0,0.044837017441599784,100.0
overexcited,1,0,0.044837017441599784,0.0,0.044837017441599784,100.0
amidst,1,0,0.044837017441599784,0.0,0.044837017441599784,100.0
httpmixpanelcomuserdemo,1,0,0.044837017441599784,0.0,0.044837017441599784,100.0
newsdelivery,1,0,0.044837017441599784,0.0,0.044837017441599784,100.0
optimistic,1,0,0.044837017441599784,0.0,0.044837017441599784,100.0
iceberg,1,0,0.044837017441599784,0.0,0.044837017441599784,100.0
tapjoy,1,0,0.044837017441599784,0.0,0.044837017441599784,100.0
httpcontributorsgitlabcom,1,0,0.044837017441599784,0.0,0.044837017441599784,100.0
applicationsat,1,0,0.044837017441599784,0.0,0.044837017441599784,100.0
ownmy,1,0,0.044837017441599784,0.0,0.044837017441599784,100.0
threetier,1,0,0.044837017441599784,0.0,0.044837017441599784,100.0
widely,1,0,0.044837017441599784,0.0,0.044837017441599784,100.0
tag,1,0,0.044837017441599784,0.0,0.044837017441599784,100.0
millennialswe,1,0,0.044837017441599784,0.0,0.044837017441599784,100.0
schemefor,1,0,0.044837017441599784,0.0,0.044837017441599784,100.0
sensation,1,0,0.044837017441599784,0.0,0.044837017441599784,100.0
firsttime,1,0,0.044837017441599784,0.0,0.044837017441599784,100.0
billionsshare,1,0,0.044837017441599784,0.0,0.044837017441599784,100.0
symposium,1,0,0.044837017441599784,0.0,0.044837017441599784,100.0
accessoriesour,1,0,0.044837017441599784,0.0,0.044837017441599784,100.0
differentso,1,0,0.044837017441599784,0.0,0.044837017441599784,100.0
peergenerated,1,0,0.044837017441599784,0.0,0.044837017441599784,100.0
togetherlearnvest,1,0,0.044837017441599784,0.0,0.044837017441599784,100.0
contained,1,0,0.044837017441599784,0.0,0.044837017441599784,100.0
correspondingly,1,0,0.044837017441599784,0.0,0.044837017441599784,100.0
occasionally,1,0,0.044837017441599784,0.0,0.044837017441599784,100.0
velocity,1,0,0.044837017441599784,0.0,0.044837017441599784,100.0
medicaldental,1,0,0.044837017441599784,0.0,0.044837017441599784,100.0
poc,1,0,0.044837017441599784,0.0,0.044837017441599784,100.0
lyndaorg,1,0,0.044837017441599784,0.0,0.044837017441599784,100.0
deserving,1,0,0.044837017441599784,0.0,0.044837017441599784,100.0
timethe,1,0,0.044837017441599784,0.0,0.044837017441599784,100.0
assetheavy,1,0,0.044837017441599784,0.0,0.044837017441599784,100.0
devtools,1,0,0.044837017441599784,0.0,0.044837017441599784,100.0
peace,1,0,0.044837017441599784,0.0,0.044837017441599784,100.0
evaluate,1,0,0.044837017441599784,0.0,0.044837017441599784,100.0
goldman,1,0,0.044837017441599784,0.0,0.044837017441599784,100.0
treasury,1,0,0.044837017441599784,0.0,0.044837017441599784,100.0
explainedfor,1,0,0.044837017441599784,0.0,0.044837017441599784,100.0
shrunk,1,0,0.044837017441599784,0.0,0.044837017441599784,100.0
hitting,1,0,0.044837017441599784,0.0,0.044837017441599784,100.0
malformed,1,0,0.044837017441599784,0.0,0.044837017441599784,100.0
do6,1,0,0.044837017441599784,0.0,0.044837017441599784,100.0
wednesday,1,0,0.044837017441599784,0.0,0.044837017441599784,100.0
be2,1,0,0.044837017441599784,0.0,0.044837017441599784,100.0
feet,1,0,0.044837017441599784,0.0,0.044837017441599784,100.0
lunette,1,0,0.044837017441599784,0.0,0.044837017441599784,100.0
subsaharan,1,0,0.044837017441599784,0.0,0.044837017441599784,100.0
2014team,1,0,0.044837017441599784,0.0,0.044837017441599784,100.0
highertier,1,0,0.044837017441599784,0.0,0.044837017441599784,100.0
healthin,1,0,0.044837017441599784,0.0,0.044837017441599784,100.0
execute,1,0,0.044837017441599784,0.0,0.044837017441599784,100.0
startmixpanel,1,0,0.044837017441599784,0.0,0.044837017441599784,100.0
temporal,1,0,0.044837017441599784,0.0,0.044837017441599784,100.0
evangelist,1,0,0.044837017441599784,0.0,0.044837017441599784,100.0
researchour,1,0,0.044837017441599784,0.0,0.044837017441599784,100.0
bogged,1,0,0.044837017441599784,0.0,0.044837017441599784,100.0
martech,1,0,0.044837017441599784,0.0,0.044837017441599784,100.0
tempted,1,0,0.044837017441599784,0.0,0.044837017441599784,100.0
dried,1,0,0.044837017441599784,0.0,0.044837017441599784,100.0
unobtrusive,1,0,0.044837017441599784,0.0,0.044837017441599784,100.0
invites,1,0,0.044837017441599784,0.0,0.044837017441599784,100.0
datasets,1,0,0.044837017441599784,0.0,0.044837017441599784,100.0
pageseverything,1,0,0.044837017441599784,0.0,0.044837017441599784,100.0
novembersimple,1,0,0.044837017441599784,0.0,0.044837017441599784,100.0
synchronizes,1,0,0.044837017441599784,0.0,0.044837017441599784,100.0
vastness,1,0,0.044837017441599784,0.0,0.044837017441599784,100.0
httpswwwyoutubecomwatchvkzvdha5323o,1,0,0.044837017441599784,0.0,0.044837017441599784,100.0
weave,1,0,0.044837017441599784,0.0,0.044837017441599784,100.0
clientproducts,1,0,0.044837017441599784,0.0,0.044837017441599784,100.0
foursquare,1,0,0.044837017441599784,0.0,0.044837017441599784,100.0
allan,1,0,0.044837017441599784,0.0,0.044837017441599784,100.0
ssi,1,0,0.044837017441599784,0.0,0.044837017441599784,100.0
allocation,1,0,0.044837017441599784,0.0,0.044837017441599784,100.0
youthe,1,0,0.044837017441599784,0.0,0.044837017441599784,100.0
volumes,1,0,0.044837017441599784,0.0,0.044837017441599784,100.0
professionally,1,0,0.044837017441599784,0.0,0.044837017441599784,100.0
django,1,0,0.044837017441599784,0.0,0.044837017441599784,100.0
journey,1,0,0.044837017441599784,0.0,0.044837017441599784,100.0
procedure,1,0,0.044837017441599784,0.0,0.044837017441599784,100.0
troy,1,0,0.044837017441599784,0.0,0.044837017441599784,100.0
suppose,1,0,0.044837017441599784,0.0,0.044837017441599784,100.0
nascent,1,0,0.044837017441599784,0.0,0.044837017441599784,100.0
customized,1,0,0.044837017441599784,0.0,0.044837017441599784,100.0
20mo,1,0,0.044837017441599784,0.0,0.044837017441599784,100.0
hourly,1,0,0.044837017441599784,0.0,0.044837017441599784,100.0
cloudhosted,1,0,0.044837017441599784,0.0,0.044837017441599784,100.0
moderator,1,0,0.044837017441599784,0.0,0.044837017441599784,100.0
attorney,1,0,0.044837017441599784,0.0,0.044837017441599784,100.0
paystackthe,1,0,0.044837017441599784,0.0,0.044837017441599784,100.0
availably,1,0,0.044837017441599784,0.0,0.044837017441599784,100.0
families,1,0,0.044837017441599784,0.0,0.044837017441599784,100.0
degrees,1,0,0.044837017441599784,0.0,0.044837017441599784,100.0
videoondemand,1,0,0.044837017441599784,0.0,0.044837017441599784,100.0
mailinglists,1,0,0.044837017441599784,0.0,0.044837017441599784,100.0
10gb,1,0,0.044837017441599784,0.0,0.044837017441599784,100.0
calories,1,0,0.044837017441599784,0.0,0.044837017441599784,100.0
reluctant,1,0,0.044837017441599784,0.0,0.044837017441599784,100.0
httpwwwslidesharenetmattangriffelgrowthhacking,1,0,0.044837017441599784,0.0,0.044837017441599784,100.0
5mo,1,0,0.044837017441599784,0.0,0.044837017441599784,100.0
crowded,1,0,0.044837017441599784,0.0,0.044837017441599784,100.0
mack,1,0,0.044837017441599784,0.0,0.044837017441599784,100.0
trainings,1,0,0.044837017441599784,0.0,0.044837017441599784,100.0
purchasing,1,0,0.044837017441599784,0.0,0.044837017441599784,100.0
get1,1,0,0.044837017441599784,0.0,0.044837017441599784,100.0
bears,1,0,0.044837017441599784,0.0,0.044837017441599784,100.0
savingwe,1,0,0.044837017441599784,0.0,0.044837017441599784,100.0
manages,1,0,0.044837017441599784,0.0,0.044837017441599784,100.0
ben,1,0,0.044837017441599784,0.0,0.044837017441599784,100.0
85k,1,0,0.044837017441599784,0.0,0.044837017441599784,100.0
outperforms,1,0,0.044837017441599784,0.0,0.044837017441599784,100.0
topicssilent,1,0,0.044837017441599784,0.0,0.044837017441599784,100.0
brasil,1,0,0.044837017441599784,0.0,0.044837017441599784,100.0
sharp,1,0,0.044837017441599784,0.0,0.044837017441599784,100.0
wrapper,1,0,0.044837017441599784,0.0,0.044837017441599784,100.0
pennies,1,0,0.044837017441599784,0.0,0.044837017441599784,100.0
vapor,1,0,0.044837017441599784,0.0,0.044837017441599784,100.0
mocking,1,0,0.044837017441599784,0.0,0.044837017441599784,100.0
togetherpraful,1,0,0.044837017441599784,0.0,0.044837017441599784,100.0
leaky,1,0,0.044837017441599784,0.0,0.044837017441599784,100.0
400000donors,1,0,0.044837017441599784,0.0,0.044837017441599784,100.0
proliferation,1,0,0.044837017441599784,0.0,0.044837017441599784,100.0
pulls,1,0,0.044837017441599784,0.0,0.044837017441599784,100.0
bettera,1,0,0.044837017441599784,0.0,0.044837017441599784,100.0
handsin,1,0,0.044837017441599784,0.0,0.044837017441599784,100.0
clientstoday,1,0,0.044837017441599784,0.0,0.044837017441599784,100.0
visio,1,0,0.044837017441599784,0.0,0.044837017441599784,100.0
httpenwikipediaorgwikiundefined_mathematics,1,0,0.044837017441599784,0.0,0.044837017441599784,100.0
abstate,1,0,0.044837017441599784,0.0,0.044837017441599784,100.0
voiceproduct,1,0,0.044837017441599784,0.0,0.044837017441599784,100.0
105byr,1,0,0.044837017441599784,0.0,0.044837017441599784,100.0
100x,1,0,0.044837017441599784,0.0,0.044837017441599784,100.0
milestonesweve,1,0,0.044837017441599784,0.0,0.044837017441599784,100.0
negotiations,1,0,0.044837017441599784,0.0,0.044837017441599784,100.0
oman,1,0,0.044837017441599784,0.0,0.044837017441599784,100.0
familys,1,0,0.044837017441599784,0.0,0.044837017441599784,100.0
chile,1,0,0.044837017441599784,0.0,0.044837017441599784,100.0
geo,1,0,0.044837017441599784,0.0,0.044837017441599784,100.0
eyeball,1,0,0.044837017441599784,0.0,0.044837017441599784,100.0
more2,1,0,0.044837017441599784,0.0,0.044837017441599784,100.0
loansoffering,1,0,0.044837017441599784,0.0,0.044837017441599784,100.0
momentmaybe,1,0,0.044837017441599784,0.0,0.044837017441599784,100.0
infoautomated,1,0,0.044837017441599784,0.0,0.044837017441599784,100.0
noncommercial,1,0,0.044837017441599784,0.0,0.044837017441599784,100.0
alcohol,1,0,0.044837017441599784,0.0,0.044837017441599784,100.0
revelry,1,0,0.044837017441599784,0.0,0.044837017441599784,100.0
americas,1,0,0.044837017441599784,0.0,0.044837017441599784,100.0
businessesnote,1,0,0.044837017441599784,0.0,0.044837017441599784,100.0
suhail,1,0,0.044837017441599784,0.0,0.044837017441599784,100.0
ineffective,1,0,0.044837017441599784,0.0,0.044837017441599784,100.0
annie,1,0,0.044837017441599784,0.0,0.044837017441599784,100.0
100month,1,0,0.044837017441599784,0.0,0.044837017441599784,100.0
letters,1,0,0.044837017441599784,0.0,0.044837017441599784,100.0
forces,1,0,0.044837017441599784,0.0,0.044837017441599784,100.0
deskno,1,0,0.044837017441599784,0.0,0.044837017441599784,100.0
relative,1,0,0.044837017441599784,0.0,0.044837017441599784,100.0
ukeuropeautomated,1,0,0.044837017441599784,0.0,0.044837017441599784,100.0
paystack,1,0,0.044837017441599784,0.0,0.044837017441599784,100.0
engagements,1,0,0.044837017441599784,0.0,0.044837017441599784,100.0
mull,1,0,0.044837017441599784,0.0,0.044837017441599784,100.0
hourif,1,0,0.044837017441599784,0.0,0.044837017441599784,100.0
cache,1,0,0.044837017441599784,0.0,0.044837017441599784,100.0
3pl,1,0,0.044837017441599784,0.0,0.044837017441599784,100.0
borrower,1,0,0.044837017441599784,0.0,0.044837017441599784,100.0
timeonce,1,0,0.044837017441599784,0.0,0.044837017441599784,100.0
solutionwe,1,0,0.044837017441599784,0.0,0.044837017441599784,100.0
disparate,1,0,0.044837017441599784,0.0,0.044837017441599784,100.0
rinsed,1,0,0.044837017441599784,0.0,0.044837017441599784,100.0
26m,1,0,0.044837017441599784,0.0,0.044837017441599784,100.0
standout,1,0,0.044837017441599784,0.0,0.044837017441599784,100.0
qualcomm,1,0,0.044837017441599784,0.0,0.044837017441599784,100.0
thinkature,1,0,0.044837017441599784,0.0,0.044837017441599784,100.0
35k,1,0,0.044837017441599784,0.0,0.044837017441599784,100.0
comment,1,0,0.044837017441599784,0.0,0.044837017441599784,100.0
downturn,1,0,0.044837017441599784,0.0,0.044837017441599784,100.0
noticeably,1,0,0.044837017441599784,0.0,0.044837017441599784,100.0
predicted,1,0,0.044837017441599784,0.0,0.044837017441599784,100.0
coursework,1,0,0.044837017441599784,0.0,0.044837017441599784,100.0
thissome,1,0,0.044837017441599784,0.0,0.044837017441599784,100.0
miniaccelerator,1,0,0.044837017441599784,0.0,0.044837017441599784,100.0
fewthese,1,0,0.044837017441599784,0.0,0.044837017441599784,100.0
moneyfor,1,0,0.044837017441599784,0.0,0.044837017441599784,100.0
ycwe,1,0,0.044837017441599784,0.0,0.044837017441599784,100.0
cms,1,0,0.044837017441599784,0.0,0.044837017441599784,100.0
searchwe,1,0,0.044837017441599784,0.0,0.044837017441599784,100.0
todaynpr,1,0,0.044837017441599784,0.0,0.044837017441599784,100.0
haphazardly,1,0,0.044837017441599784,0.0,0.044837017441599784,100.0
admire,1,0,0.044837017441599784,0.0,0.044837017441599784,100.0
klocwork,1,0,0.044837017441599784,0.0,0.044837017441599784,100.0
cofounderwe,1,0,0.044837017441599784,0.0,0.044837017441599784,100.0
hoursits,1,0,0.044837017441599784,0.0,0.044837017441599784,100.0
forbeswomen,1,0,0.044837017441599784,0.0,0.044837017441599784,100.0
finders,1,0,0.044837017441599784,0.0,0.044837017441599784,100.0
melissa,1,0,0.044837017441599784,0.0,0.044837017441599784,100.0
yipit,1,0,0.044837017441599784,0.0,0.044837017441599784,100.0
aggressivelywe,1,0,0.044837017441599784,0.0,0.044837017441599784,100.0
250k,1,0,0.044837017441599784,0.0,0.044837017441599784,100.0
labarge,1,0,0.044837017441599784,0.0,0.044837017441599784,100.0
teamsnap,1,0,0.044837017441599784,0.0,0.044837017441599784,100.0
frees,1,0,0.044837017441599784,0.0,0.044837017441599784,100.0
virgin,1,0,0.044837017441599784,0.0,0.044837017441599784,100.0
snail,1,0,0.044837017441599784,0.0,0.044837017441599784,100.0
allergic,1,0,0.044837017441599784,0.0,0.044837017441599784,100.0
polished,1,0,0.044837017441599784,0.0,0.044837017441599784,100.0
valuableuse,1,0,0.044837017441599784,0.0,0.044837017441599784,100.0
datacenter,1,0,0.044837017441599784,0.0,0.044837017441599784,100.0
permits,1,0,0.044837017441599784,0.0,0.044837017441599784,100.0
uniquely,1,0,0.044837017441599784,0.0,0.044837017441599784,100.0
fitmaterials,1,0,0.044837017441599784,0.0,0.044837017441599784,100.0
sub100,1,0,0.044837017441599784,0.0,0.044837017441599784,100.0
25th,1,0,0.044837017441599784,0.0,0.044837017441599784,100.0
superstars,1,0,0.044837017441599784,0.0,0.044837017441599784,100.0
suburb,1,0,0.044837017441599784,0.0,0.044837017441599784,100.0
httpwwwhervelegerobsessedcomblog20110731googleadwordloopholeanyonecanredirectad,1,0,0.044837017441599784,0.0,0.044837017441599784,100.0
duplicates,1,0,0.044837017441599784,0.0,0.044837017441599784,100.0
iii,1,0,0.044837017441599784,0.0,0.044837017441599784,100.0
programmatic,1,0,0.044837017441599784,0.0,0.044837017441599784,100.0
httpmediaevolutionsetheconferencespeakermattangriffel,1,0,0.044837017441599784,0.0,0.044837017441599784,100.0
contacted,1,0,0.044837017441599784,0.0,0.044837017441599784,100.0
fixes,1,0,0.044837017441599784,0.0,0.044837017441599784,100.0
postmanufacturing,1,0,0.044837017441599784,0.0,0.044837017441599784,100.0
banksif,1,0,0.044837017441599784,0.0,0.044837017441599784,100.0
welfare,1,0,0.044837017441599784,0.0,0.044837017441599784,100.0
apprentice,1,0,0.044837017441599784,0.0,0.044837017441599784,100.0
consumertobusiness,1,0,0.044837017441599784,0.0,0.044837017441599784,100.0
prequalification,1,0,0.044837017441599784,0.0,0.044837017441599784,100.0
garage,1,0,0.044837017441599784,0.0,0.044837017441599784,100.0
classified,1,0,0.044837017441599784,0.0,0.044837017441599784,100.0
foundational,1,0,0.044837017441599784,0.0,0.044837017441599784,100.0
syncing,1,0,0.044837017441599784,0.0,0.044837017441599784,100.0
indirect,1,0,0.044837017441599784,0.0,0.044837017441599784,100.0
babies,1,0,0.044837017441599784,0.0,0.044837017441599784,100.0
fumble,1,0,0.044837017441599784,0.0,0.044837017441599784,100.0
mixpanels,1,0,0.044837017441599784,0.0,0.044837017441599784,100.0
tampax,1,0,0.044837017441599784,0.0,0.044837017441599784,100.0
sketched,1,0,0.044837017441599784,0.0,0.044837017441599784,100.0
overstress,1,0,0.044837017441599784,0.0,0.044837017441599784,100.0
postsecondary,1,0,0.044837017441599784,0.0,0.044837017441599784,100.0
bayer,1,0,0.044837017441599784,0.0,0.044837017441599784,100.0
purely,1,0,0.044837017441599784,0.0,0.044837017441599784,100.0
discounted,1,0,0.044837017441599784,0.0,0.044837017441599784,100.0
postclinical,1,0,0.044837017441599784,0.0,0.044837017441599784,100.0
offsite,1,0,0.044837017441599784,0.0,0.044837017441599784,100.0
cad,1,0,0.044837017441599784,0.0,0.044837017441599784,100.0
bivi,1,0,0.044837017441599784,0.0,0.044837017441599784,100.0
boss,1,0,0.044837017441599784,0.0,0.044837017441599784,100.0
simplifies,1,0,0.044837017441599784,0.0,0.044837017441599784,100.0
confined,1,0,0.044837017441599784,0.0,0.044837017441599784,100.0
brilliant,1,0,0.044837017441599784,0.0,0.044837017441599784,100.0
massively,1,0,0.044837017441599784,0.0,0.044837017441599784,100.0
scroll,1,0,0.044837017441599784,0.0,0.044837017441599784,100.0
tragedy,1,0,0.044837017441599784,0.0,0.044837017441599784,100.0
whitney,1,0,0.044837017441599784,0.0,0.044837017441599784,100.0
positly,1,0,0.044837017441599784,0.0,0.044837017441599784,100.0
bradesco,1,0,0.044837017441599784,0.0,0.044837017441599784,100.0
problemhowever,1,0,0.044837017441599784,0.0,0.044837017441599784,100.0
individualorganization,1,0,0.044837017441599784,0.0,0.044837017441599784,100.0
problemive,1,0,0.044837017441599784,0.0,0.044837017441599784,100.0
cint,1,0,0.044837017441599784,0.0,0.044837017441599784,100.0
canadas,1,0,0.044837017441599784,0.0,0.044837017441599784,100.0
localhost,1,0,0.044837017441599784,0.0,0.044837017441599784,100.0
inconvenient,1,0,0.044837017441599784,0.0,0.044837017441599784,100.0
administering,1,0,0.044837017441599784,0.0,0.044837017441599784,100.0
neris,1,0,0.044837017441599784,0.0,0.044837017441599784,100.0
advocatehttpswwwyoutubecomwatchv4hxhk5c3bschttpstwittercomtangjeff0status1184264669831163904s20httpstwittercomfortelabsstatus1180223213919338496s203,1,0,0.044837017441599784,0.0,0.044837017441599784,100.0
mds,1,0,0.044837017441599784,0.0,0.044837017441599784,100.0
melissas,1,0,0.044837017441599784,0.0,0.044837017441599784,100.0
18k,1,0,0.044837017441599784,0.0,0.044837017441599784,100.0
pto,1,0,0.044837017441599784,0.0,0.044837017441599784,100.0
court,1,0,0.044837017441599784,0.0,0.044837017441599784,100.0
versioncontrolled,1,0,0.044837017441599784,0.0,0.044837017441599784,100.0
cheaply,1,0,0.044837017441599784,0.0,0.044837017441599784,100.0
grand,1,0,0.044837017441599784,0.0,0.044837017441599784,100.0
pointofsale,1,0,0.044837017441599784,0.0,0.044837017441599784,100.0
yellowpages,1,0,0.044837017441599784,0.0,0.044837017441599784,100.0
abandon,1,0,0.044837017441599784,0.0,0.044837017441599784,100.0
wizard,1,0,0.044837017441599784,0.0,0.044837017441599784,100.0
wikipediatry,1,0,0.044837017441599784,0.0,0.044837017441599784,100.0
infectionsthis,1,0,0.044837017441599784,0.0,0.044837017441599784,100.0
intimidating,1,0,0.044837017441599784,0.0,0.044837017441599784,100.0
1930s,1,0,0.044837017441599784,0.0,0.044837017441599784,100.0
yc_y_u_no,1,0,0.044837017441599784,0.0,0.044837017441599784,100.0
24x7,1,0,0.044837017441599784,0.0,0.044837017441599784,100.0
precursor,1,0,0.044837017441599784,0.0,0.044837017441599784,100.0
extranets,1,0,0.044837017441599784,0.0,0.044837017441599784,100.0
crosspromotions,1,0,0.044837017441599784,0.0,0.044837017441599784,100.0
carsamericans,1,0,0.044837017441599784,0.0,0.044837017441599784,100.0
josue,1,0,0.044837017441599784,0.0,0.044837017441599784,100.0
firewall,1,0,0.044837017441599784,0.0,0.044837017441599784,100.0
cardsyet,1,0,0.044837017441599784,0.0,0.044837017441599784,100.0
aboutafter,1,0,0.044837017441599784,0.0,0.044837017441599784,100.0
inexpensively,1,0,0.044837017441599784,0.0,0.044837017441599784,100.0
psatsat,1,0,0.044837017441599784,0.0,0.044837017441599784,100.0
raving,1,0,0.044837017441599784,0.0,0.044837017441599784,100.0
shadow,1,0,0.044837017441599784,0.0,0.044837017441599784,100.0
retailersmajor,1,0,0.044837017441599784,0.0,0.044837017441599784,100.0
technologyinevent,1,0,0.044837017441599784,0.0,0.044837017441599784,100.0
extent,1,0,0.044837017441599784,0.0,0.044837017441599784,100.0
notionfear,1,0,0.044837017441599784,0.0,0.044837017441599784,100.0
pole,1,0,0.044837017441599784,0.0,0.044837017441599784,100.0
package,1,0,0.044837017441599784,0.0,0.044837017441599784,100.0
substackmedium,1,0,0.044837017441599784,0.0,0.044837017441599784,100.0
missionwell,1,0,0.044837017441599784,0.0,0.044837017441599784,100.0
interaction,1,0,0.044837017441599784,0.0,0.044837017441599784,100.0
kitchener,1,0,0.044837017441599784,0.0,0.044837017441599784,100.0
etouches,1,0,0.044837017441599784,0.0,0.044837017441599784,100.0
carshttpswwwfacebookcomphotophpv10100100951758668httpswwwdropboxcomst48lfkzsy1gq5vaavs09pdf,1,0,0.044837017441599784,0.0,0.044837017441599784,100.0
grab,1,0,0.044837017441599784,0.0,0.044837017441599784,100.0
120b,1,0,0.044837017441599784,0.0,0.044837017441599784,100.0
desaidata,1,0,0.044837017441599784,0.0,0.044837017441599784,100.0
daryna,1,0,0.044837017441599784,0.0,0.044837017441599784,100.0
functionalprototype,1,0,0.044837017441599784,0.0,0.044837017441599784,100.0
robotics,1,0,0.044837017441599784,0.0,0.044837017441599784,100.0
funnels,1,0,0.044837017441599784,0.0,0.044837017441599784,100.0
yougov,1,0,0.044837017441599784,0.0,0.044837017441599784,100.0
levchin,1,0,0.044837017441599784,0.0,0.044837017441599784,100.0
fraudsters,1,0,0.044837017441599784,0.0,0.044837017441599784,100.0
roberto,1,0,0.044837017441599784,0.0,0.044837017441599784,100.0
bonded,1,0,0.044837017441599784,0.0,0.044837017441599784,100.0
giordano,1,0,0.044837017441599784,0.0,0.044837017441599784,100.0
viewes,1,0,0.044837017441599784,0.0,0.044837017441599784,100.0
themin,1,0,0.044837017441599784,0.0,0.044837017441599784,100.0
sushi,1,0,0.044837017441599784,0.0,0.044837017441599784,100.0
revealing,1,0,0.044837017441599784,0.0,0.044837017441599784,100.0
httpsnaasai,1,0,0.044837017441599784,0.0,0.044837017441599784,100.0
willbenefits,1,0,0.044837017441599784,0.0,0.044837017441599784,100.0
basement,1,0,0.044837017441599784,0.0,0.044837017441599784,100.0
recreational,1,0,0.044837017441599784,0.0,0.044837017441599784,100.0
apps4,1,0,0.044837017441599784,0.0,0.044837017441599784,100.0
ashus,1,0,0.044837017441599784,0.0,0.044837017441599784,100.0
subs,1,0,0.044837017441599784,0.0,0.044837017441599784,100.0
betterment,1,0,0.044837017441599784,0.0,0.044837017441599784,100.0
accolade,1,0,0.044837017441599784,0.0,0.044837017441599784,100.0
dans,1,0,0.044837017441599784,0.0,0.044837017441599784,100.0
drivebywire,1,0,0.044837017441599784,0.0,0.044837017441599784,100.0
mashable,1,0,0.044837017441599784,0.0,0.044837017441599784,100.0
overlapping,1,0,0.044837017441599784,0.0,0.044837017441599784,100.0
fifty,1,0,0.044837017441599784,0.0,0.044837017441599784,100.0
orthogonal,1,0,0.044837017441599784,0.0,0.044837017441599784,100.0
duds,1,0,0.044837017441599784,0.0,0.044837017441599784,100.0
jobseeking,1,0,0.044837017441599784,0.0,0.044837017441599784,100.0
aligned,1,0,0.044837017441599784,0.0,0.044837017441599784,100.0
wellness,1,0,0.044837017441599784,0.0,0.044837017441599784,100.0
mentoring,1,0,0.044837017441599784,0.0,0.044837017441599784,100.0
marta,1,0,0.044837017441599784,0.0,0.044837017441599784,100.0
biomedical,1,0,0.044837017441599784,0.0,0.044837017441599784,100.0
goodlys,1,0,0.044837017441599784,0.0,0.044837017441599784,100.0
effortspanpan,1,0,0.044837017441599784,0.0,0.044837017441599784,100.0
encrypt,1,0,0.044837017441599784,0.0,0.044837017441599784,100.0
disruptive,1,0,0.044837017441599784,0.0,0.044837017441599784,100.0
peoplepowered,1,0,0.044837017441599784,0.0,0.044837017441599784,100.0
relaxed,1,0,0.044837017441599784,0.0,0.044837017441599784,100.0
sysadmin,1,0,0.044837017441599784,0.0,0.044837017441599784,100.0
highprofile,1,0,0.044837017441599784,0.0,0.044837017441599784,100.0
kickstarting,1,0,0.044837017441599784,0.0,0.044837017441599784,100.0
camcorders,1,0,0.044837017441599784,0.0,0.044837017441599784,100.0
disbanding,1,0,0.044837017441599784,0.0,0.044837017441599784,100.0
scarce,1,0,0.044837017441599784,0.0,0.044837017441599784,100.0
roi,1,0,0.044837017441599784,0.0,0.044837017441599784,100.0
incd,1,0,0.044837017441599784,0.0,0.044837017441599784,100.0
companiesto,1,0,0.044837017441599784,0.0,0.044837017441599784,100.0
slate,1,0,0.044837017441599784,0.0,0.044837017441599784,100.0
trips,1,0,0.044837017441599784,0.0,0.044837017441599784,100.0
postperiod,1,0,0.044837017441599784,0.0,0.044837017441599784,100.0
spell,1,0,0.044837017441599784,0.0,0.044837017441599784,100.0
scored,1,0,0.044837017441599784,0.0,0.044837017441599784,100.0
cupstheres,1,0,0.044837017441599784,0.0,0.044837017441599784,100.0
cookiesiframes,1,0,0.044837017441599784,0.0,0.044837017441599784,100.0
governmt,1,0,0.044837017441599784,0.0,0.044837017441599784,100.0
resilient,1,0,0.044837017441599784,0.0,0.044837017441599784,100.0
transition,1,0,0.044837017441599784,0.0,0.044837017441599784,100.0
sits,1,0,0.044837017441599784,0.0,0.044837017441599784,100.0
amusing,1,0,0.044837017441599784,0.0,0.044837017441599784,100.0
surrounds,1,0,0.044837017441599784,0.0,0.044837017441599784,100.0
troubleshooting,1,0,0.044837017441599784,0.0,0.044837017441599784,100.0
overpaying,1,0,0.044837017441599784,0.0,0.044837017441599784,100.0
futureweve,1,0,0.044837017441599784,0.0,0.044837017441599784,100.0
maxpreps,1,0,0.044837017441599784,0.0,0.044837017441599784,100.0
stylelend,1,0,0.044837017441599784,0.0,0.044837017441599784,100.0
notoriously,1,0,0.044837017441599784,0.0,0.044837017441599784,100.0
bummer2,1,0,0.044837017441599784,0.0,0.044837017441599784,100.0
testable,1,0,0.044837017441599784,0.0,0.044837017441599784,100.0
sailing,1,0,0.044837017441599784,0.0,0.044837017441599784,100.0
discrete,1,0,0.044837017441599784,0.0,0.044837017441599784,100.0
reflective,1,0,0.044837017441599784,0.0,0.044837017441599784,100.0
bonanza,1,0,0.044837017441599784,0.0,0.044837017441599784,100.0
mepeople,1,0,0.044837017441599784,0.0,0.044837017441599784,100.0
tackled,1,0,0.044837017441599784,0.0,0.044837017441599784,100.0
turnbull,1,0,0.044837017441599784,0.0,0.044837017441599784,100.0
onlinesuch,1,0,0.044837017441599784,0.0,0.044837017441599784,100.0
roof,1,0,0.044837017441599784,0.0,0.044837017441599784,100.0
schemeslocal,1,0,0.044837017441599784,0.0,0.044837017441599784,100.0
forming,1,0,0.044837017441599784,0.0,0.044837017441599784,100.0
retainers,1,0,0.044837017441599784,0.0,0.044837017441599784,100.0
designshttpsimgurcomau2jw0,1,0,0.044837017441599784,0.0,0.044837017441599784,100.0
historic,1,0,0.044837017441599784,0.0,0.044837017441599784,100.0
sitesimilar,1,0,0.044837017441599784,0.0,0.044837017441599784,100.0
familiarly,1,0,0.044837017441599784,0.0,0.044837017441599784,100.0
extensively,1,0,0.044837017441599784,0.0,0.044837017441599784,100.0
receives,1,0,0.044837017441599784,0.0,0.044837017441599784,100.0
passing,1,0,0.044837017441599784,0.0,0.044837017441599784,100.0
worldfei,1,0,0.044837017441599784,0.0,0.044837017441599784,100.0
prafuls,1,0,0.044837017441599784,0.0,0.044837017441599784,100.0
uploadingpublishing,1,0,0.044837017441599784,0.0,0.044837017441599784,100.0
meter,1,0,0.044837017441599784,0.0,0.044837017441599784,100.0
400during,1,0,0.044837017441599784,0.0,0.044837017441599784,100.0
belize,1,0,0.044837017441599784,0.0,0.044837017441599784,100.0
hipswap,1,0,0.044837017441599784,0.0,0.044837017441599784,100.0
sniffed,1,0,0.044837017441599784,0.0,0.044837017441599784,100.0
unbelievable,1,0,0.044837017441599784,0.0,0.044837017441599784,100.0
flexport,1,0,0.044837017441599784,0.0,0.044837017441599784,100.0
picky,1,0,0.044837017441599784,0.0,0.044837017441599784,100.0
behind,1,0,0.044837017441599784,0.0,0.044837017441599784,100.0
uncounted,1,0,0.044837017441599784,0.0,0.044837017441599784,100.0
mauricio,1,0,0.044837017441599784,0.0,0.044837017441599784,100.0
programmerscontractors,1,0,0.044837017441599784,0.0,0.044837017441599784,100.0
reputationidentity,1,0,0.044837017441599784,0.0,0.044837017441599784,100.0
badger,1,0,0.044837017441599784,0.0,0.044837017441599784,100.0
protection,1,0,0.044837017441599784,0.0,0.044837017441599784,100.0
httpwwwhuffingtonpostcom20120608fashionstudyonline2012_n_1580663html,1,0,0.044837017441599784,0.0,0.044837017441599784,100.0
productthe,1,0,0.044837017441599784,0.0,0.044837017441599784,100.0
exists,1,0,0.044837017441599784,0.0,0.044837017441599784,100.0
domino,1,0,0.044837017441599784,0.0,0.044837017441599784,100.0
win,1,0,0.044837017441599784,0.0,0.044837017441599784,100.0
banksregarding,1,0,0.044837017441599784,0.0,0.044837017441599784,100.0
downloadstim,1,0,0.044837017441599784,0.0,0.044837017441599784,100.0
unknown,1,0,0.044837017441599784,0.0,0.044837017441599784,100.0
bain,1,0,0.044837017441599784,0.0,0.044837017441599784,100.0
scouring,1,0,0.044837017441599784,0.0,0.044837017441599784,100.0
producer,1,0,0.044837017441599784,0.0,0.044837017441599784,100.0
interchange,1,0,0.044837017441599784,0.0,0.044837017441599784,100.0
steering,1,0,0.044837017441599784,0.0,0.044837017441599784,100.0
describing,1,0,0.044837017441599784,0.0,0.044837017441599784,100.0
guy,1,0,0.044837017441599784,0.0,0.044837017441599784,100.0
dated,1,0,0.044837017441599784,0.0,0.044837017441599784,100.0
deficit,1,0,0.044837017441599784,0.0,0.044837017441599784,100.0
younger,1,0,0.044837017441599784,0.0,0.044837017441599784,100.0
computed,1,0,0.044837017441599784,0.0,0.044837017441599784,100.0
departure,1,0,0.044837017441599784,0.0,0.044837017441599784,100.0
batches,1,0,0.044837017441599784,0.0,0.044837017441599784,100.0
cfoadvisor,1,0,0.044837017441599784,0.0,0.044837017441599784,100.0
lender,1,0,0.044837017441599784,0.0,0.044837017441599784,100.0
distributes,1,0,0.044837017441599784,0.0,0.044837017441599784,100.0
level5b,1,0,0.044837017441599784,0.0,0.044837017441599784,100.0
ita,1,0,0.044837017441599784,0.0,0.044837017441599784,100.0
shareholders,1,0,0.044837017441599784,0.0,0.044837017441599784,100.0
theessence,1,0,0.044837017441599784,0.0,0.044837017441599784,100.0
refinancing,1,0,0.044837017441599784,0.0,0.044837017441599784,100.0
benchlings,1,0,0.044837017441599784,0.0,0.044837017441599784,100.0
cashiers,1,0,0.044837017441599784,0.0,0.044837017441599784,100.0
daycoval,1,0,0.044837017441599784,0.0,0.044837017441599784,100.0
assemblacom,1,0,0.044837017441599784,0.0,0.044837017441599784,100.0
chanel,1,0,0.044837017441599784,0.0,0.044837017441599784,100.0
conversionsmatured,1,0,0.044837017441599784,0.0,0.044837017441599784,100.0
operates,1,0,0.044837017441599784,0.0,0.044837017441599784,100.0
milliliters,1,0,0.044837017441599784,0.0,0.044837017441599784,100.0
futurewed,1,0,0.044837017441599784,0.0,0.044837017441599784,100.0
awayzac,1,0,0.044837017441599784,0.0,0.044837017441599784,100.0
3rdparty,1,0,0.044837017441599784,0.0,0.044837017441599784,100.0
developmentwe,1,0,0.044837017441599784,0.0,0.044837017441599784,100.0
airhelp,1,0,0.044837017441599784,0.0,0.044837017441599784,100.0
gates,1,0,0.044837017441599784,0.0,0.044837017441599784,100.0
installments,1,0,0.044837017441599784,0.0,0.044837017441599784,100.0
herehttps80000hoursorgaboutimpactstudiesofcareerchangelast,1,0,0.044837017441599784,0.0,0.044837017441599784,100.0
secret,1,0,0.044837017441599784,0.0,0.044837017441599784,100.0
fitmaterialsit,1,0,0.044837017441599784,0.0,0.044837017441599784,100.0
avidtap,1,0,0.044837017441599784,0.0,0.044837017441599784,100.0
ugly,1,0,0.044837017441599784,0.0,0.044837017441599784,100.0
florida,1,0,0.044837017441599784,0.0,0.044837017441599784,100.0
sothere,1,0,0.044837017441599784,0.0,0.044837017441599784,100.0
aftermarket,1,0,0.044837017441599784,0.0,0.044837017441599784,100.0
hospitality,1,0,0.044837017441599784,0.0,0.044837017441599784,100.0
httpsitunesapplecomusappopenphoneid1241817309ls1mt8,1,0,0.044837017441599784,0.0,0.044837017441599784,100.0
weintraub,1,0,0.044837017441599784,0.0,0.044837017441599784,100.0
usbuilding,1,0,0.044837017441599784,0.0,0.044837017441599784,100.0
manned,1,0,0.044837017441599784,0.0,0.044837017441599784,100.0
matchmaker,1,0,0.044837017441599784,0.0,0.044837017441599784,100.0
diminishes,1,0,0.044837017441599784,0.0,0.044837017441599784,100.0
ashuin,1,0,0.044837017441599784,0.0,0.044837017441599784,100.0
dissertation,1,0,0.044837017441599784,0.0,0.044837017441599784,100.0
customersmagicbell,1,0,0.044837017441599784,0.0,0.044837017441599784,100.0
nicole,1,0,0.044837017441599784,0.0,0.044837017441599784,100.0
centralized,1,0,0.044837017441599784,0.0,0.044837017441599784,100.0
proved,1,0,0.044837017441599784,0.0,0.044837017441599784,100.0
kickedoff,1,0,0.044837017441599784,0.0,0.044837017441599784,100.0
dependencies,1,0,0.044837017441599784,0.0,0.044837017441599784,100.0
intent,1,0,0.044837017441599784,0.0,0.044837017441599784,100.0
herbs,1,0,0.044837017441599784,0.0,0.044837017441599784,100.0
expertisehemant,1,0,0.044837017441599784,0.0,0.044837017441599784,100.0
insofar,1,0,0.044837017441599784,0.0,0.044837017441599784,100.0
affect,1,0,0.044837017441599784,0.0,0.044837017441599784,100.0
synergy,1,0,0.044837017441599784,0.0,0.044837017441599784,100.0
funnelwe,1,0,0.044837017441599784,0.0,0.044837017441599784,100.0
emissions,1,0,0.044837017441599784,0.0,0.044837017441599784,100.0
attendees,1,0,0.044837017441599784,0.0,0.044837017441599784,100.0
distances,1,0,0.044837017441599784,0.0,0.044837017441599784,100.0
prototyped,1,0,0.044837017441599784,0.0,0.044837017441599784,100.0
reasonsi,1,0,0.044837017441599784,0.0,0.044837017441599784,100.0
wether,1,0,0.044837017441599784,0.0,0.044837017441599784,100.0
dendronat,1,0,0.044837017441599784,0.0,0.044837017441599784,100.0
enterpriseshttpstwittercomtangjeff0status12480606493448314882,1,0,0.044837017441599784,0.0,0.044837017441599784,100.0
huffpost,1,0,0.044837017441599784,0.0,0.044837017441599784,100.0
naas,1,0,0.044837017441599784,0.0,0.044837017441599784,100.0
99designs,1,0,0.044837017441599784,0.0,0.044837017441599784,100.0
tackle,1,0,0.044837017441599784,0.0,0.044837017441599784,100.0
manufactured,1,0,0.044837017441599784,0.0,0.044837017441599784,100.0
manipulate,1,0,0.044837017441599784,0.0,0.044837017441599784,100.0
marks,1,0,0.044837017441599784,0.0,0.044837017441599784,100.0
publishevery,1,0,0.044837017441599784,0.0,0.044837017441599784,100.0
10hr,1,0,0.044837017441599784,0.0,0.044837017441599784,100.0
blogging,1,0,0.044837017441599784,0.0,0.044837017441599784,100.0
limiting,1,0,0.044837017441599784,0.0,0.044837017441599784,100.0
replaces,1,0,0.044837017441599784,0.0,0.044837017441599784,100.0
dear,1,0,0.044837017441599784,0.0,0.044837017441599784,100.0
returned,1,0,0.044837017441599784,0.0,0.044837017441599784,100.0
passwordi,1,0,0.044837017441599784,0.0,0.044837017441599784,100.0
lightsail,1,0,0.044837017441599784,0.0,0.044837017441599784,100.0
partnersawarenessearned,1,0,0.044837017441599784,0.0,0.044837017441599784,100.0
musearianna,1,0,0.044837017441599784,0.0,0.044837017441599784,100.0
bento,1,0,0.044837017441599784,0.0,0.044837017441599784,100.0
leverageoriginally,1,0,0.044837017441599784,0.0,0.044837017441599784,100.0
heck,1,0,0.044837017441599784,0.0,0.044837017441599784,100.0
teacherswere,1,0,0.044837017441599784,0.0,0.044837017441599784,100.0
saasbased,1,0,0.044837017441599784,0.0,0.044837017441599784,100.0
lauded,1,0,0.044837017441599784,0.0,0.044837017441599784,100.0
havethese,1,0,0.044837017441599784,0.0,0.044837017441599784,100.0
store5,1,0,0.044837017441599784,0.0,0.044837017441599784,100.0
promised,1,0,0.044837017441599784,0.0,0.044837017441599784,100.0
partnersintegrating,1,0,0.044837017441599784,0.0,0.044837017441599784,100.0
unbeatable,1,0,0.044837017441599784,0.0,0.044837017441599784,100.0
hqs,1,0,0.044837017441599784,0.0,0.044837017441599784,100.0
efficiency,1,0,0.044837017441599784,0.0,0.044837017441599784,100.0
concern,1,0,0.044837017441599784,0.0,0.044837017441599784,100.0
furthermore,1,0,0.044837017441599784,0.0,0.044837017441599784,100.0
logseq,1,0,0.044837017441599784,0.0,0.044837017441599784,100.0
ranked,1,0,0.044837017441599784,0.0,0.044837017441599784,100.0
w16,1,0,0.044837017441599784,0.0,0.044837017441599784,100.0
bags,1,0,0.044837017441599784,0.0,0.044837017441599784,100.0
busting,1,0,0.044837017441599784,0.0,0.044837017441599784,100.0
destroy,1,0,0.044837017441599784,0.0,0.044837017441599784,100.0
obsolete,1,0,0.044837017441599784,0.0,0.044837017441599784,100.0
runwe,1,0,0.044837017441599784,0.0,0.044837017441599784,100.0
trick,1,0,0.044837017441599784,0.0,0.044837017441599784,100.0
declared,1,0,0.044837017441599784,0.0,0.044837017441599784,100.0
companiestypically,1,0,0.044837017441599784,0.0,0.044837017441599784,100.0
programsthese,1,0,0.044837017441599784,0.0,0.044837017441599784,100.0
debtwe,1,0,0.044837017441599784,0.0,0.044837017441599784,100.0
developers2,1,0,0.044837017441599784,0.0,0.044837017441599784,100.0
succeeded,1,0,0.044837017441599784,0.0,0.044837017441599784,100.0
headspace,1,0,0.044837017441599784,0.0,0.044837017441599784,100.0
10kyear,1,0,0.044837017441599784,0.0,0.044837017441599784,100.0
reflected,1,0,0.044837017441599784,0.0,0.044837017441599784,100.0
httpwwwsandboxnetworkcom,1,0,0.044837017441599784,0.0,0.044837017441599784,100.0
slipped,1,0,0.044837017441599784,0.0,0.044837017441599784,100.0
likethe,1,0,0.044837017441599784,0.0,0.044837017441599784,100.0
tractionweve,1,0,0.044837017441599784,0.0,0.044837017441599784,100.0
representing,1,0,0.044837017441599784,0.0,0.044837017441599784,100.0
renew,1,0,0.044837017441599784,0.0,0.044837017441599784,100.0
noone,1,0,0.044837017441599784,0.0,0.044837017441599784,100.0
neededthe,1,0,0.044837017441599784,0.0,0.044837017441599784,100.0
docssignaturespayments,1,0,0.044837017441599784,0.0,0.044837017441599784,100.0
focus,27,23,1.2105994709231942,1.167038765983357,0.043560704939837214,3.7325842302361383
easily,10,8,0.44837017441599786,0.40592652729855894,0.04244364711743892,10.455992467381078
acquisition,10,8,0.44837017441599786,0.40592652729855894,0.04244364711743892,10.455992467381078
thousands,10,8,0.44837017441599786,0.40592652729855894,0.04244364711743892,10.455992467381078
someone,10,8,0.44837017441599786,0.40592652729855894,0.04244364711743892,10.455992467381078
usd,10,8,0.44837017441599786,0.40592652729855894,0.04244364711743892,10.455992467381078
nothing,10,8,0.44837017441599786,0.40592652729855894,0.04244364711743892,10.455992467381078
average,19,16,0.8519033313903959,0.8118530545971179,0.040050276793277995,4.933192844012018
communities,2,1,0.08967403488319957,0.05074081591231987,0.0389332189708797,76.72958794780972
resonates,2,1,0.08967403488319957,0.05074081591231987,0.0389332189708797,76.72958794780972
rwanda,2,1,0.08967403488319957,0.05074081591231987,0.0389332189708797,76.72958794780972
leadership,2,1,0.08967403488319957,0.05074081591231987,0.0389332189708797,76.72958794780972
presale,2,1,0.08967403488319957,0.05074081591231987,0.0389332189708797,76.72958794780972
regardless,2,1,0.08967403488319957,0.05074081591231987,0.0389332189708797,76.72958794780972
comparable,2,1,0.08967403488319957,0.05074081591231987,0.0389332189708797,76.72958794780972
analyses,2,1,0.08967403488319957,0.05074081591231987,0.0389332189708797,76.72958794780972
combine,2,1,0.08967403488319957,0.05074081591231987,0.0389332189708797,76.72958794780972
newsletters,2,1,0.08967403488319957,0.05074081591231987,0.0389332189708797,76.72958794780972
bulk,2,1,0.08967403488319957,0.05074081591231987,0.0389332189708797,76.72958794780972
eliminating,2,1,0.08967403488319957,0.05074081591231987,0.0389332189708797,76.72958794780972
light,2,1,0.08967403488319957,0.05074081591231987,0.0389332189708797,76.72958794780972
graduating,2,1,0.08967403488319957,0.05074081591231987,0.0389332189708797,76.72958794780972
optimize,2,1,0.08967403488319957,0.05074081591231987,0.0389332189708797,76.72958794780972
negotiated,2,1,0.08967403488319957,0.05074081591231987,0.0389332189708797,76.72958794780972
udemy,2,1,0.08967403488319957,0.05074081591231987,0.0389332189708797,76.72958794780972
playing,2,1,0.08967403488319957,0.05074081591231987,0.0389332189708797,76.72958794780972
15b,2,1,0.08967403488319957,0.05074081591231987,0.0389332189708797,76.72958794780972
lab,2,1,0.08967403488319957,0.05074081591231987,0.0389332189708797,76.72958794780972
input,2,1,0.08967403488319957,0.05074081591231987,0.0389332189708797,76.72958794780972
boards,2,1,0.08967403488319957,0.05074081591231987,0.0389332189708797,76.72958794780972
slowly,2,1,0.08967403488319957,0.05074081591231987,0.0389332189708797,76.72958794780972
continuously,2,1,0.08967403488319957,0.05074081591231987,0.0389332189708797,76.72958794780972
represent,2,1,0.08967403488319957,0.05074081591231987,0.0389332189708797,76.72958794780972
ticket,2,1,0.08967403488319957,0.05074081591231987,0.0389332189708797,76.72958794780972
happens,2,1,0.08967403488319957,0.05074081591231987,0.0389332189708797,76.72958794780972
incorporate,2,1,0.08967403488319957,0.05074081591231987,0.0389332189708797,76.72958794780972
statistics,2,1,0.08967403488319957,0.05074081591231987,0.0389332189708797,76.72958794780972
historically,2,1,0.08967403488319957,0.05074081591231987,0.0389332189708797,76.72958794780972
tracks,2,1,0.08967403488319957,0.05074081591231987,0.0389332189708797,76.72958794780972
fundamentally,2,1,0.08967403488319957,0.05074081591231987,0.0389332189708797,76.72958794780972
challenging,2,1,0.08967403488319957,0.05074081591231987,0.0389332189708797,76.72958794780972
addresses,2,1,0.08967403488319957,0.05074081591231987,0.0389332189708797,76.72958794780972
certification,2,1,0.08967403488319957,0.05074081591231987,0.0389332189708797,76.72958794780972
bosch,2,1,0.08967403488319957,0.05074081591231987,0.0389332189708797,76.72958794780972
userbase,2,1,0.08967403488319957,0.05074081591231987,0.0389332189708797,76.72958794780972
exchange,2,1,0.08967403488319957,0.05074081591231987,0.0389332189708797,76.72958794780972
demonstrated,2,1,0.08967403488319957,0.05074081591231987,0.0389332189708797,76.72958794780972
existence,2,1,0.08967403488319957,0.05074081591231987,0.0389332189708797,76.72958794780972
401k,2,1,0.08967403488319957,0.05074081591231987,0.0389332189708797,76.72958794780972
robots,2,1,0.08967403488319957,0.05074081591231987,0.0389332189708797,76.72958794780972
warehousing,2,1,0.08967403488319957,0.05074081591231987,0.0389332189708797,76.72958794780972
began,2,1,0.08967403488319957,0.05074081591231987,0.0389332189708797,76.72958794780972
ensuring,2,1,0.08967403488319957,0.05074081591231987,0.0389332189708797,76.72958794780972
insight,2,1,0.08967403488319957,0.05074081591231987,0.0389332189708797,76.72958794780972
confidence,2,1,0.08967403488319957,0.05074081591231987,0.0389332189708797,76.72958794780972
frequency,2,1,0.08967403488319957,0.05074081591231987,0.0389332189708797,76.72958794780972
movement,2,1,0.08967403488319957,0.05074081591231987,0.0389332189708797,76.72958794780972
roll,2,1,0.08967403488319957,0.05074081591231987,0.0389332189708797,76.72958794780972
liked,2,1,0.08967403488319957,0.05074081591231987,0.0389332189708797,76.72958794780972
wire,2,1,0.08967403488319957,0.05074081591231987,0.0389332189708797,76.72958794780972
5minute,2,1,0.08967403488319957,0.05074081591231987,0.0389332189708797,76.72958794780972
definitely,2,1,0.08967403488319957,0.05074081591231987,0.0389332189708797,76.72958794780972
importantly,2,1,0.08967403488319957,0.05074081591231987,0.0389332189708797,76.72958794780972
broadly,2,1,0.08967403488319957,0.05074081591231987,0.0389332189708797,76.72958794780972
personalized,2,1,0.08967403488319957,0.05074081591231987,0.0389332189708797,76.72958794780972
descriptions,2,1,0.08967403488319957,0.05074081591231987,0.0389332189708797,76.72958794780972
hackers,2,1,0.08967403488319957,0.05074081591231987,0.0389332189708797,76.72958794780972
true,2,1,0.08967403488319957,0.05074081591231987,0.0389332189708797,76.72958794780972
netflix,2,1,0.08967403488319957,0.05074081591231987,0.0389332189708797,76.72958794780972
chose,2,1,0.08967403488319957,0.05074081591231987,0.0389332189708797,76.72958794780972
spec,2,1,0.08967403488319957,0.05074081591231987,0.0389332189708797,76.72958794780972
caught,2,1,0.08967403488319957,0.05074081591231987,0.0389332189708797,76.72958794780972
female,2,1,0.08967403488319957,0.05074081591231987,0.0389332189708797,76.72958794780972
penguin,2,1,0.08967403488319957,0.05074081591231987,0.0389332189708797,76.72958794780972
basically,2,1,0.08967403488319957,0.05074081591231987,0.0389332189708797,76.72958794780972
locally,2,1,0.08967403488319957,0.05074081591231987,0.0389332189708797,76.72958794780972
theyll,2,1,0.08967403488319957,0.05074081591231987,0.0389332189708797,76.72958794780972
reduces,2,1,0.08967403488319957,0.05074081591231987,0.0389332189708797,76.72958794780972
10mo,2,1,0.08967403488319957,0.05074081591231987,0.0389332189708797,76.72958794780972
retention,2,1,0.08967403488319957,0.05074081591231987,0.0389332189708797,76.72958794780972
workshop,2,1,0.08967403488319957,0.05074081591231987,0.0389332189708797,76.72958794780972
delivers,2,1,0.08967403488319957,0.05074081591231987,0.0389332189708797,76.72958794780972
straightforward,2,1,0.08967403488319957,0.05074081591231987,0.0389332189708797,76.72958794780972
non,2,1,0.08967403488319957,0.05074081591231987,0.0389332189708797,76.72958794780972
responses,2,1,0.08967403488319957,0.05074081591231987,0.0389332189708797,76.72958794780972
resource,2,1,0.08967403488319957,0.05074081591231987,0.0389332189708797,76.72958794780972
perks,2,1,0.08967403488319957,0.05074081591231987,0.0389332189708797,76.72958794780972
advantages,2,1,0.08967403488319957,0.05074081591231987,0.0389332189708797,76.72958794780972
hardworking,2,1,0.08967403488319957,0.05074081591231987,0.0389332189708797,76.72958794780972
resulting,2,1,0.08967403488319957,0.05074081591231987,0.0389332189708797,76.72958794780972
outdated,2,1,0.08967403488319957,0.05074081591231987,0.0389332189708797,76.72958794780972
international,2,1,0.08967403488319957,0.05074081591231987,0.0389332189708797,76.72958794780972
phones,2,1,0.08967403488319957,0.05074081591231987,0.0389332189708797,76.72958794780972
weird,2,1,0.08967403488319957,0.05074081591231987,0.0389332189708797,76.72958794780972
diffs,2,1,0.08967403488319957,0.05074081591231987,0.0389332189708797,76.72958794780972
10month,2,1,0.08967403488319957,0.05074081591231987,0.0389332189708797,76.72958794780972
journal,2,1,0.08967403488319957,0.05074081591231987,0.0389332189708797,76.72958794780972
performance,2,1,0.08967403488319957,0.05074081591231987,0.0389332189708797,76.72958794780972
links,2,1,0.08967403488319957,0.05074081591231987,0.0389332189708797,76.72958794780972
supports,2,1,0.08967403488319957,0.05074081591231987,0.0389332189708797,76.72958794780972
eeg,2,1,0.08967403488319957,0.05074081591231987,0.0389332189708797,76.72958794780972
recommend,2,1,0.08967403488319957,0.05074081591231987,0.0389332189708797,76.72958794780972
default,2,1,0.08967403488319957,0.05074081591231987,0.0389332189708797,76.72958794780972
advertisers,2,1,0.08967403488319957,0.05074081591231987,0.0389332189708797,76.72958794780972
peers,2,1,0.08967403488319957,0.05074081591231987,0.0389332189708797,76.72958794780972
modules,2,1,0.08967403488319957,0.05074081591231987,0.0389332189708797,76.72958794780972
facing,2,1,0.08967403488319957,0.05074081591231987,0.0389332189708797,76.72958794780972
details,2,1,0.08967403488319957,0.05074081591231987,0.0389332189708797,76.72958794780972
gap,2,1,0.08967403488319957,0.05074081591231987,0.0389332189708797,76.72958794780972
policy,2,1,0.08967403488319957,0.05074081591231987,0.0389332189708797,76.72958794780972
trader,2,1,0.08967403488319957,0.05074081591231987,0.0389332189708797,76.72958794780972
electronic,2,1,0.08967403488319957,0.05074081591231987,0.0389332189708797,76.72958794780972
weekend,2,1,0.08967403488319957,0.05074081591231987,0.0389332189708797,76.72958794780972
contacting,2,1,0.08967403488319957,0.05074081591231987,0.0389332189708797,76.72958794780972
tremendous,2,1,0.08967403488319957,0.05074081591231987,0.0389332189708797,76.72958794780972
letter,2,1,0.08967403488319957,0.05074081591231987,0.0389332189708797,76.72958794780972
interfaces,2,1,0.08967403488319957,0.05074081591231987,0.0389332189708797,76.72958794780972
ups,2,1,0.08967403488319957,0.05074081591231987,0.0389332189708797,76.72958794780972
builder,2,1,0.08967403488319957,0.05074081591231987,0.0389332189708797,76.72958794780972
telling,2,1,0.08967403488319957,0.05074081591231987,0.0389332189708797,76.72958794780972
suggests,2,1,0.08967403488319957,0.05074081591231987,0.0389332189708797,76.72958794780972
becoming,2,1,0.08967403488319957,0.05074081591231987,0.0389332189708797,76.72958794780972
sample,2,1,0.08967403488319957,0.05074081591231987,0.0389332189708797,76.72958794780972
produced,2,1,0.08967403488319957,0.05074081591231987,0.0389332189708797,76.72958794780972
manufacturing,2,1,0.08967403488319957,0.05074081591231987,0.0389332189708797,76.72958794780972
retreats,2,1,0.08967403488319957,0.05074081591231987,0.0389332189708797,76.72958794780972
narrow,2,1,0.08967403488319957,0.05074081591231987,0.0389332189708797,76.72958794780972
generation,2,1,0.08967403488319957,0.05074081591231987,0.0389332189708797,76.72958794780972
retain,2,1,0.08967403488319957,0.05074081591231987,0.0389332189708797,76.72958794780972
interviewed,2,1,0.08967403488319957,0.05074081591231987,0.0389332189708797,76.72958794780972
carry,2,1,0.08967403488319957,0.05074081591231987,0.0389332189708797,76.72958794780972
retailer,2,1,0.08967403488319957,0.05074081591231987,0.0389332189708797,76.72958794780972
slacks,2,1,0.08967403488319957,0.05074081591231987,0.0389332189708797,76.72958794780972
california,2,1,0.08967403488319957,0.05074081591231987,0.0389332189708797,76.72958794780972
intelligently,2,1,0.08967403488319957,0.05074081591231987,0.0389332189708797,76.72958794780972
anxiety,2,1,0.08967403488319957,0.05074081591231987,0.0389332189708797,76.72958794780972
legally,2,1,0.08967403488319957,0.05074081591231987,0.0389332189708797,76.72958794780972
shut,2,1,0.08967403488319957,0.05074081591231987,0.0389332189708797,76.72958794780972
seriously,2,1,0.08967403488319957,0.05074081591231987,0.0389332189708797,76.72958794780972
essays,2,1,0.08967403488319957,0.05074081591231987,0.0389332189708797,76.72958794780972
graham,2,1,0.08967403488319957,0.05074081591231987,0.0389332189708797,76.72958794780972
iterate,2,1,0.08967403488319957,0.05074081591231987,0.0389332189708797,76.72958794780972
indie,2,1,0.08967403488319957,0.05074081591231987,0.0389332189708797,76.72958794780972
desire,2,1,0.08967403488319957,0.05074081591231987,0.0389332189708797,76.72958794780972
deeply,2,1,0.08967403488319957,0.05074081591231987,0.0389332189708797,76.72958794780972
experimental,2,1,0.08967403488319957,0.05074081591231987,0.0389332189708797,76.72958794780972
priority,2,1,0.08967403488319957,0.05074081591231987,0.0389332189708797,76.72958794780972
passed,2,1,0.08967403488319957,0.05074081591231987,0.0389332189708797,76.72958794780972
processes,2,1,0.08967403488319957,0.05074081591231987,0.0389332189708797,76.72958794780972
awesome,2,1,0.08967403488319957,0.05074081591231987,0.0389332189708797,76.72958794780972
unrelated,2,1,0.08967403488319957,0.05074081591231987,0.0389332189708797,76.72958794780972
yellow,2,1,0.08967403488319957,0.05074081591231987,0.0389332189708797,76.72958794780972
energy,2,1,0.08967403488319957,0.05074081591231987,0.0389332189708797,76.72958794780972
maybe,2,1,0.08967403488319957,0.05074081591231987,0.0389332189708797,76.72958794780972
convinced,2,1,0.08967403488319957,0.05074081591231987,0.0389332189708797,76.72958794780972
solid,2,1,0.08967403488319957,0.05074081591231987,0.0389332189708797,76.72958794780972
extend,2,1,0.08967403488319957,0.05074081591231987,0.0389332189708797,76.72958794780972
commitments,2,1,0.08967403488319957,0.05074081591231987,0.0389332189708797,76.72958794780972
grocery,2,1,0.08967403488319957,0.05074081591231987,0.0389332189708797,76.72958794780972
convenient,2,1,0.08967403488319957,0.05074081591231987,0.0389332189708797,76.72958794780972
passionate,2,1,0.08967403488319957,0.05074081591231987,0.0389332189708797,76.72958794780972
incremental,2,1,0.08967403488319957,0.05074081591231987,0.0389332189708797,76.72958794780972
ipad,2,1,0.08967403488319957,0.05074081591231987,0.0389332189708797,76.72958794780972
meetup,2,1,0.08967403488319957,0.05074081591231987,0.0389332189708797,76.72958794780972
fortunately,2,1,0.08967403488319957,0.05074081591231987,0.0389332189708797,76.72958794780972
sucks,2,1,0.08967403488319957,0.05074081591231987,0.0389332189708797,76.72958794780972
irs,2,1,0.08967403488319957,0.05074081591231987,0.0389332189708797,76.72958794780972
optimizing,2,1,0.08967403488319957,0.05074081591231987,0.0389332189708797,76.72958794780972
conversation,2,1,0.08967403488319957,0.05074081591231987,0.0389332189708797,76.72958794780972
pays,2,1,0.08967403488319957,0.05074081591231987,0.0389332189708797,76.72958794780972
upgrading,2,1,0.08967403488319957,0.05074081591231987,0.0389332189708797,76.72958794780972
organisation,2,1,0.08967403488319957,0.05074081591231987,0.0389332189708797,76.72958794780972
nights,2,1,0.08967403488319957,0.05074081591231987,0.0389332189708797,76.72958794780972
announced,2,1,0.08967403488319957,0.05074081591231987,0.0389332189708797,76.72958794780972
attended,2,1,0.08967403488319957,0.05074081591231987,0.0389332189708797,76.72958794780972
formally,2,1,0.08967403488319957,0.05074081591231987,0.0389332189708797,76.72958794780972
upcoming,2,1,0.08967403488319957,0.05074081591231987,0.0389332189708797,76.72958794780972
nonprogrammers,2,1,0.08967403488319957,0.05074081591231987,0.0389332189708797,76.72958794780972
aside,2,1,0.08967403488319957,0.05074081591231987,0.0389332189708797,76.72958794780972
netherlands,2,1,0.08967403488319957,0.05074081591231987,0.0389332189708797,76.72958794780972
solves,2,1,0.08967403488319957,0.05074081591231987,0.0389332189708797,76.72958794780972
shift,2,1,0.08967403488319957,0.05074081591231987,0.0389332189708797,76.72958794780972
hierarchy,2,1,0.08967403488319957,0.05074081591231987,0.0389332189708797,76.72958794780972
storing,2,1,0.08967403488319957,0.05074081591231987,0.0389332189708797,76.72958794780972
older,2,1,0.08967403488319957,0.05074081591231987,0.0389332189708797,76.72958794780972
rare,2,1,0.08967403488319957,0.05074081591231987,0.0389332189708797,76.72958794780972
recorded,2,1,0.08967403488319957,0.05074081591231987,0.0389332189708797,76.72958794780972
athens,2,1,0.08967403488319957,0.05074081591231987,0.0389332189708797,76.72958794780972
coached,2,1,0.08967403488319957,0.05074081591231987,0.0389332189708797,76.72958794780972
director,2,1,0.08967403488319957,0.05074081591231987,0.0389332189708797,76.72958794780972
noncompetes,2,1,0.08967403488319957,0.05074081591231987,0.0389332189708797,76.72958794780972
sourced,2,1,0.08967403488319957,0.05074081591231987,0.0389332189708797,76.72958794780972
preaccelerator,2,1,0.08967403488319957,0.05074081591231987,0.0389332189708797,76.72958794780972
masters,2,1,0.08967403488319957,0.05074081591231987,0.0389332189708797,76.72958794780972
comedy,2,1,0.08967403488319957,0.05074081591231987,0.0389332189708797,76.72958794780972
promising,2,1,0.08967403488319957,0.05074081591231987,0.0389332189708797,76.72958794780972
distribute,2,1,0.08967403488319957,0.05074081591231987,0.0389332189708797,76.72958794780972
fewer,2,1,0.08967403488319957,0.05074081591231987,0.0389332189708797,76.72958794780972
regarding,2,1,0.08967403488319957,0.05074081591231987,0.0389332189708797,76.72958794780972
revenues,2,1,0.08967403488319957,0.05074081591231987,0.0389332189708797,76.72958794780972
continuing,2,1,0.08967403488319957,0.05074081591231987,0.0389332189708797,76.72958794780972
identify,2,1,0.08967403488319957,0.05074081591231987,0.0389332189708797,76.72958794780972
feels,2,1,0.08967403488319957,0.05074081591231987,0.0389332189708797,76.72958794780972
bored,2,1,0.08967403488319957,0.05074081591231987,0.0389332189708797,76.72958794780972
recruitment,2,1,0.08967403488319957,0.05074081591231987,0.0389332189708797,76.72958794780972
road,2,1,0.08967403488319957,0.05074081591231987,0.0389332189708797,76.72958794780972
rough,2,1,0.08967403488319957,0.05074081591231987,0.0389332189708797,76.72958794780972
encourage,2,1,0.08967403488319957,0.05074081591231987,0.0389332189708797,76.72958794780972
robot,2,1,0.08967403488319957,0.05074081591231987,0.0389332189708797,76.72958794780972
stop,2,1,0.08967403488319957,0.05074081591231987,0.0389332189708797,76.72958794780972
drawn,2,1,0.08967403488319957,0.05074081591231987,0.0389332189708797,76.72958794780972
uniques,2,1,0.08967403488319957,0.05074081591231987,0.0389332189708797,76.72958794780972
course,11,9,0.4932071918575976,0.4566673432108788,0.036539848646718776,8.001414856994819
scaling,3,2,0.13451105232479937,0.10148163182463973,0.03302942050015964,32.54719096085731
strangers,3,2,0.13451105232479937,0.10148163182463973,0.03302942050015964,32.54719096085731
combination,3,2,0.13451105232479937,0.10148163182463973,0.03302942050015964,32.54719096085731
mine,3,2,0.13451105232479937,0.10148163182463973,0.03302942050015964,32.54719096085731
ill,3,2,0.13451105232479937,0.10148163182463973,0.03302942050015964,32.54719096085731
music,3,2,0.13451105232479937,0.10148163182463973,0.03302942050015964,32.54719096085731
holding,3,2,0.13451105232479937,0.10148163182463973,0.03302942050015964,32.54719096085731
academy,3,2,0.13451105232479937,0.10148163182463973,0.03302942050015964,32.54719096085731
opened,3,2,0.13451105232479937,0.10148163182463973,0.03302942050015964,32.54719096085731
promote,3,2,0.13451105232479937,0.10148163182463973,0.03302942050015964,32.54719096085731
leverage,3,2,0.13451105232479937,0.10148163182463973,0.03302942050015964,32.54719096085731
solely,3,2,0.13451105232479937,0.10148163182463973,0.03302942050015964,32.54719096085731
thus,3,2,0.13451105232479937,0.10148163182463973,0.03302942050015964,32.54719096085731
technically,3,2,0.13451105232479937,0.10148163182463973,0.03302942050015964,32.54719096085731
saved,3,2,0.13451105232479937,0.10148163182463973,0.03302942050015964,32.54719096085731
inspired,3,2,0.13451105232479937,0.10148163182463973,0.03302942050015964,32.54719096085731
happy,3,2,0.13451105232479937,0.10148163182463973,0.03302942050015964,32.54719096085731
serious,3,2,0.13451105232479937,0.10148163182463973,0.03302942050015964,32.54719096085731
third,3,2,0.13451105232479937,0.10148163182463973,0.03302942050015964,32.54719096085731
bootstrapping,3,2,0.13451105232479937,0.10148163182463973,0.03302942050015964,32.54719096085731
parties,3,2,0.13451105232479937,0.10148163182463973,0.03302942050015964,32.54719096085731
inbox,3,2,0.13451105232479937,0.10148163182463973,0.03302942050015964,32.54719096085731
codebase,3,2,0.13451105232479937,0.10148163182463973,0.03302942050015964,32.54719096085731
backend,3,2,0.13451105232479937,0.10148163182463973,0.03302942050015964,32.54719096085731
changing,3,2,0.13451105232479937,0.10148163182463973,0.03302942050015964,32.54719096085731
replace,3,2,0.13451105232479937,0.10148163182463973,0.03302942050015964,32.54719096085731
existed,3,2,0.13451105232479937,0.10148163182463973,0.03302942050015964,32.54719096085731
100k,3,2,0.13451105232479937,0.10148163182463973,0.03302942050015964,32.54719096085731
exposure,3,2,0.13451105232479937,0.10148163182463973,0.03302942050015964,32.54719096085731
acquire,3,2,0.13451105232479937,0.10148163182463973,0.03302942050015964,32.54719096085731
onto,3,2,0.13451105232479937,0.10148163182463973,0.03302942050015964,32.54719096085731
effect,3,2,0.13451105232479937,0.10148163182463973,0.03302942050015964,32.54719096085731
acquired,3,2,0.13451105232479937,0.10148163182463973,0.03302942050015964,32.54719096085731
engaging,3,2,0.13451105232479937,0.10148163182463973,0.03302942050015964,32.54719096085731
mainstream,3,2,0.13451105232479937,0.10148163182463973,0.03302942050015964,32.54719096085731
equipment,3,2,0.13451105232479937,0.10148163182463973,0.03302942050015964,32.54719096085731
accepted,3,2,0.13451105232479937,0.10148163182463973,0.03302942050015964,32.54719096085731
docs,3,2,0.13451105232479937,0.10148163182463973,0.03302942050015964,32.54719096085731
biased,3,2,0.13451105232479937,0.10148163182463973,0.03302942050015964,32.54719096085731
handling,3,2,0.13451105232479937,0.10148163182463973,0.03302942050015964,32.54719096085731
voice,3,2,0.13451105232479937,0.10148163182463973,0.03302942050015964,32.54719096085731
meetings,3,2,0.13451105232479937,0.10148163182463973,0.03302942050015964,32.54719096085731
investments,3,2,0.13451105232479937,0.10148163182463973,0.03302942050015964,32.54719096085731
expanding,3,2,0.13451105232479937,0.10148163182463973,0.03302942050015964,32.54719096085731
tens,3,2,0.13451105232479937,0.10148163182463973,0.03302942050015964,32.54719096085731
components,3,2,0.13451105232479937,0.10148163182463973,0.03302942050015964,32.54719096085731
increasing,3,2,0.13451105232479937,0.10148163182463973,0.03302942050015964,32.54719096085731
prices,3,2,0.13451105232479937,0.10148163182463973,0.03302942050015964,32.54719096085731
communicate,3,2,0.13451105232479937,0.10148163182463973,0.03302942050015964,32.54719096085731
approximately,3,2,0.13451105232479937,0.10148163182463973,0.03302942050015964,32.54719096085731
contributed,3,2,0.13451105232479937,0.10148163182463973,0.03302942050015964,32.54719096085731
purchase,3,2,0.13451105232479937,0.10148163182463973,0.03302942050015964,32.54719096085731
dozen,3,2,0.13451105232479937,0.10148163182463973,0.03302942050015964,32.54719096085731
facilitate,3,2,0.13451105232479937,0.10148163182463973,0.03302942050015964,32.54719096085731
html,3,2,0.13451105232479937,0.10148163182463973,0.03302942050015964,32.54719096085731
stress,3,2,0.13451105232479937,0.10148163182463973,0.03302942050015964,32.54719096085731
organization,3,2,0.13451105232479937,0.10148163182463973,0.03302942050015964,32.54719096085731
messaging,3,2,0.13451105232479937,0.10148163182463973,0.03302942050015964,32.54719096085731
tim,3,2,0.13451105232479937,0.10148163182463973,0.03302942050015964,32.54719096085731
painful,3,2,0.13451105232479937,0.10148163182463973,0.03302942050015964,32.54719096085731
heard,3,2,0.13451105232479937,0.10148163182463973,0.03302942050015964,32.54719096085731
approached,3,2,0.13451105232479937,0.10148163182463973,0.03302942050015964,32.54719096085731
positive,3,2,0.13451105232479937,0.10148163182463973,0.03302942050015964,32.54719096085731
css,3,2,0.13451105232479937,0.10148163182463973,0.03302942050015964,32.54719096085731
confident,3,2,0.13451105232479937,0.10148163182463973,0.03302942050015964,32.54719096085731
busy,3,2,0.13451105232479937,0.10148163182463973,0.03302942050015964,32.54719096085731
button,3,2,0.13451105232479937,0.10148163182463973,0.03302942050015964,32.54719096085731
days,12,10,0.5380442092991975,0.5074081591231987,0.030636050175998797,6.037752768685843
expensive,12,10,0.5380442092991975,0.5074081591231987,0.030636050175998797,6.037752768685843
connections,4,3,0.17934806976639914,0.15222244773695962,0.027125622029439522,17.819725298539804
tried,4,3,0.17934806976639914,0.15222244773695962,0.027125622029439522,17.819725298539804
groups,4,3,0.17934806976639914,0.15222244773695962,0.027125622029439522,17.819725298539804
datadriven,4,3,0.17934806976639914,0.15222244773695962,0.027125622029439522,17.819725298539804
20k,4,3,0.17934806976639914,0.15222244773695962,0.027125622029439522,17.819725298539804
sometimes,4,3,0.17934806976639914,0.15222244773695962,0.027125622029439522,17.819725298539804
storage,4,3,0.17934806976639914,0.15222244773695962,0.027125622029439522,17.819725298539804
longer,4,3,0.17934806976639914,0.15222244773695962,0.027125622029439522,17.819725298539804
nyc,4,3,0.17934806976639914,0.15222244773695962,0.027125622029439522,17.819725298539804
vehicles,4,3,0.17934806976639914,0.15222244773695962,0.027125622029439522,17.819725298539804
hasnt,4,3,0.17934806976639914,0.15222244773695962,0.027125622029439522,17.819725298539804
whatever,4,3,0.17934806976639914,0.15222244773695962,0.027125622029439522,17.819725298539804
whether,4,3,0.17934806976639914,0.15222244773695962,0.027125622029439522,17.819725298539804
countries,4,3,0.17934806976639914,0.15222244773695962,0.027125622029439522,17.819725298539804
download,4,3,0.17934806976639914,0.15222244773695962,0.027125622029439522,17.819725298539804
numerous,4,3,0.17934806976639914,0.15222244773695962,0.027125622029439522,17.819725298539804
relevant,4,3,0.17934806976639914,0.15222244773695962,0.027125622029439522,17.819725298539804
scalable,4,3,0.17934806976639914,0.15222244773695962,0.027125622029439522,17.819725298539804
includes,4,3,0.17934806976639914,0.15222244773695962,0.027125622029439522,17.819725298539804
remaining,4,3,0.17934806976639914,0.15222244773695962,0.027125622029439522,17.819725298539804
trial,4,3,0.17934806976639914,0.15222244773695962,0.027125622029439522,17.819725298539804
zapier,4,3,0.17934806976639914,0.15222244773695962,0.027125622029439522,17.819725298539804
additionally,4,3,0.17934806976639914,0.15222244773695962,0.027125622029439522,17.819725298539804
hosting,4,3,0.17934806976639914,0.15222244773695962,0.027125622029439522,17.819725298539804
fake,4,3,0.17934806976639914,0.15222244773695962,0.027125622029439522,17.819725298539804
kinds,4,3,0.17934806976639914,0.15222244773695962,0.027125622029439522,17.819725298539804
sent,4,3,0.17934806976639914,0.15222244773695962,0.027125622029439522,17.819725298539804
worth,4,3,0.17934806976639914,0.15222244773695962,0.027125622029439522,17.819725298539804
turned,4,3,0.17934806976639914,0.15222244773695962,0.027125622029439522,17.819725298539804
screen,4,3,0.17934806976639914,0.15222244773695962,0.027125622029439522,17.819725298539804
handle,4,3,0.17934806976639914,0.15222244773695962,0.027125622029439522,17.819725298539804
differentiate,4,3,0.17934806976639914,0.15222244773695962,0.027125622029439522,17.819725298539804
transaction,4,3,0.17934806976639914,0.15222244773695962,0.027125622029439522,17.819725298539804
commission,4,3,0.17934806976639914,0.15222244773695962,0.027125622029439522,17.819725298539804
collected,4,3,0.17934806976639914,0.15222244773695962,0.027125622029439522,17.819725298539804
kickstarter,4,3,0.17934806976639914,0.15222244773695962,0.027125622029439522,17.819725298539804
ultimately,4,3,0.17934806976639914,0.15222244773695962,0.027125622029439522,17.819725298539804
effort,4,3,0.17934806976639914,0.15222244773695962,0.027125622029439522,17.819725298539804
pool,4,3,0.17934806976639914,0.15222244773695962,0.027125622029439522,17.819725298539804
domain,5,4,0.22418508720799893,0.20296326364927947,0.02122182355871946,10.455992467381078
gain,5,4,0.22418508720799893,0.20296326364927947,0.02122182355871946,10.455992467381078
teaching,5,4,0.22418508720799893,0.20296326364927947,0.02122182355871946,10.455992467381078
providers,5,4,0.22418508720799893,0.20296326364927947,0.02122182355871946,10.455992467381078
lower,5,4,0.22418508720799893,0.20296326364927947,0.02122182355871946,10.455992467381078
mind,5,4,0.22418508720799893,0.20296326364927947,0.02122182355871946,10.455992467381078
beyond,5,4,0.22418508720799893,0.20296326364927947,0.02122182355871946,10.455992467381078
managed,5,4,0.22418508720799893,0.20296326364927947,0.02122182355871946,10.455992467381078
recurring,5,4,0.22418508720799893,0.20296326364927947,0.02122182355871946,10.455992467381078
alpha,5,4,0.22418508720799893,0.20296326364927947,0.02122182355871946,10.455992467381078
staff,5,4,0.22418508720799893,0.20296326364927947,0.02122182355871946,10.455992467381078
native,5,4,0.22418508720799893,0.20296326364927947,0.02122182355871946,10.455992467381078
majority,5,4,0.22418508720799893,0.20296326364927947,0.02122182355871946,10.455992467381078
freemium,5,4,0.22418508720799893,0.20296326364927947,0.02122182355871946,10.455992467381078
minimum,5,4,0.22418508720799893,0.20296326364927947,0.02122182355871946,10.455992467381078
progress,5,4,0.22418508720799893,0.20296326364927947,0.02122182355871946,10.455992467381078
asking,5,4,0.22418508720799893,0.20296326364927947,0.02122182355871946,10.455992467381078
attract,5,4,0.22418508720799893,0.20296326364927947,0.02122182355871946,10.455992467381078
youre,5,4,0.22418508720799893,0.20296326364927947,0.02122182355871946,10.455992467381078
virtual,5,4,0.22418508720799893,0.20296326364927947,0.02122182355871946,10.455992467381078
allows,14,12,0.627718244182397,0.6088897909478385,0.018828453234558507,3.0922596362223254
call,6,5,0.26902210464959875,0.25370407956159935,0.015318025087999398,6.037752768685843
automated,6,5,0.26902210464959875,0.25370407956159935,0.015318025087999398,6.037752768685843
reason,6,5,0.26902210464959875,0.25370407956159935,0.015318025087999398,6.037752768685843
issue,6,5,0.26902210464959875,0.25370407956159935,0.015318025087999398,6.037752768685843
understanding,6,5,0.26902210464959875,0.25370407956159935,0.015318025087999398,6.037752768685843
lots,6,5,0.26902210464959875,0.25370407956159935,0.015318025087999398,6.037752768685843
hundreds,6,5,0.26902210464959875,0.25370407956159935,0.015318025087999398,6.037752768685843
legal,6,5,0.26902210464959875,0.25370407956159935,0.015318025087999398,6.037752768685843
uses,6,5,0.26902210464959875,0.25370407956159935,0.015318025087999398,6.037752768685843
recommendation,6,5,0.26902210464959875,0.25370407956159935,0.015318025087999398,6.037752768685843
particular,6,5,0.26902210464959875,0.25370407956159935,0.015318025087999398,6.037752768685843
alternative,6,5,0.26902210464959875,0.25370407956159935,0.015318025087999398,6.037752768685843
much,49,43,2.1970138546383895,2.1818550842297544,0.015158770408635114,0.6947652260776298
due,15,13,0.6725552616239968,0.6596306068601583,0.012924654763838528,1.9593776621979209
fund,7,6,0.3138591220911985,0.30444489547391923,0.009414226617279253,3.0922596362223254
comes,7,6,0.3138591220911985,0.30444489547391923,0.009414226617279253,3.0922596362223254
benefit,7,6,0.3138591220911985,0.30444489547391923,0.009414226617279253,3.0922596362223254
largest,7,6,0.3138591220911985,0.30444489547391923,0.009414226617279253,3.0922596362223254
towards,7,6,0.3138591220911985,0.30444489547391923,0.009414226617279253,3.0922596362223254
teachers,8,7,0.3586961395327983,0.35518571138623906,0.003510428146559219,0.988335970176987
increase,8,7,0.3586961395327983,0.35518571138623906,0.003510428146559219,0.988335970176987
recruiting,8,7,0.3586961395327983,0.35518571138623906,0.003510428146559219,0.988335970176987
source,17,15,0.7622292965071963,0.761112238684798,0.0011170578223982375,0.14676650375882977
potential,17,15,0.7622292965071963,0.761112238684798,0.0011170578223982375,0.14676650375882977
got,17,15,0.7622292965071963,0.761112238684798,0.0011170578223982375,0.14676650375882977
members,9,8,0.40353315697439807,0.40592652729855894,-0.0023933703241608706,-0.5896067793570305
needs,18,16,0.8070663139487961,0.8118530545971179,-0.004786740648321741,-0.5896067793570305
suggesting,1,1,0.044837017441599784,0.05074081591231987,-0.005903798470720083,-11.635206026095139
present,1,1,0.044837017441599784,0.05074081591231987,-0.005903798470720083,-11.635206026095139
adapt,1,1,0.044837017441599784,0.05074081591231987,-0.005903798470720083,-11.635206026095139
nice,1,1,0.044837017441599784,0.05074081591231987,-0.005903798470720083,-11.635206026095139
indirectly,1,1,0.044837017441599784,0.05074081591231987,-0.005903798470720083,-11.635206026095139
sweden,1,1,0.044837017441599784,0.05074081591231987,-0.005903798470720083,-11.635206026095139
programmed,1,1,0.044837017441599784,0.05074081591231987,-0.005903798470720083,-11.635206026095139
unhappy,1,1,0.044837017441599784,0.05074081591231987,-0.005903798470720083,-11.635206026095139
collaboratively,1,1,0.044837017441599784,0.05074081591231987,-0.005903798470720083,-11.635206026095139
enables,1,1,0.044837017441599784,0.05074081591231987,-0.005903798470720083,-11.635206026095139
rid,1,1,0.044837017441599784,0.05074081591231987,-0.005903798470720083,-11.635206026095139
guides,1,1,0.044837017441599784,0.05074081591231987,-0.005903798470720083,-11.635206026095139
cac,1,1,0.044837017441599784,0.05074081591231987,-0.005903798470720083,-11.635206026095139
settling,1,1,0.044837017441599784,0.05074081591231987,-0.005903798470720083,-11.635206026095139
fair,1,1,0.044837017441599784,0.05074081591231987,-0.005903798470720083,-11.635206026095139
avoided,1,1,0.044837017441599784,0.05074081591231987,-0.005903798470720083,-11.635206026095139
headed,1,1,0.044837017441599784,0.05074081591231987,-0.005903798470720083,-11.635206026095139
eventual,1,1,0.044837017441599784,0.05074081591231987,-0.005903798470720083,-11.635206026095139
behavioral,1,1,0.044837017441599784,0.05074081591231987,-0.005903798470720083,-11.635206026095139
everyday,1,1,0.044837017441599784,0.05074081591231987,-0.005903798470720083,-11.635206026095139
tracker,1,1,0.044837017441599784,0.05074081591231987,-0.005903798470720083,-11.635206026095139
central,1,1,0.044837017441599784,0.05074081591231987,-0.005903798470720083,-11.635206026095139
reduced,1,1,0.044837017441599784,0.05074081591231987,-0.005903798470720083,-11.635206026095139
1on1,1,1,0.044837017441599784,0.05074081591231987,-0.005903798470720083,-11.635206026095139
upper,1,1,0.044837017441599784,0.05074081591231987,-0.005903798470720083,-11.635206026095139
menu,1,1,0.044837017441599784,0.05074081591231987,-0.005903798470720083,-11.635206026095139
limitations,1,1,0.044837017441599784,0.05074081591231987,-0.005903798470720083,-11.635206026095139
budding,1,1,0.044837017441599784,0.05074081591231987,-0.005903798470720083,-11.635206026095139
frustrated,1,1,0.044837017441599784,0.05074081591231987,-0.005903798470720083,-11.635206026095139
introducing,1,1,0.044837017441599784,0.05074081591231987,-0.005903798470720083,-11.635206026095139
khan,1,1,0.044837017441599784,0.05074081591231987,-0.005903798470720083,-11.635206026095139
defined,1,1,0.044837017441599784,0.05074081591231987,-0.005903798470720083,-11.635206026095139
pgs,1,1,0.044837017441599784,0.05074081591231987,-0.005903798470720083,-11.635206026095139
berlin,1,1,0.044837017441599784,0.05074081591231987,-0.005903798470720083,-11.635206026095139
saves,1,1,0.044837017441599784,0.05074081591231987,-0.005903798470720083,-11.635206026095139
spontaneous,1,1,0.044837017441599784,0.05074081591231987,-0.005903798470720083,-11.635206026095139
remains,1,1,0.044837017441599784,0.05074081591231987,-0.005903798470720083,-11.635206026095139
slightly,1,1,0.044837017441599784,0.05074081591231987,-0.005903798470720083,-11.635206026095139
photographic,1,1,0.044837017441599784,0.05074081591231987,-0.005903798470720083,-11.635206026095139
directed,1,1,0.044837017441599784,0.05074081591231987,-0.005903798470720083,-11.635206026095139
heavy,1,1,0.044837017441599784,0.05074081591231987,-0.005903798470720083,-11.635206026095139
closing,1,1,0.044837017441599784,0.05074081591231987,-0.005903798470720083,-11.635206026095139
wider,1,1,0.044837017441599784,0.05074081591231987,-0.005903798470720083,-11.635206026095139
train,1,1,0.044837017441599784,0.05074081591231987,-0.005903798470720083,-11.635206026095139
contests,1,1,0.044837017441599784,0.05074081591231987,-0.005903798470720083,-11.635206026095139
wisdom,1,1,0.044837017441599784,0.05074081591231987,-0.005903798470720083,-11.635206026095139
podcast,1,1,0.044837017441599784,0.05074081591231987,-0.005903798470720083,-11.635206026095139
accurately,1,1,0.044837017441599784,0.05074081591231987,-0.005903798470720083,-11.635206026095139
marry,1,1,0.044837017441599784,0.05074081591231987,-0.005903798470720083,-11.635206026095139
laws,1,1,0.044837017441599784,0.05074081591231987,-0.005903798470720083,-11.635206026095139
cto,1,1,0.044837017441599784,0.05074081591231987,-0.005903798470720083,-11.635206026095139
please,1,1,0.044837017441599784,0.05074081591231987,-0.005903798470720083,-11.635206026095139
delight,1,1,0.044837017441599784,0.05074081591231987,-0.005903798470720083,-11.635206026095139
wilson,1,1,0.044837017441599784,0.05074081591231987,-0.005903798470720083,-11.635206026095139
japan,1,1,0.044837017441599784,0.05074081591231987,-0.005903798470720083,-11.635206026095139
placement,1,1,0.044837017441599784,0.05074081591231987,-0.005903798470720083,-11.635206026095139
challenged,1,1,0.044837017441599784,0.05074081591231987,-0.005903798470720083,-11.635206026095139
happening,1,1,0.044837017441599784,0.05074081591231987,-0.005903798470720083,-11.635206026095139
hot,1,1,0.044837017441599784,0.05074081591231987,-0.005903798470720083,-11.635206026095139
fans,1,1,0.044837017441599784,0.05074081591231987,-0.005903798470720083,-11.635206026095139
staying,1,1,0.044837017441599784,0.05074081591231987,-0.005903798470720083,-11.635206026095139
milestones,1,1,0.044837017441599784,0.05074081591231987,-0.005903798470720083,-11.635206026095139
removed,1,1,0.044837017441599784,0.05074081591231987,-0.005903798470720083,-11.635206026095139
repeat,1,1,0.044837017441599784,0.05074081591231987,-0.005903798470720083,-11.635206026095139
shops,1,1,0.044837017441599784,0.05074081591231987,-0.005903798470720083,-11.635206026095139
visiting,1,1,0.044837017441599784,0.05074081591231987,-0.005903798470720083,-11.635206026095139
angle,1,1,0.044837017441599784,0.05074081591231987,-0.005903798470720083,-11.635206026095139
pinpoint,1,1,0.044837017441599784,0.05074081591231987,-0.005903798470720083,-11.635206026095139
googles,1,1,0.044837017441599784,0.05074081591231987,-0.005903798470720083,-11.635206026095139
miles,1,1,0.044837017441599784,0.05074081591231987,-0.005903798470720083,-11.635206026095139
bid,1,1,0.044837017441599784,0.05074081591231987,-0.005903798470720083,-11.635206026095139
bunch,1,1,0.044837017441599784,0.05074081591231987,-0.005903798470720083,-11.635206026095139
aid,1,1,0.044837017441599784,0.05074081591231987,-0.005903798470720083,-11.635206026095139
hands,1,1,0.044837017441599784,0.05074081591231987,-0.005903798470720083,-11.635206026095139
shipped,1,1,0.044837017441599784,0.05074081591231987,-0.005903798470720083,-11.635206026095139
ideally,1,1,0.044837017441599784,0.05074081591231987,-0.005903798470720083,-11.635206026095139
belongs,1,1,0.044837017441599784,0.05074081591231987,-0.005903798470720083,-11.635206026095139
walk,1,1,0.044837017441599784,0.05074081591231987,-0.005903798470720083,-11.635206026095139
preparing,1,1,0.044837017441599784,0.05074081591231987,-0.005903798470720083,-11.635206026095139
congress,1,1,0.044837017441599784,0.05074081591231987,-0.005903798470720083,-11.635206026095139
insider,1,1,0.044837017441599784,0.05074081591231987,-0.005903798470720083,-11.635206026095139
aka,1,1,0.044837017441599784,0.05074081591231987,-0.005903798470720083,-11.635206026095139
streams,1,1,0.044837017441599784,0.05074081591231987,-0.005903798470720083,-11.635206026095139
necessarily,1,1,0.044837017441599784,0.05074081591231987,-0.005903798470720083,-11.635206026095139
ocr,1,1,0.044837017441599784,0.05074081591231987,-0.005903798470720083,-11.635206026095139
carbon,1,1,0.044837017441599784,0.05074081591231987,-0.005903798470720083,-11.635206026095139
spare,1,1,0.044837017441599784,0.05074081591231987,-0.005903798470720083,-11.635206026095139
keyword,1,1,0.044837017441599784,0.05074081591231987,-0.005903798470720083,-11.635206026095139
figured,1,1,0.044837017441599784,0.05074081591231987,-0.005903798470720083,-11.635206026095139
elementary,1,1,0.044837017441599784,0.05074081591231987,-0.005903798470720083,-11.635206026095139
texas,1,1,0.044837017441599784,0.05074081591231987,-0.005903798470720083,-11.635206026095139
inaccessible,1,1,0.044837017441599784,0.05074081591231987,-0.005903798470720083,-11.635206026095139
moneywhen,1,1,0.044837017441599784,0.05074081591231987,-0.005903798470720083,-11.635206026095139
builds,1,1,0.044837017441599784,0.05074081591231987,-0.005903798470720083,-11.635206026095139
baby,1,1,0.044837017441599784,0.05074081591231987,-0.005903798470720083,-11.635206026095139
protect,1,1,0.044837017441599784,0.05074081591231987,-0.005903798470720083,-11.635206026095139
difficulties,1,1,0.044837017441599784,0.05074081591231987,-0.005903798470720083,-11.635206026095139
dms,1,1,0.044837017441599784,0.05074081591231987,-0.005903798470720083,-11.635206026095139
french,1,1,0.044837017441599784,0.05074081591231987,-0.005903798470720083,-11.635206026095139
interestingly,1,1,0.044837017441599784,0.05074081591231987,-0.005903798470720083,-11.635206026095139
prescreening,1,1,0.044837017441599784,0.05074081591231987,-0.005903798470720083,-11.635206026095139
fighting,1,1,0.044837017441599784,0.05074081591231987,-0.005903798470720083,-11.635206026095139
routed,1,1,0.044837017441599784,0.05074081591231987,-0.005903798470720083,-11.635206026095139
tinder,1,1,0.044837017441599784,0.05074081591231987,-0.005903798470720083,-11.635206026095139
500m,1,1,0.044837017441599784,0.05074081591231987,-0.005903798470720083,-11.635206026095139
internship,1,1,0.044837017441599784,0.05074081591231987,-0.005903798470720083,-11.635206026095139
press,1,1,0.044837017441599784,0.05074081591231987,-0.005903798470720083,-11.635206026095139
explains,1,1,0.044837017441599784,0.05074081591231987,-0.005903798470720083,-11.635206026095139
curate,1,1,0.044837017441599784,0.05074081591231987,-0.005903798470720083,-11.635206026095139
sticks,1,1,0.044837017441599784,0.05074081591231987,-0.005903798470720083,-11.635206026095139
concentrate,1,1,0.044837017441599784,0.05074081591231987,-0.005903798470720083,-11.635206026095139
sensors,1,1,0.044837017441599784,0.05074081591231987,-0.005903798470720083,-11.635206026095139
approaching,1,1,0.044837017441599784,0.05074081591231987,-0.005903798470720083,-11.635206026095139
sizes,1,1,0.044837017441599784,0.05074081591231987,-0.005903798470720083,-11.635206026095139
scoring,1,1,0.044837017441599784,0.05074081591231987,-0.005903798470720083,-11.635206026095139
bottomup,1,1,0.044837017441599784,0.05074081591231987,-0.005903798470720083,-11.635206026095139
awareness,1,1,0.044837017441599784,0.05074081591231987,-0.005903798470720083,-11.635206026095139
placing,1,1,0.044837017441599784,0.05074081591231987,-0.005903798470720083,-11.635206026095139
delays,1,1,0.044837017441599784,0.05074081591231987,-0.005903798470720083,-11.635206026095139
projecting,1,1,0.044837017441599784,0.05074081591231987,-0.005903798470720083,-11.635206026095139
textbooks,1,1,0.044837017441599784,0.05074081591231987,-0.005903798470720083,-11.635206026095139
detected,1,1,0.044837017441599784,0.05074081591231987,-0.005903798470720083,-11.635206026095139
sending,1,1,0.044837017441599784,0.05074081591231987,-0.005903798470720083,-11.635206026095139
450k,1,1,0.044837017441599784,0.05074081591231987,-0.005903798470720083,-11.635206026095139
hence,1,1,0.044837017441599784,0.05074081591231987,-0.005903798470720083,-11.635206026095139
presents,1,1,0.044837017441599784,0.05074081591231987,-0.005903798470720083,-11.635206026095139
itdomain,1,1,0.044837017441599784,0.05074081591231987,-0.005903798470720083,-11.635206026095139
shortly,1,1,0.044837017441599784,0.05074081591231987,-0.005903798470720083,-11.635206026095139
mvpwe,1,1,0.044837017441599784,0.05074081591231987,-0.005903798470720083,-11.635206026095139
collaborating,1,1,0.044837017441599784,0.05074081591231987,-0.005903798470720083,-11.635206026095139
rising,1,1,0.044837017441599784,0.05074081591231987,-0.005903798470720083,-11.635206026095139
cross,1,1,0.044837017441599784,0.05074081591231987,-0.005903798470720083,-11.635206026095139
tomorrow,1,1,0.044837017441599784,0.05074081591231987,-0.005903798470720083,-11.635206026095139
bias,1,1,0.044837017441599784,0.05074081591231987,-0.005903798470720083,-11.635206026095139
onpremise,1,1,0.044837017441599784,0.05074081591231987,-0.005903798470720083,-11.635206026095139
monthour,1,1,0.044837017441599784,0.05074081591231987,-0.005903798470720083,-11.635206026095139
unexpectedly,1,1,0.044837017441599784,0.05074081591231987,-0.005903798470720083,-11.635206026095139
admit,1,1,0.044837017441599784,0.05074081591231987,-0.005903798470720083,-11.635206026095139
mail,1,1,0.044837017441599784,0.05074081591231987,-0.005903798470720083,-11.635206026095139
underestimate,1,1,0.044837017441599784,0.05074081591231987,-0.005903798470720083,-11.635206026095139
possess,1,1,0.044837017441599784,0.05074081591231987,-0.005903798470720083,-11.635206026095139
generalized,1,1,0.044837017441599784,0.05074081591231987,-0.005903798470720083,-11.635206026095139
collective,1,1,0.044837017441599784,0.05074081591231987,-0.005903798470720083,-11.635206026095139
disk,1,1,0.044837017441599784,0.05074081591231987,-0.005903798470720083,-11.635206026095139
sends,1,1,0.044837017441599784,0.05074081591231987,-0.005903798470720083,-11.635206026095139
respected,1,1,0.044837017441599784,0.05074081591231987,-0.005903798470720083,-11.635206026095139
prestigious,1,1,0.044837017441599784,0.05074081591231987,-0.005903798470720083,-11.635206026095139
transparently,1,1,0.044837017441599784,0.05074081591231987,-0.005903798470720083,-11.635206026095139
flow,1,1,0.044837017441599784,0.05074081591231987,-0.005903798470720083,-11.635206026095139
reflect,1,1,0.044837017441599784,0.05074081591231987,-0.005903798470720083,-11.635206026095139
gas,1,1,0.044837017441599784,0.05074081591231987,-0.005903798470720083,-11.635206026095139
empowering,1,1,0.044837017441599784,0.05074081591231987,-0.005903798470720083,-11.635206026095139
sticking,1,1,0.044837017441599784,0.05074081591231987,-0.005903798470720083,-11.635206026095139
tiny,1,1,0.044837017441599784,0.05074081591231987,-0.005903798470720083,-11.635206026095139
reminder,1,1,0.044837017441599784,0.05074081591231987,-0.005903798470720083,-11.635206026095139
conduct,1,1,0.044837017441599784,0.05074081591231987,-0.005903798470720083,-11.635206026095139
microsofts,1,1,0.044837017441599784,0.05074081591231987,-0.005903798470720083,-11.635206026095139
pressure,1,1,0.044837017441599784,0.05074081591231987,-0.005903798470720083,-11.635206026095139
operational,1,1,0.044837017441599784,0.05074081591231987,-0.005903798470720083,-11.635206026095139
delay,1,1,0.044837017441599784,0.05074081591231987,-0.005903798470720083,-11.635206026095139
sectors,1,1,0.044837017441599784,0.05074081591231987,-0.005903798470720083,-11.635206026095139
shortlist,1,1,0.044837017441599784,0.05074081591231987,-0.005903798470720083,-11.635206026095139
arduous,1,1,0.044837017441599784,0.05074081591231987,-0.005903798470720083,-11.635206026095139
request,1,1,0.044837017441599784,0.05074081591231987,-0.005903798470720083,-11.635206026095139
signs,1,1,0.044837017441599784,0.05074081591231987,-0.005903798470720083,-11.635206026095139
hadnt,1,1,0.044837017441599784,0.05074081591231987,-0.005903798470720083,-11.635206026095139
whitelabeled,1,1,0.044837017441599784,0.05074081591231987,-0.005903798470720083,-11.635206026095139
names,1,1,0.044837017441599784,0.05074081591231987,-0.005903798470720083,-11.635206026095139
face,1,1,0.044837017441599784,0.05074081591231987,-0.005903798470720083,-11.635206026095139
anniversary,1,1,0.044837017441599784,0.05074081591231987,-0.005903798470720083,-11.635206026095139
weekoverweek,1,1,0.044837017441599784,0.05074081591231987,-0.005903798470720083,-11.635206026095139
deck,1,1,0.044837017441599784,0.05074081591231987,-0.005903798470720083,-11.635206026095139
edited,1,1,0.044837017441599784,0.05074081591231987,-0.005903798470720083,-11.635206026095139
unwanted,1,1,0.044837017441599784,0.05074081591231987,-0.005903798470720083,-11.635206026095139
standing,1,1,0.044837017441599784,0.05074081591231987,-0.005903798470720083,-11.635206026095139
companyi,1,1,0.044837017441599784,0.05074081591231987,-0.005903798470720083,-11.635206026095139
realworld,1,1,0.044837017441599784,0.05074081591231987,-0.005903798470720083,-11.635206026095139
immersive,1,1,0.044837017441599784,0.05074081591231987,-0.005903798470720083,-11.635206026095139
amongst,1,1,0.044837017441599784,0.05074081591231987,-0.005903798470720083,-11.635206026095139
stand,1,1,0.044837017441599784,0.05074081591231987,-0.005903798470720083,-11.635206026095139
cutting,1,1,0.044837017441599784,0.05074081591231987,-0.005903798470720083,-11.635206026095139
java,1,1,0.044837017441599784,0.05074081591231987,-0.005903798470720083,-11.635206026095139
tiktok,1,1,0.044837017441599784,0.05074081591231987,-0.005903798470720083,-11.635206026095139
sets,1,1,0.044837017441599784,0.05074081591231987,-0.005903798470720083,-11.635206026095139
race,1,1,0.044837017441599784,0.05074081591231987,-0.005903798470720083,-11.635206026095139
complicated,1,1,0.044837017441599784,0.05074081591231987,-0.005903798470720083,-11.635206026095139
500month,1,1,0.044837017441599784,0.05074081591231987,-0.005903798470720083,-11.635206026095139
constraints,1,1,0.044837017441599784,0.05074081591231987,-0.005903798470720083,-11.635206026095139
magnitude,1,1,0.044837017441599784,0.05074081591231987,-0.005903798470720083,-11.635206026095139
copy,1,1,0.044837017441599784,0.05074081591231987,-0.005903798470720083,-11.635206026095139
fortune,1,1,0.044837017441599784,0.05074081591231987,-0.005903798470720083,-11.635206026095139
countless,1,1,0.044837017441599784,0.05074081591231987,-0.005903798470720083,-11.635206026095139
suffering,1,1,0.044837017441599784,0.05074081591231987,-0.005903798470720083,-11.635206026095139
shape,1,1,0.044837017441599784,0.05074081591231987,-0.005903798470720083,-11.635206026095139
says,1,1,0.044837017441599784,0.05074081591231987,-0.005903798470720083,-11.635206026095139
reflects,1,1,0.044837017441599784,0.05074081591231987,-0.005903798470720083,-11.635206026095139
dirty,1,1,0.044837017441599784,0.05074081591231987,-0.005903798470720083,-11.635206026095139
positions,1,1,0.044837017441599784,0.05074081591231987,-0.005903798470720083,-11.635206026095139
land,1,1,0.044837017441599784,0.05074081591231987,-0.005903798470720083,-11.635206026095139
legislation,1,1,0.044837017441599784,0.05074081591231987,-0.005903798470720083,-11.635206026095139
uiux,1,1,0.044837017441599784,0.05074081591231987,-0.005903798470720083,-11.635206026095139
distributed,1,1,0.044837017441599784,0.05074081591231987,-0.005903798470720083,-11.635206026095139
intimidated,1,1,0.044837017441599784,0.05074081591231987,-0.005903798470720083,-11.635206026095139
quantitative,1,1,0.044837017441599784,0.05074081591231987,-0.005903798470720083,-11.635206026095139
lobby,1,1,0.044837017441599784,0.05074081591231987,-0.005903798470720083,-11.635206026095139
avid,1,1,0.044837017441599784,0.05074081591231987,-0.005903798470720083,-11.635206026095139
accessibility,1,1,0.044837017441599784,0.05074081591231987,-0.005903798470720083,-11.635206026095139
shouldnt,1,1,0.044837017441599784,0.05074081591231987,-0.005903798470720083,-11.635206026095139
hostel,1,1,0.044837017441599784,0.05074081591231987,-0.005903798470720083,-11.635206026095139
birthday,1,1,0.044837017441599784,0.05074081591231987,-0.005903798470720083,-11.635206026095139
label,1,1,0.044837017441599784,0.05074081591231987,-0.005903798470720083,-11.635206026095139
calendar,1,1,0.044837017441599784,0.05074081591231987,-0.005903798470720083,-11.635206026095139
gps,1,1,0.044837017441599784,0.05074081591231987,-0.005903798470720083,-11.635206026095139
awards,1,1,0.044837017441599784,0.05074081591231987,-0.005903798470720083,-11.635206026095139
scholarship,1,1,0.044837017441599784,0.05074081591231987,-0.005903798470720083,-11.635206026095139
looks,1,1,0.044837017441599784,0.05074081591231987,-0.005903798470720083,-11.635206026095139
accepting,1,1,0.044837017441599784,0.05074081591231987,-0.005903798470720083,-11.635206026095139
sooner,1,1,0.044837017441599784,0.05074081591231987,-0.005903798470720083,-11.635206026095139
craft,1,1,0.044837017441599784,0.05074081591231987,-0.005903798470720083,-11.635206026095139
introductions,1,1,0.044837017441599784,0.05074081591231987,-0.005903798470720083,-11.635206026095139
command,1,1,0.044837017441599784,0.05074081591231987,-0.005903798470720083,-11.635206026095139
dead,1,1,0.044837017441599784,0.05074081591231987,-0.005903798470720083,-11.635206026095139
sullivan,1,1,0.044837017441599784,0.05074081591231987,-0.005903798470720083,-11.635206026095139
surprising,1,1,0.044837017441599784,0.05074081591231987,-0.005903798470720083,-11.635206026095139
peer,1,1,0.044837017441599784,0.05074081591231987,-0.005903798470720083,-11.635206026095139
understood,1,1,0.044837017441599784,0.05074081591231987,-0.005903798470720083,-11.635206026095139
achieving,1,1,0.044837017441599784,0.05074081591231987,-0.005903798470720083,-11.635206026095139
external,1,1,0.044837017441599784,0.05074081591231987,-0.005903798470720083,-11.635206026095139
interactive,1,1,0.044837017441599784,0.05074081591231987,-0.005903798470720083,-11.635206026095139
prototyping,1,1,0.044837017441599784,0.05074081591231987,-0.005903798470720083,-11.635206026095139
achievable,1,1,0.044837017441599784,0.05074081591231987,-0.005903798470720083,-11.635206026095139
choice,1,1,0.044837017441599784,0.05074081591231987,-0.005903798470720083,-11.635206026095139
shes,1,1,0.044837017441599784,0.05074081591231987,-0.005903798470720083,-11.635206026095139
apart,1,1,0.044837017441599784,0.05074081591231987,-0.005903798470720083,-11.635206026095139
todays,1,1,0.044837017441599784,0.05074081591231987,-0.005903798470720083,-11.635206026095139
onboarded,1,1,0.044837017441599784,0.05074081591231987,-0.005903798470720083,-11.635206026095139
scheme,1,1,0.044837017441599784,0.05074081591231987,-0.005903798470720083,-11.635206026095139
processed,1,1,0.044837017441599784,0.05074081591231987,-0.005903798470720083,-11.635206026095139
coverage,1,1,0.044837017441599784,0.05074081591231987,-0.005903798470720083,-11.635206026095139
professor,1,1,0.044837017441599784,0.05074081591231987,-0.005903798470720083,-11.635206026095139
relatively,1,1,0.044837017441599784,0.05074081591231987,-0.005903798470720083,-11.635206026095139
suits,1,1,0.044837017441599784,0.05074081591231987,-0.005903798470720083,-11.635206026095139
vocal,1,1,0.044837017441599784,0.05074081591231987,-0.005903798470720083,-11.635206026095139
1minute,1,1,0.044837017441599784,0.05074081591231987,-0.005903798470720083,-11.635206026095139
weak,1,1,0.044837017441599784,0.05074081591231987,-0.005903798470720083,-11.635206026095139
particularly,1,1,0.044837017441599784,0.05074081591231987,-0.005903798470720083,-11.635206026095139
final,1,1,0.044837017441599784,0.05074081591231987,-0.005903798470720083,-11.635206026095139
barriers,1,1,0.044837017441599784,0.05074081591231987,-0.005903798470720083,-11.635206026095139
prove,1,1,0.044837017441599784,0.05074081591231987,-0.005903798470720083,-11.635206026095139
researcher,1,1,0.044837017441599784,0.05074081591231987,-0.005903798470720083,-11.635206026095139
sentences,1,1,0.044837017441599784,0.05074081591231987,-0.005903798470720083,-11.635206026095139
partnering,1,1,0.044837017441599784,0.05074081591231987,-0.005903798470720083,-11.635206026095139
positioned,1,1,0.044837017441599784,0.05074081591231987,-0.005903798470720083,-11.635206026095139
verbal,1,1,0.044837017441599784,0.05074081591231987,-0.005903798470720083,-11.635206026095139
hotel,1,1,0.044837017441599784,0.05074081591231987,-0.005903798470720083,-11.635206026095139
researching,1,1,0.044837017441599784,0.05074081591231987,-0.005903798470720083,-11.635206026095139
studied,1,1,0.044837017441599784,0.05074081591231987,-0.005903798470720083,-11.635206026095139
dominant,1,1,0.044837017441599784,0.05074081591231987,-0.005903798470720083,-11.635206026095139
cofounded,1,1,0.044837017441599784,0.05074081591231987,-0.005903798470720083,-11.635206026095139
expansion,1,1,0.044837017441599784,0.05074081591231987,-0.005903798470720083,-11.635206026095139
moneywe,1,1,0.044837017441599784,0.05074081591231987,-0.005903798470720083,-11.635206026095139
broadcasting,1,1,0.044837017441599784,0.05074081591231987,-0.005903798470720083,-11.635206026095139
cooperative,1,1,0.044837017441599784,0.05074081591231987,-0.005903798470720083,-11.635206026095139
timely,1,1,0.044837017441599784,0.05074081591231987,-0.005903798470720083,-11.635206026095139
promoted,1,1,0.044837017441599784,0.05074081591231987,-0.005903798470720083,-11.635206026095139
priced,1,1,0.044837017441599784,0.05074081591231987,-0.005903798470720083,-11.635206026095139
john,1,1,0.044837017441599784,0.05074081591231987,-0.005903798470720083,-11.635206026095139
interviewees,1,1,0.044837017441599784,0.05074081591231987,-0.005903798470720083,-11.635206026095139
outreach,1,1,0.044837017441599784,0.05074081591231987,-0.005903798470720083,-11.635206026095139
transform,1,1,0.044837017441599784,0.05074081591231987,-0.005903798470720083,-11.635206026095139
auxiliary,1,1,0.044837017441599784,0.05074081591231987,-0.005903798470720083,-11.635206026095139
moreover,1,1,0.044837017441599784,0.05074081591231987,-0.005903798470720083,-11.635206026095139
categories,1,1,0.044837017441599784,0.05074081591231987,-0.005903798470720083,-11.635206026095139
award,1,1,0.044837017441599784,0.05074081591231987,-0.005903798470720083,-11.635206026095139
token,1,1,0.044837017441599784,0.05074081591231987,-0.005903798470720083,-11.635206026095139
viewed,1,1,0.044837017441599784,0.05074081591231987,-0.005903798470720083,-11.635206026095139
performed,1,1,0.044837017441599784,0.05074081591231987,-0.005903798470720083,-11.635206026095139
vice,1,1,0.044837017441599784,0.05074081591231987,-0.005903798470720083,-11.635206026095139
trained,1,1,0.044837017441599784,0.05074081591231987,-0.005903798470720083,-11.635206026095139
cohort,1,1,0.044837017441599784,0.05074081591231987,-0.005903798470720083,-11.635206026095139
prominent,1,1,0.044837017441599784,0.05074081591231987,-0.005903798470720083,-11.635206026095139
easiest,1,1,0.044837017441599784,0.05074081591231987,-0.005903798470720083,-11.635206026095139
negatively,1,1,0.044837017441599784,0.05074081591231987,-0.005903798470720083,-11.635206026095139
equally,1,1,0.044837017441599784,0.05074081591231987,-0.005903798470720083,-11.635206026095139
customersin,1,1,0.044837017441599784,0.05074081591231987,-0.005903798470720083,-11.635206026095139
manner,1,1,0.044837017441599784,0.05074081591231987,-0.005903798470720083,-11.635206026095139
friday,1,1,0.044837017441599784,0.05074081591231987,-0.005903798470720083,-11.635206026095139
blue,1,1,0.044837017441599784,0.05074081591231987,-0.005903798470720083,-11.635206026095139
factors,1,1,0.044837017441599784,0.05074081591231987,-0.005903798470720083,-11.635206026095139
tickets,1,1,0.044837017441599784,0.05074081591231987,-0.005903798470720083,-11.635206026095139
ordersmonth,1,1,0.044837017441599784,0.05074081591231987,-0.005903798470720083,-11.635206026095139
pulled,1,1,0.044837017441599784,0.05074081591231987,-0.005903798470720083,-11.635206026095139
leveraged,1,1,0.044837017441599784,0.05074081591231987,-0.005903798470720083,-11.635206026095139
title,1,1,0.044837017441599784,0.05074081591231987,-0.005903798470720083,-11.635206026095139
registering,1,1,0.044837017441599784,0.05074081591231987,-0.005903798470720083,-11.635206026095139
installs,1,1,0.044837017441599784,0.05074081591231987,-0.005903798470720083,-11.635206026095139
combines,1,1,0.044837017441599784,0.05074081591231987,-0.005903798470720083,-11.635206026095139
pulse,1,1,0.044837017441599784,0.05074081591231987,-0.005903798470720083,-11.635206026095139
discoverability,1,1,0.044837017441599784,0.05074081591231987,-0.005903798470720083,-11.635206026095139
albeit,1,1,0.044837017441599784,0.05074081591231987,-0.005903798470720083,-11.635206026095139
graphic,1,1,0.044837017441599784,0.05074081591231987,-0.005903798470720083,-11.635206026095139
measures,1,1,0.044837017441599784,0.05074081591231987,-0.005903798470720083,-11.635206026095139
partnerships,1,1,0.044837017441599784,0.05074081591231987,-0.005903798470720083,-11.635206026095139
recruited,1,1,0.044837017441599784,0.05074081591231987,-0.005903798470720083,-11.635206026095139
exit,1,1,0.044837017441599784,0.05074081591231987,-0.005903798470720083,-11.635206026095139
surprisingly,1,1,0.044837017441599784,0.05074081591231987,-0.005903798470720083,-11.635206026095139
w18,1,1,0.044837017441599784,0.05074081591231987,-0.005903798470720083,-11.635206026095139
bundled,1,1,0.044837017441599784,0.05074081591231987,-0.005903798470720083,-11.635206026095139
integrating,1,1,0.044837017441599784,0.05074081591231987,-0.005903798470720083,-11.635206026095139
podcasts,1,1,0.044837017441599784,0.05074081591231987,-0.005903798470720083,-11.635206026095139
clue,1,1,0.044837017441599784,0.05074081591231987,-0.005903798470720083,-11.635206026095139
culturally,1,1,0.044837017441599784,0.05074081591231987,-0.005903798470720083,-11.635206026095139
sells,1,1,0.044837017441599784,0.05074081591231987,-0.005903798470720083,-11.635206026095139
fine,1,1,0.044837017441599784,0.05074081591231987,-0.005903798470720083,-11.635206026095139
parallel,1,1,0.044837017441599784,0.05074081591231987,-0.005903798470720083,-11.635206026095139
speech,1,1,0.044837017441599784,0.05074081591231987,-0.005903798470720083,-11.635206026095139
winning,1,1,0.044837017441599784,0.05074081591231987,-0.005903798470720083,-11.635206026095139
installing,1,1,0.044837017441599784,0.05074081591231987,-0.005903798470720083,-11.635206026095139
discount,1,1,0.044837017441599784,0.05074081591231987,-0.005903798470720083,-11.635206026095139
simplify,1,1,0.044837017441599784,0.05074081591231987,-0.005903798470720083,-11.635206026095139
substitute,1,1,0.044837017441599784,0.05074081591231987,-0.005903798470720083,-11.635206026095139
holistic,1,1,0.044837017441599784,0.05074081591231987,-0.005903798470720083,-11.635206026095139
participation,1,1,0.044837017441599784,0.05074081591231987,-0.005903798470720083,-11.635206026095139
eight,1,1,0.044837017441599784,0.05074081591231987,-0.005903798470720083,-11.635206026095139
saturday,1,1,0.044837017441599784,0.05074081591231987,-0.005903798470720083,-11.635206026095139
producthunt,1,1,0.044837017441599784,0.05074081591231987,-0.005903798470720083,-11.635206026095139
generic,1,1,0.044837017441599784,0.05074081591231987,-0.005903798470720083,-11.635206026095139
streamlining,1,1,0.044837017441599784,0.05074081591231987,-0.005903798470720083,-11.635206026095139
lessons,1,1,0.044837017441599784,0.05074081591231987,-0.005903798470720083,-11.635206026095139
tourist,1,1,0.044837017441599784,0.05074081591231987,-0.005903798470720083,-11.635206026095139
mistakes,1,1,0.044837017441599784,0.05074081591231987,-0.005903798470720083,-11.635206026095139
instantly,1,1,0.044837017441599784,0.05074081591231987,-0.005903798470720083,-11.635206026095139
employment,1,1,0.044837017441599784,0.05074081591231987,-0.005903798470720083,-11.635206026095139
advising,1,1,0.044837017441599784,0.05074081591231987,-0.005903798470720083,-11.635206026095139
utilized,1,1,0.044837017441599784,0.05074081591231987,-0.005903798470720083,-11.635206026095139
resign,1,1,0.044837017441599784,0.05074081591231987,-0.005903798470720083,-11.635206026095139
fred,1,1,0.044837017441599784,0.05074081591231987,-0.005903798470720083,-11.635206026095139
west,1,1,0.044837017441599784,0.05074081591231987,-0.005903798470720083,-11.635206026095139
lottery,1,1,0.044837017441599784,0.05074081591231987,-0.005903798470720083,-11.635206026095139
glance,1,1,0.044837017441599784,0.05074081591231987,-0.005903798470720083,-11.635206026095139
darpa,1,1,0.044837017441599784,0.05074081591231987,-0.005903798470720083,-11.635206026095139
feeling,1,1,0.044837017441599784,0.05074081591231987,-0.005903798470720083,-11.635206026095139
supplement,1,1,0.044837017441599784,0.05074081591231987,-0.005903798470720083,-11.635206026095139
eyes,1,1,0.044837017441599784,0.05074081591231987,-0.005903798470720083,-11.635206026095139
calm,1,1,0.044837017441599784,0.05074081591231987,-0.005903798470720083,-11.635206026095139
walks,1,1,0.044837017441599784,0.05074081591231987,-0.005903798470720083,-11.635206026095139
spin,1,1,0.044837017441599784,0.05074081591231987,-0.005903798470720083,-11.635206026095139
forcing,1,1,0.044837017441599784,0.05074081591231987,-0.005903798470720083,-11.635206026095139
dictionary,1,1,0.044837017441599784,0.05074081591231987,-0.005903798470720083,-11.635206026095139
insurance,1,1,0.044837017441599784,0.05074081591231987,-0.005903798470720083,-11.635206026095139
proper,1,1,0.044837017441599784,0.05074081591231987,-0.005903798470720083,-11.635206026095139
clicked,1,1,0.044837017441599784,0.05074081591231987,-0.005903798470720083,-11.635206026095139
graphics,1,1,0.044837017441599784,0.05074081591231987,-0.005903798470720083,-11.635206026095139
persona,1,1,0.044837017441599784,0.05074081591231987,-0.005903798470720083,-11.635206026095139
modify,1,1,0.044837017441599784,0.05074081591231987,-0.005903798470720083,-11.635206026095139
actual,1,1,0.044837017441599784,0.05074081591231987,-0.005903798470720083,-11.635206026095139
operated,1,1,0.044837017441599784,0.05074081591231987,-0.005903798470720083,-11.635206026095139
competed,1,1,0.044837017441599784,0.05074081591231987,-0.005903798470720083,-11.635206026095139
promotions,1,1,0.044837017441599784,0.05074081591231987,-0.005903798470720083,-11.635206026095139
promoting,1,1,0.044837017441599784,0.05074081591231987,-0.005903798470720083,-11.635206026095139
dominating,1,1,0.044837017441599784,0.05074081591231987,-0.005903798470720083,-11.635206026095139
hyperlocal,1,1,0.044837017441599784,0.05074081591231987,-0.005903798470720083,-11.635206026095139
assembling,1,1,0.044837017441599784,0.05074081591231987,-0.005903798470720083,-11.635206026095139
output,1,1,0.044837017441599784,0.05074081591231987,-0.005903798470720083,-11.635206026095139
creates,1,1,0.044837017441599784,0.05074081591231987,-0.005903798470720083,-11.635206026095139
containing,1,1,0.044837017441599784,0.05074081591231987,-0.005903798470720083,-11.635206026095139
facilitated,1,1,0.044837017441599784,0.05074081591231987,-0.005903798470720083,-11.635206026095139
region,1,1,0.044837017441599784,0.05074081591231987,-0.005903798470720083,-11.635206026095139
iteration,1,1,0.044837017441599784,0.05074081591231987,-0.005903798470720083,-11.635206026095139
fastmoving,1,1,0.044837017441599784,0.05074081591231987,-0.005903798470720083,-11.635206026095139
pass,1,1,0.044837017441599784,0.05074081591231987,-0.005903798470720083,-11.635206026095139
diagnosis,1,1,0.044837017441599784,0.05074081591231987,-0.005903798470720083,-11.635206026095139
fundamentals,1,1,0.044837017441599784,0.05074081591231987,-0.005903798470720083,-11.635206026095139
administrative,1,1,0.044837017441599784,0.05074081591231987,-0.005903798470720083,-11.635206026095139
oss,1,1,0.044837017441599784,0.05074081591231987,-0.005903798470720083,-11.635206026095139
org,1,1,0.044837017441599784,0.05074081591231987,-0.005903798470720083,-11.635206026095139
attracted,1,1,0.044837017441599784,0.05074081591231987,-0.005903798470720083,-11.635206026095139
computational,1,1,0.044837017441599784,0.05074081591231987,-0.005903798470720083,-11.635206026095139
fraction,1,1,0.044837017441599784,0.05074081591231987,-0.005903798470720083,-11.635206026095139
adequate,1,1,0.044837017441599784,0.05074081591231987,-0.005903798470720083,-11.635206026095139
grassroots,1,1,0.044837017441599784,0.05074081591231987,-0.005903798470720083,-11.635206026095139
helpful,1,1,0.044837017441599784,0.05074081591231987,-0.005903798470720083,-11.635206026095139
followers,1,1,0.044837017441599784,0.05074081591231987,-0.005903798470720083,-11.635206026095139
sized,1,1,0.044837017441599784,0.05074081591231987,-0.005903798470720083,-11.635206026095139
fire,1,1,0.044837017441599784,0.05074081591231987,-0.005903798470720083,-11.635206026095139
aforementioned,1,1,0.044837017441599784,0.05074081591231987,-0.005903798470720083,-11.635206026095139
advance,1,1,0.044837017441599784,0.05074081591231987,-0.005903798470720083,-11.635206026095139
homeless,1,1,0.044837017441599784,0.05074081591231987,-0.005903798470720083,-11.635206026095139
waste,1,1,0.044837017441599784,0.05074081591231987,-0.005903798470720083,-11.635206026095139
kept,1,1,0.044837017441599784,0.05074081591231987,-0.005903798470720083,-11.635206026095139
restrictions,1,1,0.044837017441599784,0.05074081591231987,-0.005903798470720083,-11.635206026095139
cover,1,1,0.044837017441599784,0.05074081591231987,-0.005903798470720083,-11.635206026095139
shifts,1,1,0.044837017441599784,0.05074081591231987,-0.005903798470720083,-11.635206026095139
immigrant,1,1,0.044837017441599784,0.05074081591231987,-0.005903798470720083,-11.635206026095139
visited,1,1,0.044837017441599784,0.05074081591231987,-0.005903798470720083,-11.635206026095139
sale,1,1,0.044837017441599784,0.05074081591231987,-0.005903798470720083,-11.635206026095139
anybody,1,1,0.044837017441599784,0.05074081591231987,-0.005903798470720083,-11.635206026095139
force,1,1,0.044837017441599784,0.05074081591231987,-0.005903798470720083,-11.635206026095139
agent,1,1,0.044837017441599784,0.05074081591231987,-0.005903798470720083,-11.635206026095139
manual,1,1,0.044837017441599784,0.05074081591231987,-0.005903798470720083,-11.635206026095139
puts,1,1,0.044837017441599784,0.05074081591231987,-0.005903798470720083,-11.635206026095139
gbp,1,1,0.044837017441599784,0.05074081591231987,-0.005903798470720083,-11.635206026095139
ukraine,1,1,0.044837017441599784,0.05074081591231987,-0.005903798470720083,-11.635206026095139
bar,1,1,0.044837017441599784,0.05074081591231987,-0.005903798470720083,-11.635206026095139
hassle,1,1,0.044837017441599784,0.05074081591231987,-0.005903798470720083,-11.635206026095139
inserting,1,1,0.044837017441599784,0.05074081591231987,-0.005903798470720083,-11.635206026095139
organizational,1,1,0.044837017441599784,0.05074081591231987,-0.005903798470720083,-11.635206026095139
admitted,1,1,0.044837017441599784,0.05074081591231987,-0.005903798470720083,-11.635206026095139
innovative,1,1,0.044837017441599784,0.05074081591231987,-0.005903798470720083,-11.635206026095139
realistic,1,1,0.044837017441599784,0.05074081591231987,-0.005903798470720083,-11.635206026095139
buzz,1,1,0.044837017441599784,0.05074081591231987,-0.005903798470720083,-11.635206026095139
allow,10,9,0.44837017441599786,0.4566673432108788,-0.00829716879488096,-1.816895584550155
joining,2,2,0.08967403488319957,0.10148163182463973,-0.011807596941440165,-11.635206026095139
possibly,2,2,0.08967403488319957,0.10148163182463973,-0.011807596941440165,-11.635206026095139
payroll,2,2,0.08967403488319957,0.10148163182463973,-0.011807596941440165,-11.635206026095139
excel,2,2,0.08967403488319957,0.10148163182463973,-0.011807596941440165,-11.635206026095139
background,2,2,0.08967403488319957,0.10148163182463973,-0.011807596941440165,-11.635206026095139
glass,2,2,0.08967403488319957,0.10148163182463973,-0.011807596941440165,-11.635206026095139
implemented,2,2,0.08967403488319957,0.10148163182463973,-0.011807596941440165,-11.635206026095139
inbound,2,2,0.08967403488319957,0.10148163182463973,-0.011807596941440165,-11.635206026095139
six,2,2,0.08967403488319957,0.10148163182463973,-0.011807596941440165,-11.635206026095139
evening,2,2,0.08967403488319957,0.10148163182463973,-0.011807596941440165,-11.635206026095139
watch,2,2,0.08967403488319957,0.10148163182463973,-0.011807596941440165,-11.635206026095139
felt,2,2,0.08967403488319957,0.10148163182463973,-0.011807596941440165,-11.635206026095139
hate,2,2,0.08967403488319957,0.10148163182463973,-0.011807596941440165,-11.635206026095139
failure,2,2,0.08967403488319957,0.10148163182463973,-0.011807596941440165,-11.635206026095139
graduated,2,2,0.08967403488319957,0.10148163182463973,-0.011807596941440165,-11.635206026095139
bills,2,2,0.08967403488319957,0.10148163182463973,-0.011807596941440165,-11.635206026095139
chief,2,2,0.08967403488319957,0.10148163182463973,-0.011807596941440165,-11.635206026095139
mark,2,2,0.08967403488319957,0.10148163182463973,-0.011807596941440165,-11.635206026095139
lecture,2,2,0.08967403488319957,0.10148163182463973,-0.011807596941440165,-11.635206026095139
capable,2,2,0.08967403488319957,0.10148163182463973,-0.011807596941440165,-11.635206026095139
restaurants,2,2,0.08967403488319957,0.10148163182463973,-0.011807596941440165,-11.635206026095139
billing,2,2,0.08967403488319957,0.10148163182463973,-0.011807596941440165,-11.635206026095139
corporations,2,2,0.08967403488319957,0.10148163182463973,-0.011807596941440165,-11.635206026095139
improving,2,2,0.08967403488319957,0.10148163182463973,-0.011807596941440165,-11.635206026095139
gone,2,2,0.08967403488319957,0.10148163182463973,-0.011807596941440165,-11.635206026095139
link,2,2,0.08967403488319957,0.10148163182463973,-0.011807596941440165,-11.635206026095139
gained,2,2,0.08967403488319957,0.10148163182463973,-0.011807596941440165,-11.635206026095139
workforce,2,2,0.08967403488319957,0.10148163182463973,-0.011807596941440165,-11.635206026095139
uis,2,2,0.08967403488319957,0.10148163182463973,-0.011807596941440165,-11.635206026095139
rewards,2,2,0.08967403488319957,0.10148163182463973,-0.011807596941440165,-11.635206026095139
circle,2,2,0.08967403488319957,0.10148163182463973,-0.011807596941440165,-11.635206026095139
updates,2,2,0.08967403488319957,0.10148163182463973,-0.011807596941440165,-11.635206026095139
proof,2,2,0.08967403488319957,0.10148163182463973,-0.011807596941440165,-11.635206026095139
viable,2,2,0.08967403488319957,0.10148163182463973,-0.011807596941440165,-11.635206026095139
closest,2,2,0.08967403488319957,0.10148163182463973,-0.011807596941440165,-11.635206026095139
stats,2,2,0.08967403488319957,0.10148163182463973,-0.011807596941440165,-11.635206026095139
speak,2,2,0.08967403488319957,0.10148163182463973,-0.011807596941440165,-11.635206026095139
south,2,2,0.08967403488319957,0.10148163182463973,-0.011807596941440165,-11.635206026095139
winter,2,2,0.08967403488319957,0.10148163182463973,-0.011807596941440165,-11.635206026095139
connects,2,2,0.08967403488319957,0.10148163182463973,-0.011807596941440165,-11.635206026095139
nationally,2,2,0.08967403488319957,0.10148163182463973,-0.011807596941440165,-11.635206026095139
branches,2,2,0.08967403488319957,0.10148163182463973,-0.011807596941440165,-11.635206026095139
penetration,2,2,0.08967403488319957,0.10148163182463973,-0.011807596941440165,-11.635206026095139
scheduling,2,2,0.08967403488319957,0.10148163182463973,-0.011807596941440165,-11.635206026095139
foundation,2,2,0.08967403488319957,0.10148163182463973,-0.011807596941440165,-11.635206026095139
survive,2,2,0.08967403488319957,0.10148163182463973,-0.011807596941440165,-11.635206026095139
whatsapp,2,2,0.08967403488319957,0.10148163182463973,-0.011807596941440165,-11.635206026095139
workplace,2,2,0.08967403488319957,0.10148163182463973,-0.011807596941440165,-11.635206026095139
ceo,2,2,0.08967403488319957,0.10148163182463973,-0.011807596941440165,-11.635206026095139
presence,2,2,0.08967403488319957,0.10148163182463973,-0.011807596941440165,-11.635206026095139
abroad,2,2,0.08967403488319957,0.10148163182463973,-0.011807596941440165,-11.635206026095139
bill,2,2,0.08967403488319957,0.10148163182463973,-0.011807596941440165,-11.635206026095139
audio,2,2,0.08967403488319957,0.10148163182463973,-0.011807596941440165,-11.635206026095139
optimization,2,2,0.08967403488319957,0.10148163182463973,-0.011807596941440165,-11.635206026095139
firm,2,2,0.08967403488319957,0.10148163182463973,-0.011807596941440165,-11.635206026095139
vcs,2,2,0.08967403488319957,0.10148163182463973,-0.011807596941440165,-11.635206026095139
worldwide,2,2,0.08967403488319957,0.10148163182463973,-0.011807596941440165,-11.635206026095139
hacker,2,2,0.08967403488319957,0.10148163182463973,-0.011807596941440165,-11.635206026095139
connection,2,2,0.08967403488319957,0.10148163182463973,-0.011807596941440165,-11.635206026095139
fits,2,2,0.08967403488319957,0.10148163182463973,-0.011807596941440165,-11.635206026095139
authentic,2,2,0.08967403488319957,0.10148163182463973,-0.011807596941440165,-11.635206026095139
portfolio,2,2,0.08967403488319957,0.10148163182463973,-0.011807596941440165,-11.635206026095139
turning,2,2,0.08967403488319957,0.10148163182463973,-0.011807596941440165,-11.635206026095139
matches,2,2,0.08967403488319957,0.10148163182463973,-0.011807596941440165,-11.635206026095139
specifically,2,2,0.08967403488319957,0.10148163182463973,-0.011807596941440165,-11.635206026095139
universitys,2,2,0.08967403488319957,0.10148163182463973,-0.011807596941440165,-11.635206026095139
follow,2,2,0.08967403488319957,0.10148163182463973,-0.011807596941440165,-11.635206026095139
provided,2,2,0.08967403488319957,0.10148163182463973,-0.011807596941440165,-11.635206026095139
universities,2,2,0.08967403488319957,0.10148163182463973,-0.011807596941440165,-11.635206026095139
bootstrapped,2,2,0.08967403488319957,0.10148163182463973,-0.011807596941440165,-11.635206026095139
valuation,2,2,0.08967403488319957,0.10148163182463973,-0.011807596941440165,-11.635206026095139
identifying,2,2,0.08967403488319957,0.10148163182463973,-0.011807596941440165,-11.635206026095139
block,2,2,0.08967403488319957,0.10148163182463973,-0.011807596941440165,-11.635206026095139
generates,2,2,0.08967403488319957,0.10148163182463973,-0.011807596941440165,-11.635206026095139
load,2,2,0.08967403488319957,0.10148163182463973,-0.011807596941440165,-11.635206026095139
stars,2,2,0.08967403488319957,0.10148163182463973,-0.011807596941440165,-11.635206026095139
agents,2,2,0.08967403488319957,0.10148163182463973,-0.011807596941440165,-11.635206026095139
familiar,2,2,0.08967403488319957,0.10148163182463973,-0.011807596941440165,-11.635206026095139
motivated,2,2,0.08967403488319957,0.10148163182463973,-0.011807596941440165,-11.635206026095139
virtually,2,2,0.08967403488319957,0.10148163182463973,-0.011807596941440165,-11.635206026095139
cheapest,2,2,0.08967403488319957,0.10148163182463973,-0.011807596941440165,-11.635206026095139
situations,2,2,0.08967403488319957,0.10148163182463973,-0.011807596941440165,-11.635206026095139
wordpress,2,2,0.08967403488319957,0.10148163182463973,-0.011807596941440165,-11.635206026095139
downloads,2,2,0.08967403488319957,0.10148163182463973,-0.011807596941440165,-11.635206026095139
recognition,2,2,0.08967403488319957,0.10148163182463973,-0.011807596941440165,-11.635206026095139
heavily,2,2,0.08967403488319957,0.10148163182463973,-0.011807596941440165,-11.635206026095139
named,2,2,0.08967403488319957,0.10148163182463973,-0.011807596941440165,-11.635206026095139
altogether,2,2,0.08967403488319957,0.10148163182463973,-0.011807596941440165,-11.635206026095139
enjoy,2,2,0.08967403488319957,0.10148163182463973,-0.011807596941440165,-11.635206026095139
purchased,2,2,0.08967403488319957,0.10148163182463973,-0.011807596941440165,-11.635206026095139
3rd,2,2,0.08967403488319957,0.10148163182463973,-0.011807596941440165,-11.635206026095139
typically,2,2,0.08967403488319957,0.10148163182463973,-0.011807596941440165,-11.635206026095139
party,2,2,0.08967403488319957,0.10148163182463973,-0.011807596941440165,-11.635206026095139
afford,2,2,0.08967403488319957,0.10148163182463973,-0.011807596941440165,-11.635206026095139
weekends,2,2,0.08967403488319957,0.10148163182463973,-0.011807596941440165,-11.635206026095139
hacked,2,2,0.08967403488319957,0.10148163182463973,-0.011807596941440165,-11.635206026095139
graduate,2,2,0.08967403488319957,0.10148163182463973,-0.011807596941440165,-11.635206026095139
10m,2,2,0.08967403488319957,0.10148163182463973,-0.011807596941440165,-11.635206026095139
personality,2,2,0.08967403488319957,0.10148163182463973,-0.011807596941440165,-11.635206026095139
planning,2,2,0.08967403488319957,0.10148163182463973,-0.011807596941440165,-11.635206026095139
article,2,2,0.08967403488319957,0.10148163182463973,-0.011807596941440165,-11.635206026095139
nonfounder,2,2,0.08967403488319957,0.10148163182463973,-0.011807596941440165,-11.635206026095139
hundred,2,2,0.08967403488319957,0.10148163182463973,-0.011807596941440165,-11.635206026095139
projectbased,2,2,0.08967403488319957,0.10148163182463973,-0.011807596941440165,-11.635206026095139
signup,2,2,0.08967403488319957,0.10148163182463973,-0.011807596941440165,-11.635206026095139
reputation,2,2,0.08967403488319957,0.10148163182463973,-0.011807596941440165,-11.635206026095139
worlds,2,2,0.08967403488319957,0.10148163182463973,-0.011807596941440165,-11.635206026095139
mainly,2,2,0.08967403488319957,0.10148163182463973,-0.011807596941440165,-11.635206026095139
sit,2,2,0.08967403488319957,0.10148163182463973,-0.011807596941440165,-11.635206026095139
spends,2,2,0.08967403488319957,0.10148163182463973,-0.011807596941440165,-11.635206026095139
comprehensive,2,2,0.08967403488319957,0.10148163182463973,-0.011807596941440165,-11.635206026095139
peoples,2,2,0.08967403488319957,0.10148163182463973,-0.011807596941440165,-11.635206026095139
path,2,2,0.08967403488319957,0.10148163182463973,-0.011807596941440165,-11.635206026095139
increasingly,2,2,0.08967403488319957,0.10148163182463973,-0.011807596941440165,-11.635206026095139
expanded,2,2,0.08967403488319957,0.10148163182463973,-0.011807596941440165,-11.635206026095139
views,2,2,0.08967403488319957,0.10148163182463973,-0.011807596941440165,-11.635206026095139
knowledge,11,10,0.4932071918575976,0.5074081591231987,-0.014200967265601105,-2.798726628704666
together,37,33,1.658969645339192,1.674446925106556,-0.015477279767363905,-0.9243219080460843
getting,20,18,0.8967403488319957,0.9133346864217576,-0.01659433758976192,-1.816895584550155
stay,3,3,0.13451105232479937,0.15222244773695962,-0.01771139541216024,-11.635206026095133
pushing,3,3,0.13451105232479937,0.15222244773695962,-0.01771139541216024,-11.635206026095133
looked,3,3,0.13451105232479937,0.15222244773695962,-0.01771139541216024,-11.635206026095133
vast,3,3,0.13451105232479937,0.15222244773695962,-0.01771139541216024,-11.635206026095133
zoom,3,3,0.13451105232479937,0.15222244773695962,-0.01771139541216024,-11.635206026095133
gotten,3,3,0.13451105232479937,0.15222244773695962,-0.01771139541216024,-11.635206026095133
delivered,3,3,0.13451105232479937,0.15222244773695962,-0.01771139541216024,-11.635206026095133
conference,3,3,0.13451105232479937,0.15222244773695962,-0.01771139541216024,-11.635206026095133
europe,3,3,0.13451105232479937,0.15222244773695962,-0.01771139541216024,-11.635206026095133
dropped,3,3,0.13451105232479937,0.15222244773695962,-0.01771139541216024,-11.635206026095133
goto,3,3,0.13451105232479937,0.15222244773695962,-0.01771139541216024,-11.635206026095133
living,3,3,0.13451105232479937,0.15222244773695962,-0.01771139541216024,-11.635206026095133
networking,3,3,0.13451105232479937,0.15222244773695962,-0.01771139541216024,-11.635206026095133
buying,3,3,0.13451105232479937,0.15222244773695962,-0.01771139541216024,-11.635206026095133
founding,3,3,0.13451105232479937,0.15222244773695962,-0.01771139541216024,-11.635206026095133
noticed,3,3,0.13451105232479937,0.15222244773695962,-0.01771139541216024,-11.635206026095133
competitive,3,3,0.13451105232479937,0.15222244773695962,-0.01771139541216024,-11.635206026095133
scripts,3,3,0.13451105232479937,0.15222244773695962,-0.01771139541216024,-11.635206026095133
warehouses,3,3,0.13451105232479937,0.15222244773695962,-0.01771139541216024,-11.635206026095133
common,3,3,0.13451105232479937,0.15222244773695962,-0.01771139541216024,-11.635206026095133
notebook,3,3,0.13451105232479937,0.15222244773695962,-0.01771139541216024,-11.635206026095133
structure,3,3,0.13451105232479937,0.15222244773695962,-0.01771139541216024,-11.635206026095133
knowing,3,3,0.13451105232479937,0.15222244773695962,-0.01771139541216024,-11.635206026095133
extension,3,3,0.13451105232479937,0.15222244773695962,-0.01771139541216024,-11.635206026095133
harder,3,3,0.13451105232479937,0.15222244773695962,-0.01771139541216024,-11.635206026095133
tier,3,3,0.13451105232479937,0.15222244773695962,-0.01771139541216024,-11.635206026095133
constantly,3,3,0.13451105232479937,0.15222244773695962,-0.01771139541216024,-11.635206026095133
scratch,3,3,0.13451105232479937,0.15222244773695962,-0.01771139541216024,-11.635206026095133
sides,3,3,0.13451105232479937,0.15222244773695962,-0.01771139541216024,-11.635206026095133
points,3,3,0.13451105232479937,0.15222244773695962,-0.01771139541216024,-11.635206026095133
net,3,3,0.13451105232479937,0.15222244773695962,-0.01771139541216024,-11.635206026095133
functionality,3,3,0.13451105232479937,0.15222244773695962,-0.01771139541216024,-11.635206026095133
accelerator,3,3,0.13451105232479937,0.15222244773695962,-0.01771139541216024,-11.635206026095133
devs,3,3,0.13451105232479937,0.15222244773695962,-0.01771139541216024,-11.635206026095133
updated,3,3,0.13451105232479937,0.15222244773695962,-0.01771139541216024,-11.635206026095133
losing,3,3,0.13451105232479937,0.15222244773695962,-0.01771139541216024,-11.635206026095133
report,3,3,0.13451105232479937,0.15222244773695962,-0.01771139541216024,-11.635206026095133
batch,3,3,0.13451105232479937,0.15222244773695962,-0.01771139541216024,-11.635206026095133
random,3,3,0.13451105232479937,0.15222244773695962,-0.01771139541216024,-11.635206026095133
always,12,11,0.5380442092991975,0.5581489750355185,-0.02010476573632103,-3.6020429375583167
finding,12,11,0.5380442092991975,0.5581489750355185,-0.02010476573632103,-3.6020429375583167
fear,21,19,0.9415773662735956,0.9640755023340776,-0.02249813606048201,-2.333648765684102
used,21,19,0.9415773662735956,0.9640755023340776,-0.02249813606048201,-2.333648765684102
develop,4,4,0.17934806976639914,0.20296326364927947,-0.02361519388288033,-11.635206026095139
wouldnt,4,4,0.17934806976639914,0.20296326364927947,-0.02361519388288033,-11.635206026095139
seem,4,4,0.17934806976639914,0.20296326364927947,-0.02361519388288033,-11.635206026095139
key,4,4,0.17934806976639914,0.20296326364927947,-0.02361519388288033,-11.635206026095139
proprietary,4,4,0.17934806976639914,0.20296326364927947,-0.02361519388288033,-11.635206026095139
salesforce,4,4,0.17934806976639914,0.20296326364927947,-0.02361519388288033,-11.635206026095139
quick,4,4,0.17934806976639914,0.20296326364927947,-0.02361519388288033,-11.635206026095139
required,4,4,0.17934806976639914,0.20296326364927947,-0.02361519388288033,-11.635206026095139
recent,4,4,0.17934806976639914,0.20296326364927947,-0.02361519388288033,-11.635206026095139
young,4,4,0.17934806976639914,0.20296326364927947,-0.02361519388288033,-11.635206026095139
entirely,4,4,0.17934806976639914,0.20296326364927947,-0.02361519388288033,-11.635206026095139
essential,4,4,0.17934806976639914,0.20296326364927947,-0.02361519388288033,-11.635206026095139
variety,4,4,0.17934806976639914,0.20296326364927947,-0.02361519388288033,-11.635206026095139
annual,4,4,0.17934806976639914,0.20296326364927947,-0.02361519388288033,-11.635206026095139
successfully,4,4,0.17934806976639914,0.20296326364927947,-0.02361519388288033,-11.635206026095139
anywhere,4,4,0.17934806976639914,0.20296326364927947,-0.02361519388288033,-11.635206026095139
earn,4,4,0.17934806976639914,0.20296326364927947,-0.02361519388288033,-11.635206026095139
conversion,4,4,0.17934806976639914,0.20296326364927947,-0.02361519388288033,-11.635206026095139
custom,4,4,0.17934806976639914,0.20296326364927947,-0.02361519388288033,-11.635206026095139
aim,4,4,0.17934806976639914,0.20296326364927947,-0.02361519388288033,-11.635206026095139
engineering,13,12,0.5828812267407972,0.6088897909478385,-0.02600856420704123,-4.271473194936404
store,13,12,0.5828812267407972,0.6088897909478385,-0.02600856420704123,-4.271473194936404
future,13,12,0.5828812267407972,0.6088897909478385,-0.02600856420704123,-4.271473194936404
university,13,12,0.5828812267407972,0.6088897909478385,-0.02600856420704123,-4.271473194936404
another,13,12,0.5828812267407972,0.6088897909478385,-0.02600856420704123,-4.271473194936404
word,13,12,0.5828812267407972,0.6088897909478385,-0.02600856420704123,-4.271473194936404
directory,5,5,0.22418508720799893,0.25370407956159935,-0.02951899235360042,-11.635206026095142
shared,5,5,0.22418508720799893,0.25370407956159935,-0.02951899235360042,-11.635206026095142
committed,5,5,0.22418508720799893,0.25370407956159935,-0.02951899235360042,-11.635206026095142
highly,5,5,0.22418508720799893,0.25370407956159935,-0.02951899235360042,-11.635206026095142
smaller,5,5,0.22418508720799893,0.25370407956159935,-0.02951899235360042,-11.635206026095142
coming,5,5,0.22418508720799893,0.25370407956159935,-0.02951899235360042,-11.635206026095142
case,5,5,0.22418508720799893,0.25370407956159935,-0.02951899235360042,-11.635206026095142
generate,5,5,0.22418508720799893,0.25370407956159935,-0.02951899235360042,-11.635206026095142
professionals,5,5,0.22418508720799893,0.25370407956159935,-0.02951899235360042,-11.635206026095142
solo,5,5,0.22418508720799893,0.25370407956159935,-0.02951899235360042,-11.635206026095142
operating,5,5,0.22418508720799893,0.25370407956159935,-0.02951899235360042,-11.635206026095142
natural,5,5,0.22418508720799893,0.25370407956159935,-0.02951899235360042,-11.635206026095142
computer,14,13,0.627718244182397,0.6596306068601583,-0.03191236267776132,-4.837914181948616
founders,14,13,0.627718244182397,0.6596306068601583,-0.03191236267776132,-4.837914181948616
core,14,13,0.627718244182397,0.6596306068601583,-0.03191236267776132,-4.837914181948616
help,40,36,1.7934806976639914,1.8266693728435153,-0.03318867517952384,-1.816895584550155
kind,6,6,0.26902210464959875,0.30444489547391923,-0.03542279082432048,-11.635206026095133
sharing,6,6,0.26902210464959875,0.30444489547391923,-0.03542279082432048,-11.635206026095133
organic,6,6,0.26902210464959875,0.30444489547391923,-0.03542279082432048,-11.635206026095133
fully,6,6,0.26902210464959875,0.30444489547391923,-0.03542279082432048,-11.635206026095133
sure,6,6,0.26902210464959875,0.30444489547391923,-0.03542279082432048,-11.635206026095133
keep,6,6,0.26902210464959875,0.30444489547391923,-0.03542279082432048,-11.635206026095133
faster,6,6,0.26902210464959875,0.30444489547391923,-0.03542279082432048,-11.635206026095133
shows,6,6,0.26902210464959875,0.30444489547391923,-0.03542279082432048,-11.635206026095133
december,6,6,0.26902210464959875,0.30444489547391923,-0.03542279082432048,-11.635206026095133
pay,32,29,1.434784558131193,1.4714836614572764,-0.03669910332608328,-2.494020442587756
selling,15,14,0.6725552616239968,0.7103714227724781,-0.0378161611484813,-5.323435027959068
retail,7,7,0.3138591220911985,0.35518571138623906,-0.04132658929504057,-11.635206026095139
apply,7,7,0.3138591220911985,0.35518571138623906,-0.04132658929504057,-11.635206026095139
may,7,7,0.3138591220911985,0.35518571138623906,-0.04132658929504057,-11.635206026095139
feedback,7,7,0.3138591220911985,0.35518571138623906,-0.04132658929504057,-11.635206026095139
volume,7,7,0.3138591220911985,0.35518571138623906,-0.04132658929504057,-11.635206026095139
role,7,7,0.3138591220911985,0.35518571138623906,-0.04132658929504057,-11.635206026095139
android,7,7,0.3138591220911985,0.35518571138623906,-0.04132658929504057,-11.635206026095139
opportunity,16,15,0.7173922790655965,0.761112238684798,-0.0437199596192015,-5.744219761168154
group,8,8,0.3586961395327983,0.40592652729855894,-0.04723038776576066,-11.635206026095139
front,8,8,0.3586961395327983,0.40592652729855894,-0.04723038776576066,-11.635206026095139
francisco,8,8,0.3586961395327983,0.40592652729855894,-0.04723038776576066,-11.635206026095139
b2b,8,8,0.3586961395327983,0.40592652729855894,-0.04723038776576066,-11.635206026095139
either,8,8,0.3586961395327983,0.40592652729855894,-0.04723038776576066,-11.635206026095139
creating,17,16,0.7622292965071963,0.8118530545971179,-0.04962375808992159,-6.1124064027260925
testosterone,0,1,0.0,0.05074081591231987,-0.05074081591231987,-100.0
20month,0,1,0.0,0.05074081591231987,-0.05074081591231987,-100.0
refill,0,1,0.0,0.05074081591231987,-0.05074081591231987,-100.0
httpswwwdasmerchcomkonfiguratorhttpswwwdasmerchcomkonfigurator10,0,1,0.0,0.05074081591231987,-0.05074081591231987,-100.0
mitigates,0,1,0.0,0.05074081591231987,-0.05074081591231987,-100.0
episodes,0,1,0.0,0.05074081591231987,-0.05074081591231987,-100.0
reddits,0,1,0.0,0.05074081591231987,-0.05074081591231987,-100.0
closet,0,1,0.0,0.05074081591231987,-0.05074081591231987,-100.0
meetups,0,1,0.0,0.05074081591231987,-0.05074081591231987,-100.0
counselori,0,1,0.0,0.05074081591231987,-0.05074081591231987,-100.0
chatwhile,0,1,0.0,0.05074081591231987,-0.05074081591231987,-100.0
delusion,0,1,0.0,0.05074081591231987,-0.05074081591231987,-100.0
discouraged,0,1,0.0,0.05074081591231987,-0.05074081591231987,-100.0
voices,0,1,0.0,0.05074081591231987,-0.05074081591231987,-100.0
adapted,0,1,0.0,0.05074081591231987,-0.05074081591231987,-100.0
recipes,0,1,0.0,0.05074081591231987,-0.05074081591231987,-100.0
statefederal,0,1,0.0,0.05074081591231987,-0.05074081591231987,-100.0
scuba,0,1,0.0,0.05074081591231987,-0.05074081591231987,-100.0
hamilton,0,1,0.0,0.05074081591231987,-0.05074081591231987,-100.0
coffeebreak,0,1,0.0,0.05074081591231987,-0.05074081591231987,-100.0
doordashthis,0,1,0.0,0.05074081591231987,-0.05074081591231987,-100.0
addriven,0,1,0.0,0.05074081591231987,-0.05074081591231987,-100.0
bigscreen,0,1,0.0,0.05074081591231987,-0.05074081591231987,-100.0
assign,0,1,0.0,0.05074081591231987,-0.05074081591231987,-100.0
accuracy,0,1,0.0,0.05074081591231987,-0.05074081591231987,-100.0
residentsowners,0,1,0.0,0.05074081591231987,-0.05074081591231987,-100.0
spain,0,1,0.0,0.05074081591231987,-0.05074081591231987,-100.0
arrays,0,1,0.0,0.05074081591231987,-0.05074081591231987,-100.0
yearsi,0,1,0.0,0.05074081591231987,-0.05074081591231987,-100.0
dreamed,0,1,0.0,0.05074081591231987,-0.05074081591231987,-100.0
cashwe,0,1,0.0,0.05074081591231987,-0.05074081591231987,-100.0
addressing,0,1,0.0,0.05074081591231987,-0.05074081591231987,-100.0
peoplecollabwriting,0,1,0.0,0.05074081591231987,-0.05074081591231987,-100.0
answering,0,1,0.0,0.05074081591231987,-0.05074081591231987,-100.0
forever,0,1,0.0,0.05074081591231987,-0.05074081591231987,-100.0
colour,0,1,0.0,0.05074081591231987,-0.05074081591231987,-100.0
monthslooking,0,1,0.0,0.05074081591231987,-0.05074081591231987,-100.0
uswe,0,1,0.0,0.05074081591231987,-0.05074081591231987,-100.0
backpacking,0,1,0.0,0.05074081591231987,-0.05074081591231987,-100.0
threatlastly,0,1,0.0,0.05074081591231987,-0.05074081591231987,-100.0
wellread,0,1,0.0,0.05074081591231987,-0.05074081591231987,-100.0
dressing,0,1,0.0,0.05074081591231987,-0.05074081591231987,-100.0
screenplays,0,1,0.0,0.05074081591231987,-0.05074081591231987,-100.0
parisweve,0,1,0.0,0.05074081591231987,-0.05074081591231987,-100.0
gloves,0,1,0.0,0.05074081591231987,-0.05074081591231987,-100.0
interfere,0,1,0.0,0.05074081591231987,-0.05074081591231987,-100.0
annotations,0,1,0.0,0.05074081591231987,-0.05074081591231987,-100.0
everybodys,0,1,0.0,0.05074081591231987,-0.05074081591231987,-100.0
ycalso,0,1,0.0,0.05074081591231987,-0.05074081591231987,-100.0
resorting,0,1,0.0,0.05074081591231987,-0.05074081591231987,-100.0
fps,0,1,0.0,0.05074081591231987,-0.05074081591231987,-100.0
24h,0,1,0.0,0.05074081591231987,-0.05074081591231987,-100.0
executing,0,1,0.0,0.05074081591231987,-0.05074081591231987,-100.0
cajoled,0,1,0.0,0.05074081591231987,-0.05074081591231987,-100.0
presumed,0,1,0.0,0.05074081591231987,-0.05074081591231987,-100.0
beauty,0,1,0.0,0.05074081591231987,-0.05074081591231987,-100.0
crowdfunding,0,1,0.0,0.05074081591231987,-0.05074081591231987,-100.0
microbreweries,0,1,0.0,0.05074081591231987,-0.05074081591231987,-100.0
monstrosities,0,1,0.0,0.05074081591231987,-0.05074081591231987,-100.0
symbol,0,1,0.0,0.05074081591231987,-0.05074081591231987,-100.0
10second,0,1,0.0,0.05074081591231987,-0.05074081591231987,-100.0
assessed,0,1,0.0,0.05074081591231987,-0.05074081591231987,-100.0
ends,0,1,0.0,0.05074081591231987,-0.05074081591231987,-100.0
medias,0,1,0.0,0.05074081591231987,-0.05074081591231987,-100.0
better4,0,1,0.0,0.05074081591231987,-0.05074081591231987,-100.0
intruders,0,1,0.0,0.05074081591231987,-0.05074081591231987,-100.0
squarely,0,1,0.0,0.05074081591231987,-0.05074081591231987,-100.0
scratching,0,1,0.0,0.05074081591231987,-0.05074081591231987,-100.0
othersnumber,0,1,0.0,0.05074081591231987,-0.05074081591231987,-100.0
thesis,0,1,0.0,0.05074081591231987,-0.05074081591231987,-100.0
singleplayer,0,1,0.0,0.05074081591231987,-0.05074081591231987,-100.0
allocated,0,1,0.0,0.05074081591231987,-0.05074081591231987,-100.0
royal,0,1,0.0,0.05074081591231987,-0.05074081591231987,-100.0
commoditize,0,1,0.0,0.05074081591231987,-0.05074081591231987,-100.0
morebecause,0,1,0.0,0.05074081591231987,-0.05074081591231987,-100.0
trapezeyou,0,1,0.0,0.05074081591231987,-0.05074081591231987,-100.0
looped,0,1,0.0,0.05074081591231987,-0.05074081591231987,-100.0
ouras,0,1,0.0,0.05074081591231987,-0.05074081591231987,-100.0
w2however,0,1,0.0,0.05074081591231987,-0.05074081591231987,-100.0
havens,0,1,0.0,0.05074081591231987,-0.05074081591231987,-100.0
dorm,0,1,0.0,0.05074081591231987,-0.05074081591231987,-100.0
designthe,0,1,0.0,0.05074081591231987,-0.05074081591231987,-100.0
answered,0,1,0.0,0.05074081591231987,-0.05074081591231987,-100.0
dunbars,0,1,0.0,0.05074081591231987,-0.05074081591231987,-100.0
voluntarily,0,1,0.0,0.05074081591231987,-0.05074081591231987,-100.0
76b,0,1,0.0,0.05074081591231987,-0.05074081591231987,-100.0
tophotos,0,1,0.0,0.05074081591231987,-0.05074081591231987,-100.0
cohesive,0,1,0.0,0.05074081591231987,-0.05074081591231987,-100.0
worldi,0,1,0.0,0.05074081591231987,-0.05074081591231987,-100.0
revenuefunding,0,1,0.0,0.05074081591231987,-0.05074081591231987,-100.0
recurly,0,1,0.0,0.05074081591231987,-0.05074081591231987,-100.0
progression,0,1,0.0,0.05074081591231987,-0.05074081591231987,-100.0
weddings,0,1,0.0,0.05074081591231987,-0.05074081591231987,-100.0
surface,0,1,0.0,0.05074081591231987,-0.05074081591231987,-100.0
wrap,0,1,0.0,0.05074081591231987,-0.05074081591231987,-100.0
searches,0,1,0.0,0.05074081591231987,-0.05074081591231987,-100.0
lease,0,1,0.0,0.05074081591231987,-0.05074081591231987,-100.0
treating,0,1,0.0,0.05074081591231987,-0.05074081591231987,-100.0
interim,0,1,0.0,0.05074081591231987,-0.05074081591231987,-100.0
vibrates,0,1,0.0,0.05074081591231987,-0.05074081591231987,-100.0
10b,0,1,0.0,0.05074081591231987,-0.05074081591231987,-100.0
promoter,0,1,0.0,0.05074081591231987,-0.05074081591231987,-100.0
passions,0,1,0.0,0.05074081591231987,-0.05074081591231987,-100.0
capacity,0,1,0.0,0.05074081591231987,-0.05074081591231987,-100.0
beneficial,0,1,0.0,0.05074081591231987,-0.05074081591231987,-100.0
meduring,0,1,0.0,0.05074081591231987,-0.05074081591231987,-100.0
anyreason,0,1,0.0,0.05074081591231987,-0.05074081591231987,-100.0
bigcompanies,0,1,0.0,0.05074081591231987,-0.05074081591231987,-100.0
lineup,0,1,0.0,0.05074081591231987,-0.05074081591231987,-100.0
hoc,0,1,0.0,0.05074081591231987,-0.05074081591231987,-100.0
sendowl,0,1,0.0,0.05074081591231987,-0.05074081591231987,-100.0
exploiting,0,1,0.0,0.05074081591231987,-0.05074081591231987,-100.0
ranking,0,1,0.0,0.05074081591231987,-0.05074081591231987,-100.0
empathize,0,1,0.0,0.05074081591231987,-0.05074081591231987,-100.0
alumnus,0,1,0.0,0.05074081591231987,-0.05074081591231987,-100.0
threatened,0,1,0.0,0.05074081591231987,-0.05074081591231987,-100.0
swedish,0,1,0.0,0.05074081591231987,-0.05074081591231987,-100.0
furtherim,0,1,0.0,0.05074081591231987,-0.05074081591231987,-100.0
expiration,0,1,0.0,0.05074081591231987,-0.05074081591231987,-100.0
fingertips,0,1,0.0,0.05074081591231987,-0.05074081591231987,-100.0
goeswe,0,1,0.0,0.05074081591231987,-0.05074081591231987,-100.0
counterfeiting,0,1,0.0,0.05074081591231987,-0.05074081591231987,-100.0
watched,0,1,0.0,0.05074081591231987,-0.05074081591231987,-100.0
confirmed,0,1,0.0,0.05074081591231987,-0.05074081591231987,-100.0
stating,0,1,0.0,0.05074081591231987,-0.05074081591231987,-100.0
fundersclub,0,1,0.0,0.05074081591231987,-0.05074081591231987,-100.0
weekat,0,1,0.0,0.05074081591231987,-0.05074081591231987,-100.0
simplicity,0,1,0.0,0.05074081591231987,-0.05074081591231987,-100.0
somebody,0,1,0.0,0.05074081591231987,-0.05074081591231987,-100.0
browsers,0,1,0.0,0.05074081591231987,-0.05074081591231987,-100.0
kingdom,0,1,0.0,0.05074081591231987,-0.05074081591231987,-100.0
unthinkable,0,1,0.0,0.05074081591231987,-0.05074081591231987,-100.0
beliefs,0,1,0.0,0.05074081591231987,-0.05074081591231987,-100.0
fly,0,1,0.0,0.05074081591231987,-0.05074081591231987,-100.0
20byear,0,1,0.0,0.05074081591231987,-0.05074081591231987,-100.0
haskellive,0,1,0.0,0.05074081591231987,-0.05074081591231987,-100.0
cope,0,1,0.0,0.05074081591231987,-0.05074081591231987,-100.0
35m,0,1,0.0,0.05074081591231987,-0.05074081591231987,-100.0
enlightenment,0,1,0.0,0.05074081591231987,-0.05074081591231987,-100.0
mamadov,0,1,0.0,0.05074081591231987,-0.05074081591231987,-100.0
pipes,0,1,0.0,0.05074081591231987,-0.05074081591231987,-100.0
problemspain,0,1,0.0,0.05074081591231987,-0.05074081591231987,-100.0
patients,0,1,0.0,0.05074081591231987,-0.05074081591231987,-100.0
s18recently,0,1,0.0,0.05074081591231987,-0.05074081591231987,-100.0
30m,0,1,0.0,0.05074081591231987,-0.05074081591231987,-100.0
execution,0,1,0.0,0.05074081591231987,-0.05074081591231987,-100.0
15kquarter,0,1,0.0,0.05074081591231987,-0.05074081591231987,-100.0
faces,0,1,0.0,0.05074081591231987,-0.05074081591231987,-100.0
below1,0,1,0.0,0.05074081591231987,-0.05074081591231987,-100.0
yetin,0,1,0.0,0.05074081591231987,-0.05074081591231987,-100.0
segmentcomhttpsegmentcom,0,1,0.0,0.05074081591231987,-0.05074081591231987,-100.0
dayweek,0,1,0.0,0.05074081591231987,-0.05074081591231987,-100.0
onepage,0,1,0.0,0.05074081591231987,-0.05074081591231987,-100.0
taxi,0,1,0.0,0.05074081591231987,-0.05074081591231987,-100.0
outputting,0,1,0.0,0.05074081591231987,-0.05074081591231987,-100.0
writerdirector,0,1,0.0,0.05074081591231987,-0.05074081591231987,-100.0
transformation,0,1,0.0,0.05074081591231987,-0.05074081591231987,-100.0
earlystage,0,1,0.0,0.05074081591231987,-0.05074081591231987,-100.0
webscraping,0,1,0.0,0.05074081591231987,-0.05074081591231987,-100.0
etcyou,0,1,0.0,0.05074081591231987,-0.05074081591231987,-100.0
pharmacy,0,1,0.0,0.05074081591231987,-0.05074081591231987,-100.0
scores,0,1,0.0,0.05074081591231987,-0.05074081591231987,-100.0
5photo,0,1,0.0,0.05074081591231987,-0.05074081591231987,-100.0
magically,0,1,0.0,0.05074081591231987,-0.05074081591231987,-100.0
awario,0,1,0.0,0.05074081591231987,-0.05074081591231987,-100.0
operationally,0,1,0.0,0.05074081591231987,-0.05074081591231987,-100.0
addwatermarkswithout,0,1,0.0,0.05074081591231987,-0.05074081591231987,-100.0
apple1,0,1,0.0,0.05074081591231987,-0.05074081591231987,-100.0
giphy,0,1,0.0,0.05074081591231987,-0.05074081591231987,-100.0
embracing,0,1,0.0,0.05074081591231987,-0.05074081591231987,-100.0
likes,0,1,0.0,0.05074081591231987,-0.05074081591231987,-100.0
ratewe,0,1,0.0,0.05074081591231987,-0.05074081591231987,-100.0
hub,0,1,0.0,0.05074081591231987,-0.05074081591231987,-100.0
charges,0,1,0.0,0.05074081591231987,-0.05074081591231987,-100.0
feedbacksnap,0,1,0.0,0.05074081591231987,-0.05074081591231987,-100.0
httpshostedcicomits,0,1,0.0,0.05074081591231987,-0.05074081591231987,-100.0
21st,0,1,0.0,0.05074081591231987,-0.05074081591231987,-100.0
uptodate,0,1,0.0,0.05074081591231987,-0.05074081591231987,-100.0
httpwwwdaniellemorrillcomthestartupindex,0,1,0.0,0.05074081591231987,-0.05074081591231987,-100.0
residual,0,1,0.0,0.05074081591231987,-0.05074081591231987,-100.0
answers,0,1,0.0,0.05074081591231987,-0.05074081591231987,-100.0
laude,0,1,0.0,0.05074081591231987,-0.05074081591231987,-100.0
cart,0,1,0.0,0.05074081591231987,-0.05074081591231987,-100.0
historical,0,1,0.0,0.05074081591231987,-0.05074081591231987,-100.0
storm,0,1,0.0,0.05074081591231987,-0.05074081591231987,-100.0
timet3,0,1,0.0,0.05074081591231987,-0.05074081591231987,-100.0
curatorthen,0,1,0.0,0.05074081591231987,-0.05074081591231987,-100.0
monetise,0,1,0.0,0.05074081591231987,-0.05074081591231987,-100.0
guess,0,1,0.0,0.05074081591231987,-0.05074081591231987,-100.0
sobre,0,1,0.0,0.05074081591231987,-0.05074081591231987,-100.0
plasma,0,1,0.0,0.05074081591231987,-0.05074081591231987,-100.0
wholeheartedly,0,1,0.0,0.05074081591231987,-0.05074081591231987,-100.0
swap,0,1,0.0,0.05074081591231987,-0.05074081591231987,-100.0
delphi,0,1,0.0,0.05074081591231987,-0.05074081591231987,-100.0
perseverance,0,1,0.0,0.05074081591231987,-0.05074081591231987,-100.0
73m,0,1,0.0,0.05074081591231987,-0.05074081591231987,-100.0
ips,0,1,0.0,0.05074081591231987,-0.05074081591231987,-100.0
cheated,0,1,0.0,0.05074081591231987,-0.05074081591231987,-100.0
equal,0,1,0.0,0.05074081591231987,-0.05074081591231987,-100.0
shoppers,0,1,0.0,0.05074081591231987,-0.05074081591231987,-100.0
tldr,0,1,0.0,0.05074081591231987,-0.05074081591231987,-100.0
httpsnewsycombinatorcomitemid13405472,0,1,0.0,0.05074081591231987,-0.05074081591231987,-100.0
resolutionclear,0,1,0.0,0.05074081591231987,-0.05074081591231987,-100.0
streamers,0,1,0.0,0.05074081591231987,-0.05074081591231987,-100.0
21m,0,1,0.0,0.05074081591231987,-0.05074081591231987,-100.0
massour,0,1,0.0,0.05074081591231987,-0.05074081591231987,-100.0
displaced,0,1,0.0,0.05074081591231987,-0.05074081591231987,-100.0
stands,0,1,0.0,0.05074081591231987,-0.05074081591231987,-100.0
enhanced,0,1,0.0,0.05074081591231987,-0.05074081591231987,-100.0
macro,0,1,0.0,0.05074081591231987,-0.05074081591231987,-100.0
nearbywe,0,1,0.0,0.05074081591231987,-0.05074081591231987,-100.0
user2,0,1,0.0,0.05074081591231987,-0.05074081591231987,-100.0
systemmy,0,1,0.0,0.05074081591231987,-0.05074081591231987,-100.0
157k,0,1,0.0,0.05074081591231987,-0.05074081591231987,-100.0
d2k,0,1,0.0,0.05074081591231987,-0.05074081591231987,-100.0
visualiser,0,1,0.0,0.05074081591231987,-0.05074081591231987,-100.0
avodo,0,1,0.0,0.05074081591231987,-0.05074081591231987,-100.0
sacrificed,0,1,0.0,0.05074081591231987,-0.05074081591231987,-100.0
urgent,0,1,0.0,0.05074081591231987,-0.05074081591231987,-100.0
estimations,0,1,0.0,0.05074081591231987,-0.05074081591231987,-100.0
boat,0,1,0.0,0.05074081591231987,-0.05074081591231987,-100.0
stupidly,0,1,0.0,0.05074081591231987,-0.05074081591231987,-100.0
kurt,0,1,0.0,0.05074081591231987,-0.05074081591231987,-100.0
themfreelancers,0,1,0.0,0.05074081591231987,-0.05074081591231987,-100.0
located,0,1,0.0,0.05074081591231987,-0.05074081591231987,-100.0
exchanges,0,1,0.0,0.05074081591231987,-0.05074081591231987,-100.0
team3,0,1,0.0,0.05074081591231987,-0.05074081591231987,-100.0
occurring,0,1,0.0,0.05074081591231987,-0.05074081591231987,-100.0
badly,0,1,0.0,0.05074081591231987,-0.05074081591231987,-100.0
infer,0,1,0.0,0.05074081591231987,-0.05074081591231987,-100.0
whitepaper,0,1,0.0,0.05074081591231987,-0.05074081591231987,-100.0
ascension,0,1,0.0,0.05074081591231987,-0.05074081591231987,-100.0
refused,0,1,0.0,0.05074081591231987,-0.05074081591231987,-100.0
hariharan,0,1,0.0,0.05074081591231987,-0.05074081591231987,-100.0
teams4,0,1,0.0,0.05074081591231987,-0.05074081591231987,-100.0
contrast,0,1,0.0,0.05074081591231987,-0.05074081591231987,-100.0
tumours,0,1,0.0,0.05074081591231987,-0.05074081591231987,-100.0
restaurant,0,1,0.0,0.05074081591231987,-0.05074081591231987,-100.0
minimise,0,1,0.0,0.05074081591231987,-0.05074081591231987,-100.0
diy,0,1,0.0,0.05074081591231987,-0.05074081591231987,-100.0
scour,0,1,0.0,0.05074081591231987,-0.05074081591231987,-100.0
specificationscope,0,1,0.0,0.05074081591231987,-0.05074081591231987,-100.0
selfeducation,0,1,0.0,0.05074081591231987,-0.05074081591231987,-100.0
tissue,0,1,0.0,0.05074081591231987,-0.05074081591231987,-100.0
powerfor,0,1,0.0,0.05074081591231987,-0.05074081591231987,-100.0
surgery,0,1,0.0,0.05074081591231987,-0.05074081591231987,-100.0
banning,0,1,0.0,0.05074081591231987,-0.05074081591231987,-100.0
dispatch,0,1,0.0,0.05074081591231987,-0.05074081591231987,-100.0
refer,0,1,0.0,0.05074081591231987,-0.05074081591231987,-100.0
appreciate,0,1,0.0,0.05074081591231987,-0.05074081591231987,-100.0
carefully,0,1,0.0,0.05074081591231987,-0.05074081591231987,-100.0
approachi,0,1,0.0,0.05074081591231987,-0.05074081591231987,-100.0
photosession,0,1,0.0,0.05074081591231987,-0.05074081591231987,-100.0
compounds,0,1,0.0,0.05074081591231987,-0.05074081591231987,-100.0
principle,0,1,0.0,0.05074081591231987,-0.05074081591231987,-100.0
zaczac,0,1,0.0,0.05074081591231987,-0.05074081591231987,-100.0
alignment,0,1,0.0,0.05074081591231987,-0.05074081591231987,-100.0
etcetera,0,1,0.0,0.05074081591231987,-0.05074081591231987,-100.0
tweaking,0,1,0.0,0.05074081591231987,-0.05074081591231987,-100.0
uncontacted,0,1,0.0,0.05074081591231987,-0.05074081591231987,-100.0
bufferleo,0,1,0.0,0.05074081591231987,-0.05074081591231987,-100.0
stalls,0,1,0.0,0.05074081591231987,-0.05074081591231987,-100.0
optional,0,1,0.0,0.05074081591231987,-0.05074081591231987,-100.0
etcheres,0,1,0.0,0.05074081591231987,-0.05074081591231987,-100.0
lockstep,0,1,0.0,0.05074081591231987,-0.05074081591231987,-100.0
overcomes,0,1,0.0,0.05074081591231987,-0.05074081591231987,-100.0
peoplefrom,0,1,0.0,0.05074081591231987,-0.05074081591231987,-100.0
arrat,0,1,0.0,0.05074081591231987,-0.05074081591231987,-100.0
patented,0,1,0.0,0.05074081591231987,-0.05074081591231987,-100.0
httpshackgtupcdevpostcom,0,1,0.0,0.05074081591231987,-0.05074081591231987,-100.0
hospitals,0,1,0.0,0.05074081591231987,-0.05074081591231987,-100.0
southwest,0,1,0.0,0.05074081591231987,-0.05074081591231987,-100.0
reporting,0,1,0.0,0.05074081591231987,-0.05074081591231987,-100.0
perpetual,0,1,0.0,0.05074081591231987,-0.05074081591231987,-100.0
createtheres,0,1,0.0,0.05074081591231987,-0.05074081591231987,-100.0
intercomio,0,1,0.0,0.05074081591231987,-0.05074081591231987,-100.0
hype,0,1,0.0,0.05074081591231987,-0.05074081591231987,-100.0
unfettered,0,1,0.0,0.05074081591231987,-0.05074081591231987,-100.0
rush,0,1,0.0,0.05074081591231987,-0.05074081591231987,-100.0
linguisticsform,0,1,0.0,0.05074081591231987,-0.05074081591231987,-100.0
alexes,0,1,0.0,0.05074081591231987,-0.05074081591231987,-100.0
30b,0,1,0.0,0.05074081591231987,-0.05074081591231987,-100.0
drinks,0,1,0.0,0.05074081591231987,-0.05074081591231987,-100.0
elsei,0,1,0.0,0.05074081591231987,-0.05074081591231987,-100.0
chamber,0,1,0.0,0.05074081591231987,-0.05074081591231987,-100.0
tired,0,1,0.0,0.05074081591231987,-0.05074081591231987,-100.0
harpercollins,0,1,0.0,0.05074081591231987,-0.05074081591231987,-100.0
enabled,0,1,0.0,0.05074081591231987,-0.05074081591231987,-100.0
ideamarvin,0,1,0.0,0.05074081591231987,-0.05074081591231987,-100.0
realityto,0,1,0.0,0.05074081591231987,-0.05074081591231987,-100.0
summarizing,0,1,0.0,0.05074081591231987,-0.05074081591231987,-100.0
exclusivity,0,1,0.0,0.05074081591231987,-0.05074081591231987,-100.0
unix,0,1,0.0,0.05074081591231987,-0.05074081591231987,-100.0
swiggy,0,1,0.0,0.05074081591231987,-0.05074081591231987,-100.0
yogacom,0,1,0.0,0.05074081591231987,-0.05074081591231987,-100.0
uni23grams,0,1,0.0,0.05074081591231987,-0.05074081591231987,-100.0
edinburgh,0,1,0.0,0.05074081591231987,-0.05074081591231987,-100.0
liethe,0,1,0.0,0.05074081591231987,-0.05074081591231987,-100.0
outofprintfindercom,0,1,0.0,0.05074081591231987,-0.05074081591231987,-100.0
ecosystemyou,0,1,0.0,0.05074081591231987,-0.05074081591231987,-100.0
194m,0,1,0.0,0.05074081591231987,-0.05074081591231987,-100.0
enormously,0,1,0.0,0.05074081591231987,-0.05074081591231987,-100.0
sprout,0,1,0.0,0.05074081591231987,-0.05074081591231987,-100.0
hewlett,0,1,0.0,0.05074081591231987,-0.05074081591231987,-100.0
vegetative,0,1,0.0,0.05074081591231987,-0.05074081591231987,-100.0
assigns,0,1,0.0,0.05074081591231987,-0.05074081591231987,-100.0
neatly,0,1,0.0,0.05074081591231987,-0.05074081591231987,-100.0
managementmore,0,1,0.0,0.05074081591231987,-0.05074081591231987,-100.0
promoters,0,1,0.0,0.05074081591231987,-0.05074081591231987,-100.0
welllabeled,0,1,0.0,0.05074081591231987,-0.05074081591231987,-100.0
robert,0,1,0.0,0.05074081591231987,-0.05074081591231987,-100.0
processdriven,0,1,0.0,0.05074081591231987,-0.05074081591231987,-100.0
ablation,0,1,0.0,0.05074081591231987,-0.05074081591231987,-100.0
pharma12,0,1,0.0,0.05074081591231987,-0.05074081591231987,-100.0
punished,0,1,0.0,0.05074081591231987,-0.05074081591231987,-100.0
netatmo,0,1,0.0,0.05074081591231987,-0.05074081591231987,-100.0
upsellsthe,0,1,0.0,0.05074081591231987,-0.05074081591231987,-100.0
healthtracking,0,1,0.0,0.05074081591231987,-0.05074081591231987,-100.0
canvasyou,0,1,0.0,0.05074081591231987,-0.05074081591231987,-100.0
dodging,0,1,0.0,0.05074081591231987,-0.05074081591231987,-100.0
wayjust,0,1,0.0,0.05074081591231987,-0.05074081591231987,-100.0
operator,0,1,0.0,0.05074081591231987,-0.05074081591231987,-100.0
httpsmediumcomfactmataintroducingfactmataartificialintelligenceforpoliticalfactcheckingdb8acdbf4cf1,0,1,0.0,0.05074081591231987,-0.05074081591231987,-100.0
commodities,0,1,0.0,0.05074081591231987,-0.05074081591231987,-100.0
brush,0,1,0.0,0.05074081591231987,-0.05074081591231987,-100.0
founderspeak,0,1,0.0,0.05074081591231987,-0.05074081591231987,-100.0
experiencing,0,1,0.0,0.05074081591231987,-0.05074081591231987,-100.0
meaningfully,0,1,0.0,0.05074081591231987,-0.05074081591231987,-100.0
connor,0,1,0.0,0.05074081591231987,-0.05074081591231987,-100.0
spokane,0,1,0.0,0.05074081591231987,-0.05074081591231987,-100.0
freehand,0,1,0.0,0.05074081591231987,-0.05074081591231987,-100.0
indicate,0,1,0.0,0.05074081591231987,-0.05074081591231987,-100.0
straight,0,1,0.0,0.05074081591231987,-0.05074081591231987,-100.0
predictable,0,1,0.0,0.05074081591231987,-0.05074081591231987,-100.0
problemmain,0,1,0.0,0.05074081591231987,-0.05074081591231987,-100.0
coaches2,0,1,0.0,0.05074081591231987,-0.05074081591231987,-100.0
cleanly,0,1,0.0,0.05074081591231987,-0.05074081591231987,-100.0
solutionin,0,1,0.0,0.05074081591231987,-0.05074081591231987,-100.0
render,0,1,0.0,0.05074081591231987,-0.05074081591231987,-100.0
serversif,0,1,0.0,0.05074081591231987,-0.05074081591231987,-100.0
prioritize,0,1,0.0,0.05074081591231987,-0.05074081591231987,-100.0
pheidippides,0,1,0.0,0.05074081591231987,-0.05074081591231987,-100.0
aggregation,0,1,0.0,0.05074081591231987,-0.05074081591231987,-100.0
companywide,0,1,0.0,0.05074081591231987,-0.05074081591231987,-100.0
lucrative,0,1,0.0,0.05074081591231987,-0.05074081591231987,-100.0
specifics,0,1,0.0,0.05074081591231987,-0.05074081591231987,-100.0
implicit,0,1,0.0,0.05074081591231987,-0.05074081591231987,-100.0
specialpurpose,0,1,0.0,0.05074081591231987,-0.05074081591231987,-100.0
midweek,0,1,0.0,0.05074081591231987,-0.05074081591231987,-100.0
aloneif,0,1,0.0,0.05074081591231987,-0.05074081591231987,-100.0
aging,0,1,0.0,0.05074081591231987,-0.05074081591231987,-100.0
workfor,0,1,0.0,0.05074081591231987,-0.05074081591231987,-100.0
httpswwwpmalertscomlisteners,0,1,0.0,0.05074081591231987,-0.05074081591231987,-100.0
httpsdropyourswapcomnow,0,1,0.0,0.05074081591231987,-0.05074081591231987,-100.0
factual,0,1,0.0,0.05074081591231987,-0.05074081591231987,-100.0
httpsyoutube3wtqkulveq,0,1,0.0,0.05074081591231987,-0.05074081591231987,-100.0
pointers,0,1,0.0,0.05074081591231987,-0.05074081591231987,-100.0
averaged,0,1,0.0,0.05074081591231987,-0.05074081591231987,-100.0
freelancerswhy,0,1,0.0,0.05074081591231987,-0.05074081591231987,-100.0
avoidancereducing,0,1,0.0,0.05074081591231987,-0.05074081591231987,-100.0
xnorai,0,1,0.0,0.05074081591231987,-0.05074081591231987,-100.0
ride,0,1,0.0,0.05074081591231987,-0.05074081591231987,-100.0
leadgen,0,1,0.0,0.05074081591231987,-0.05074081591231987,-100.0
included,0,1,0.0,0.05074081591231987,-0.05074081591231987,-100.0
httpswwwveedio,0,1,0.0,0.05074081591231987,-0.05074081591231987,-100.0
ideaspeople,0,1,0.0,0.05074081591231987,-0.05074081591231987,-100.0
yogafindercom,0,1,0.0,0.05074081591231987,-0.05074081591231987,-100.0
androidiosairbnb,0,1,0.0,0.05074081591231987,-0.05074081591231987,-100.0
daywith,0,1,0.0,0.05074081591231987,-0.05074081591231987,-100.0
httpwwwsnopescom,0,1,0.0,0.05074081591231987,-0.05074081591231987,-100.0
seoul,0,1,0.0,0.05074081591231987,-0.05074081591231987,-100.0
robinhood,0,1,0.0,0.05074081591231987,-0.05074081591231987,-100.0
birmingham,0,1,0.0,0.05074081591231987,-0.05074081591231987,-100.0
machismo,0,1,0.0,0.05074081591231987,-0.05074081591231987,-100.0
wanting,0,1,0.0,0.05074081591231987,-0.05074081591231987,-100.0
ouraring,0,1,0.0,0.05074081591231987,-0.05074081591231987,-100.0
fte,0,1,0.0,0.05074081591231987,-0.05074081591231987,-100.0
programthis,0,1,0.0,0.05074081591231987,-0.05074081591231987,-100.0
hoa,0,1,0.0,0.05074081591231987,-0.05074081591231987,-100.0
swallow,0,1,0.0,0.05074081591231987,-0.05074081591231987,-100.0
freelancerlong,0,1,0.0,0.05074081591231987,-0.05074081591231987,-100.0
chosen,0,1,0.0,0.05074081591231987,-0.05074081591231987,-100.0
simula4,0,1,0.0,0.05074081591231987,-0.05074081591231987,-100.0
summers,0,1,0.0,0.05074081591231987,-0.05074081591231987,-100.0
malformations,0,1,0.0,0.05074081591231987,-0.05074081591231987,-100.0
style,0,1,0.0,0.05074081591231987,-0.05074081591231987,-100.0
monetizable,0,1,0.0,0.05074081591231987,-0.05074081591231987,-100.0
wade,0,1,0.0,0.05074081591231987,-0.05074081591231987,-100.0
00s,0,1,0.0,0.05074081591231987,-0.05074081591231987,-100.0
gotomarket,0,1,0.0,0.05074081591231987,-0.05074081591231987,-100.0
together9,0,1,0.0,0.05074081591231987,-0.05074081591231987,-100.0
httpsgithubcomsimulavrsimula,0,1,0.0,0.05074081591231987,-0.05074081591231987,-100.0
constituency,0,1,0.0,0.05074081591231987,-0.05074081591231987,-100.0
filmmaker,0,1,0.0,0.05074081591231987,-0.05074081591231987,-100.0
falls,0,1,0.0,0.05074081591231987,-0.05074081591231987,-100.0
wantand,0,1,0.0,0.05074081591231987,-0.05074081591231987,-100.0
recruitingtalent,0,1,0.0,0.05074081591231987,-0.05074081591231987,-100.0
appearing,0,1,0.0,0.05074081591231987,-0.05074081591231987,-100.0
png,0,1,0.0,0.05074081591231987,-0.05074081591231987,-100.0
mac,0,1,0.0,0.05074081591231987,-0.05074081591231987,-100.0
sad,0,1,0.0,0.05074081591231987,-0.05074081591231987,-100.0
resourcefulness,0,1,0.0,0.05074081591231987,-0.05074081591231987,-100.0
ftes,0,1,0.0,0.05074081591231987,-0.05074081591231987,-100.0
radical,0,1,0.0,0.05074081591231987,-0.05074081591231987,-100.0
bottomsup,0,1,0.0,0.05074081591231987,-0.05074081591231987,-100.0
devicesecurity,0,1,0.0,0.05074081591231987,-0.05074081591231987,-100.0
b2c,0,1,0.0,0.05074081591231987,-0.05074081591231987,-100.0
intelligencenishchal,0,1,0.0,0.05074081591231987,-0.05074081591231987,-100.0
ycw18,0,1,0.0,0.05074081591231987,-0.05074081591231987,-100.0
extract,0,1,0.0,0.05074081591231987,-0.05074081591231987,-100.0
togetheras,0,1,0.0,0.05074081591231987,-0.05074081591231987,-100.0
pricea,0,1,0.0,0.05074081591231987,-0.05074081591231987,-100.0
superpowers,0,1,0.0,0.05074081591231987,-0.05074081591231987,-100.0
snapdocs,0,1,0.0,0.05074081591231987,-0.05074081591231987,-100.0
attached,0,1,0.0,0.05074081591231987,-0.05074081591231987,-100.0
podcastshacker,0,1,0.0,0.05074081591231987,-0.05074081591231987,-100.0
subscribe,0,1,0.0,0.05074081591231987,-0.05074081591231987,-100.0
fundraising,0,1,0.0,0.05074081591231987,-0.05074081591231987,-100.0
madeother,0,1,0.0,0.05074081591231987,-0.05074081591231987,-100.0
paragraph,0,1,0.0,0.05074081591231987,-0.05074081591231987,-100.0
terrain,0,1,0.0,0.05074081591231987,-0.05074081591231987,-100.0
fasternishchal,0,1,0.0,0.05074081591231987,-0.05074081591231987,-100.0
anchor,0,1,0.0,0.05074081591231987,-0.05074081591231987,-100.0
1hrdaycurrent,0,1,0.0,0.05074081591231987,-0.05074081591231987,-100.0
journalist,0,1,0.0,0.05074081591231987,-0.05074081591231987,-100.0
wondering,0,1,0.0,0.05074081591231987,-0.05074081591231987,-100.0
fintech,0,1,0.0,0.05074081591231987,-0.05074081591231987,-100.0
resumes,0,1,0.0,0.05074081591231987,-0.05074081591231987,-100.0
homewe,0,1,0.0,0.05074081591231987,-0.05074081591231987,-100.0
techs,0,1,0.0,0.05074081591231987,-0.05074081591231987,-100.0
pollinate,0,1,0.0,0.05074081591231987,-0.05074081591231987,-100.0
visualisationsyou,0,1,0.0,0.05074081591231987,-0.05074081591231987,-100.0
territory,0,1,0.0,0.05074081591231987,-0.05074081591231987,-100.0
leap,0,1,0.0,0.05074081591231987,-0.05074081591231987,-100.0
300m,0,1,0.0,0.05074081591231987,-0.05074081591231987,-100.0
kpop,0,1,0.0,0.05074081591231987,-0.05074081591231987,-100.0
navigatorgumroad,0,1,0.0,0.05074081591231987,-0.05074081591231987,-100.0
blogposts,0,1,0.0,0.05074081591231987,-0.05074081591231987,-100.0
subject,0,1,0.0,0.05074081591231987,-0.05074081591231987,-100.0
httpswwwkarmafmpyinkgvwhowtosellbytylerbosmeny,0,1,0.0,0.05074081591231987,-0.05074081591231987,-100.0
200mo,0,1,0.0,0.05074081591231987,-0.05074081591231987,-100.0
skeletons,0,1,0.0,0.05074081591231987,-0.05074081591231987,-100.0
expectancy,0,1,0.0,0.05074081591231987,-0.05074081591231987,-100.0
lineobserving,0,1,0.0,0.05074081591231987,-0.05074081591231987,-100.0
salesforceif,0,1,0.0,0.05074081591231987,-0.05074081591231987,-100.0
45month,0,1,0.0,0.05074081591231987,-0.05074081591231987,-100.0
enthusiastically,0,1,0.0,0.05074081591231987,-0.05074081591231987,-100.0
endless,0,1,0.0,0.05074081591231987,-0.05074081591231987,-100.0
farcurrently,0,1,0.0,0.05074081591231987,-0.05074081591231987,-100.0
interchangeably,0,1,0.0,0.05074081591231987,-0.05074081591231987,-100.0
hackgtupc,0,1,0.0,0.05074081591231987,-0.05074081591231987,-100.0
etcwith,0,1,0.0,0.05074081591231987,-0.05074081591231987,-100.0
sampling,0,1,0.0,0.05074081591231987,-0.05074081591231987,-100.0
ending,0,1,0.0,0.05074081591231987,-0.05074081591231987,-100.0
attributing,0,1,0.0,0.05074081591231987,-0.05074081591231987,-100.0
truthful,0,1,0.0,0.05074081591231987,-0.05074081591231987,-100.0
ultrarunning,0,1,0.0,0.05074081591231987,-0.05074081591231987,-100.0
bounced,0,1,0.0,0.05074081591231987,-0.05074081591231987,-100.0
govt,0,1,0.0,0.05074081591231987,-0.05074081591231987,-100.0
a12month,0,1,0.0,0.05074081591231987,-0.05074081591231987,-100.0
rolo,0,1,0.0,0.05074081591231987,-0.05074081591231987,-100.0
rankings,0,1,0.0,0.05074081591231987,-0.05074081591231987,-100.0
mouthwe,0,1,0.0,0.05074081591231987,-0.05074081591231987,-100.0
selfmotivated,0,1,0.0,0.05074081591231987,-0.05074081591231987,-100.0
users5,0,1,0.0,0.05074081591231987,-0.05074081591231987,-100.0
mennonite,0,1,0.0,0.05074081591231987,-0.05074081591231987,-100.0
injustice,0,1,0.0,0.05074081591231987,-0.05074081591231987,-100.0
agopic,0,1,0.0,0.05074081591231987,-0.05074081591231987,-100.0
sheet,0,1,0.0,0.05074081591231987,-0.05074081591231987,-100.0
nounspeech,0,1,0.0,0.05074081591231987,-0.05074081591231987,-100.0
worktask,0,1,0.0,0.05074081591231987,-0.05074081591231987,-100.0
httpswwwmemoirsharecom,0,1,0.0,0.05074081591231987,-0.05074081591231987,-100.0
pubs,0,1,0.0,0.05074081591231987,-0.05074081591231987,-100.0
tareasplus,0,1,0.0,0.05074081591231987,-0.05074081591231987,-100.0
parsing,0,1,0.0,0.05074081591231987,-0.05074081591231987,-100.0
freelancersnot,0,1,0.0,0.05074081591231987,-0.05074081591231987,-100.0
w2w,0,1,0.0,0.05074081591231987,-0.05074081591231987,-100.0
resultsfor,0,1,0.0,0.05074081591231987,-0.05074081591231987,-100.0
repeated,0,1,0.0,0.05074081591231987,-0.05074081591231987,-100.0
instragram,0,1,0.0,0.05074081591231987,-0.05074081591231987,-100.0
selfdestructive,0,1,0.0,0.05074081591231987,-0.05074081591231987,-100.0
hills,0,1,0.0,0.05074081591231987,-0.05074081591231987,-100.0
imagebased,0,1,0.0,0.05074081591231987,-0.05074081591231987,-100.0
razor,0,1,0.0,0.05074081591231987,-0.05074081591231987,-100.0
staring,0,1,0.0,0.05074081591231987,-0.05074081591231987,-100.0
congressional,0,1,0.0,0.05074081591231987,-0.05074081591231987,-100.0
adjusting,0,1,0.0,0.05074081591231987,-0.05074081591231987,-100.0
computers2,0,1,0.0,0.05074081591231987,-0.05074081591231987,-100.0
adfree,0,1,0.0,0.05074081591231987,-0.05074081591231987,-100.0
backbone,0,1,0.0,0.05074081591231987,-0.05074081591231987,-100.0
persons,0,1,0.0,0.05074081591231987,-0.05074081591231987,-100.0
portals,0,1,0.0,0.05074081591231987,-0.05074081591231987,-100.0
toptal,0,1,0.0,0.05074081591231987,-0.05074081591231987,-100.0
lastmile,0,1,0.0,0.05074081591231987,-0.05074081591231987,-100.0
urgently,0,1,0.0,0.05074081591231987,-0.05074081591231987,-100.0
detecting,0,1,0.0,0.05074081591231987,-0.05074081591231987,-100.0
suit,0,1,0.0,0.05074081591231987,-0.05074081591231987,-100.0
abominations,0,1,0.0,0.05074081591231987,-0.05074081591231987,-100.0
indeveloping,0,1,0.0,0.05074081591231987,-0.05074081591231987,-100.0
nine,0,1,0.0,0.05074081591231987,-0.05074081591231987,-100.0
thereevery,0,1,0.0,0.05074081591231987,-0.05074081591231987,-100.0
dairy,0,1,0.0,0.05074081591231987,-0.05074081591231987,-100.0
flashcard,0,1,0.0,0.05074081591231987,-0.05074081591231987,-100.0
benefitsbecause,0,1,0.0,0.05074081591231987,-0.05074081591231987,-100.0
tinderwe,0,1,0.0,0.05074081591231987,-0.05074081591231987,-100.0
roadblockshiring,0,1,0.0,0.05074081591231987,-0.05074081591231987,-100.0
499month,0,1,0.0,0.05074081591231987,-0.05074081591231987,-100.0
premade,0,1,0.0,0.05074081591231987,-0.05074081591231987,-100.0
oneoff,0,1,0.0,0.05074081591231987,-0.05074081591231987,-100.0
commisionbased,0,1,0.0,0.05074081591231987,-0.05074081591231987,-100.0
staythis,0,1,0.0,0.05074081591231987,-0.05074081591231987,-100.0
dig,0,1,0.0,0.05074081591231987,-0.05074081591231987,-100.0
predefined,0,1,0.0,0.05074081591231987,-0.05074081591231987,-100.0
multipurpose,0,1,0.0,0.05074081591231987,-0.05074081591231987,-100.0
preorder,0,1,0.0,0.05074081591231987,-0.05074081591231987,-100.0
neural,0,1,0.0,0.05074081591231987,-0.05074081591231987,-100.0
simon,0,1,0.0,0.05074081591231987,-0.05074081591231987,-100.0
animation,0,1,0.0,0.05074081591231987,-0.05074081591231987,-100.0
gigster,0,1,0.0,0.05074081591231987,-0.05074081591231987,-100.0
webservices,0,1,0.0,0.05074081591231987,-0.05074081591231987,-100.0
mix,0,1,0.0,0.05074081591231987,-0.05074081591231987,-100.0
tape,0,1,0.0,0.05074081591231987,-0.05074081591231987,-100.0
mvps,0,1,0.0,0.05074081591231987,-0.05074081591231987,-100.0
wepay,0,1,0.0,0.05074081591231987,-0.05074081591231987,-100.0
asynchronized,0,1,0.0,0.05074081591231987,-0.05074081591231987,-100.0
acknowledge,0,1,0.0,0.05074081591231987,-0.05074081591231987,-100.0
disconnected,0,1,0.0,0.05074081591231987,-0.05074081591231987,-100.0
travelersnot,0,1,0.0,0.05074081591231987,-0.05074081591231987,-100.0
curve,0,1,0.0,0.05074081591231987,-0.05074081591231987,-100.0
poet,0,1,0.0,0.05074081591231987,-0.05074081591231987,-100.0
movies,0,1,0.0,0.05074081591231987,-0.05074081591231987,-100.0
extinguisher,0,1,0.0,0.05074081591231987,-0.05074081591231987,-100.0
ancillary,0,1,0.0,0.05074081591231987,-0.05074081591231987,-100.0
messageswe,0,1,0.0,0.05074081591231987,-0.05074081591231987,-100.0
ranged,0,1,0.0,0.05074081591231987,-0.05074081591231987,-100.0
threatens,0,1,0.0,0.05074081591231987,-0.05074081591231987,-100.0
costumesthe,0,1,0.0,0.05074081591231987,-0.05074081591231987,-100.0
endurance,0,1,0.0,0.05074081591231987,-0.05074081591231987,-100.0
whims,0,1,0.0,0.05074081591231987,-0.05074081591231987,-100.0
issueall,0,1,0.0,0.05074081591231987,-0.05074081591231987,-100.0
abuse,0,1,0.0,0.05074081591231987,-0.05074081591231987,-100.0
ownershipwe,0,1,0.0,0.05074081591231987,-0.05074081591231987,-100.0
spacein,0,1,0.0,0.05074081591231987,-0.05074081591231987,-100.0
stumbled,0,1,0.0,0.05074081591231987,-0.05074081591231987,-100.0
httpblogsamaltmancomnewrfsbreakthroughtechnologies,0,1,0.0,0.05074081591231987,-0.05074081591231987,-100.0
lockins,0,1,0.0,0.05074081591231987,-0.05074081591231987,-100.0
condos,0,1,0.0,0.05074081591231987,-0.05074081591231987,-100.0
affordchristian,0,1,0.0,0.05074081591231987,-0.05074081591231987,-100.0
picks,0,1,0.0,0.05074081591231987,-0.05074081591231987,-100.0
predicting,0,1,0.0,0.05074081591231987,-0.05074081591231987,-100.0
maus,0,1,0.0,0.05074081591231987,-0.05074081591231987,-100.0
platform3,0,1,0.0,0.05074081591231987,-0.05074081591231987,-100.0
synonymous,0,1,0.0,0.05074081591231987,-0.05074081591231987,-100.0
indeed,0,1,0.0,0.05074081591231987,-0.05074081591231987,-100.0
scenes,0,1,0.0,0.05074081591231987,-0.05074081591231987,-100.0
instagramthe,0,1,0.0,0.05074081591231987,-0.05074081591231987,-100.0
missiles,0,1,0.0,0.05074081591231987,-0.05074081591231987,-100.0
ocean,0,1,0.0,0.05074081591231987,-0.05074081591231987,-100.0
stunning,0,1,0.0,0.05074081591231987,-0.05074081591231987,-100.0
cbse,0,1,0.0,0.05074081591231987,-0.05074081591231987,-100.0
guestposting,0,1,0.0,0.05074081591231987,-0.05074081591231987,-100.0
scholastic,0,1,0.0,0.05074081591231987,-0.05074081591231987,-100.0
analogous,0,1,0.0,0.05074081591231987,-0.05074081591231987,-100.0
antiscraping,0,1,0.0,0.05074081591231987,-0.05074081591231987,-100.0
aesthetically,0,1,0.0,0.05074081591231987,-0.05074081591231987,-100.0
argue,0,1,0.0,0.05074081591231987,-0.05074081591231987,-100.0
pming,0,1,0.0,0.05074081591231987,-0.05074081591231987,-100.0
globe,0,1,0.0,0.05074081591231987,-0.05074081591231987,-100.0
commander,0,1,0.0,0.05074081591231987,-0.05074081591231987,-100.0
destruction,0,1,0.0,0.05074081591231987,-0.05074081591231987,-100.0
coldemailing,0,1,0.0,0.05074081591231987,-0.05074081591231987,-100.0
cryptoasset,0,1,0.0,0.05074081591231987,-0.05074081591231987,-100.0
themand,0,1,0.0,0.05074081591231987,-0.05074081591231987,-100.0
watching,0,1,0.0,0.05074081591231987,-0.05074081591231987,-100.0
specialized,0,1,0.0,0.05074081591231987,-0.05074081591231987,-100.0
sensitivity,0,1,0.0,0.05074081591231987,-0.05074081591231987,-100.0
correct,0,1,0.0,0.05074081591231987,-0.05074081591231987,-100.0
interacting,0,1,0.0,0.05074081591231987,-0.05074081591231987,-100.0
welldefined,0,1,0.0,0.05074081591231987,-0.05074081591231987,-100.0
author,0,1,0.0,0.05074081591231987,-0.05074081591231987,-100.0
donewhile,0,1,0.0,0.05074081591231987,-0.05074081591231987,-100.0
magnetise,0,1,0.0,0.05074081591231987,-0.05074081591231987,-100.0
trialinterestingly,0,1,0.0,0.05074081591231987,-0.05074081591231987,-100.0
innow,0,1,0.0,0.05074081591231987,-0.05074081591231987,-100.0
thatll,0,1,0.0,0.05074081591231987,-0.05074081591231987,-100.0
bostonalex,0,1,0.0,0.05074081591231987,-0.05074081591231987,-100.0
pasting,0,1,0.0,0.05074081591231987,-0.05074081591231987,-100.0
unfortunately,0,1,0.0,0.05074081591231987,-0.05074081591231987,-100.0
ycfunded,0,1,0.0,0.05074081591231987,-0.05074081591231987,-100.0
selfishness,0,1,0.0,0.05074081591231987,-0.05074081591231987,-100.0
thinks,0,1,0.0,0.05074081591231987,-0.05074081591231987,-100.0
buildingadditionally,0,1,0.0,0.05074081591231987,-0.05074081591231987,-100.0
prints,0,1,0.0,0.05074081591231987,-0.05074081591231987,-100.0
spiritual,0,1,0.0,0.05074081591231987,-0.05074081591231987,-100.0
publisherslocalizers,0,1,0.0,0.05074081591231987,-0.05074081591231987,-100.0
highlight,0,1,0.0,0.05074081591231987,-0.05074081591231987,-100.0
wicked,0,1,0.0,0.05074081591231987,-0.05074081591231987,-100.0
marketplaceapplications,0,1,0.0,0.05074081591231987,-0.05074081591231987,-100.0
ems,0,1,0.0,0.05074081591231987,-0.05074081591231987,-100.0
spacefor,0,1,0.0,0.05074081591231987,-0.05074081591231987,-100.0
clojure,0,1,0.0,0.05074081591231987,-0.05074081591231987,-100.0
loc,0,1,0.0,0.05074081591231987,-0.05074081591231987,-100.0
conflict,0,1,0.0,0.05074081591231987,-0.05074081591231987,-100.0
tests3the,0,1,0.0,0.05074081591231987,-0.05074081591231987,-100.0
zapierexisting,0,1,0.0,0.05074081591231987,-0.05074081591231987,-100.0
gardens,0,1,0.0,0.05074081591231987,-0.05074081591231987,-100.0
inferred,0,1,0.0,0.05074081591231987,-0.05074081591231987,-100.0
myselfthe,0,1,0.0,0.05074081591231987,-0.05074081591231987,-100.0
shareability,0,1,0.0,0.05074081591231987,-0.05074081591231987,-100.0
orgsemployers5,0,1,0.0,0.05074081591231987,-0.05074081591231987,-100.0
extrapolate,0,1,0.0,0.05074081591231987,-0.05074081591231987,-100.0
feedbackan,0,1,0.0,0.05074081591231987,-0.05074081591231987,-100.0
thrive,0,1,0.0,0.05074081591231987,-0.05074081591231987,-100.0
expands,0,1,0.0,0.05074081591231987,-0.05074081591231987,-100.0
austin,0,1,0.0,0.05074081591231987,-0.05074081591231987,-100.0
growth1,0,1,0.0,0.05074081591231987,-0.05074081591231987,-100.0
sequoia,0,1,0.0,0.05074081591231987,-0.05074081591231987,-100.0
underprivileged,0,1,0.0,0.05074081591231987,-0.05074081591231987,-100.0
motivation,0,1,0.0,0.05074081591231987,-0.05074081591231987,-100.0
homes,0,1,0.0,0.05074081591231987,-0.05074081591231987,-100.0
plotter,0,1,0.0,0.05074081591231987,-0.05074081591231987,-100.0
eavesdrops,0,1,0.0,0.05074081591231987,-0.05074081591231987,-100.0
differently,0,1,0.0,0.05074081591231987,-0.05074081591231987,-100.0
subjective,0,1,0.0,0.05074081591231987,-0.05074081591231987,-100.0
umass,0,1,0.0,0.05074081591231987,-0.05074081591231987,-100.0
competeeven,0,1,0.0,0.05074081591231987,-0.05074081591231987,-100.0
toured,0,1,0.0,0.05074081591231987,-0.05074081591231987,-100.0
interpreters,0,1,0.0,0.05074081591231987,-0.05074081591231987,-100.0
glasgow,0,1,0.0,0.05074081591231987,-0.05074081591231987,-100.0
httpswwwswellyaiwe,0,1,0.0,0.05074081591231987,-0.05074081591231987,-100.0
constructive,0,1,0.0,0.05074081591231987,-0.05074081591231987,-100.0
usecases6,0,1,0.0,0.05074081591231987,-0.05074081591231987,-100.0
prevents,0,1,0.0,0.05074081591231987,-0.05074081591231987,-100.0
laterdanielle,0,1,0.0,0.05074081591231987,-0.05074081591231987,-100.0
topical,0,1,0.0,0.05074081591231987,-0.05074081591231987,-100.0
wellcapitalised,0,1,0.0,0.05074081591231987,-0.05074081591231987,-100.0
parks,0,1,0.0,0.05074081591231987,-0.05074081591231987,-100.0
negotiating,0,1,0.0,0.05074081591231987,-0.05074081591231987,-100.0
mindblowing,0,1,0.0,0.05074081591231987,-0.05074081591231987,-100.0
demowe,0,1,0.0,0.05074081591231987,-0.05074081591231987,-100.0
ѕhare,0,1,0.0,0.05074081591231987,-0.05074081591231987,-100.0
launchgram,0,1,0.0,0.05074081591231987,-0.05074081591231987,-100.0
mars,0,1,0.0,0.05074081591231987,-0.05074081591231987,-100.0
basics,0,1,0.0,0.05074081591231987,-0.05074081591231987,-100.0
converted,0,1,0.0,0.05074081591231987,-0.05074081591231987,-100.0
intermediary,0,1,0.0,0.05074081591231987,-0.05074081591231987,-100.0
directorperson,0,1,0.0,0.05074081591231987,-0.05074081591231987,-100.0
detail,0,1,0.0,0.05074081591231987,-0.05074081591231987,-100.0
dedicating,0,1,0.0,0.05074081591231987,-0.05074081591231987,-100.0
realistically,0,1,0.0,0.05074081591231987,-0.05074081591231987,-100.0
tears,0,1,0.0,0.05074081591231987,-0.05074081591231987,-100.0
dataminer,0,1,0.0,0.05074081591231987,-0.05074081591231987,-100.0
query,0,1,0.0,0.05074081591231987,-0.05074081591231987,-100.0
freeforall,0,1,0.0,0.05074081591231987,-0.05074081591231987,-100.0
gum,0,1,0.0,0.05074081591231987,-0.05074081591231987,-100.0
bloombergdow,0,1,0.0,0.05074081591231987,-0.05074081591231987,-100.0
guest,0,1,0.0,0.05074081591231987,-0.05074081591231987,-100.0
tie,0,1,0.0,0.05074081591231987,-0.05074081591231987,-100.0
filter,0,1,0.0,0.05074081591231987,-0.05074081591231987,-100.0
upstream,0,1,0.0,0.05074081591231987,-0.05074081591231987,-100.0
privilege,0,1,0.0,0.05074081591231987,-0.05074081591231987,-100.0
sneaks,0,1,0.0,0.05074081591231987,-0.05074081591231987,-100.0
politifact,0,1,0.0,0.05074081591231987,-0.05074081591231987,-100.0
proliferate,0,1,0.0,0.05074081591231987,-0.05074081591231987,-100.0
conducting,0,1,0.0,0.05074081591231987,-0.05074081591231987,-100.0
freelancerthe,0,1,0.0,0.05074081591231987,-0.05074081591231987,-100.0
prevetted,0,1,0.0,0.05074081591231987,-0.05074081591231987,-100.0
seriesonce,0,1,0.0,0.05074081591231987,-0.05074081591231987,-100.0
neuroscience,0,1,0.0,0.05074081591231987,-0.05074081591231987,-100.0
locations5,0,1,0.0,0.05074081591231987,-0.05074081591231987,-100.0
eliminate,0,1,0.0,0.05074081591231987,-0.05074081591231987,-100.0
custodians,0,1,0.0,0.05074081591231987,-0.05074081591231987,-100.0
things1,0,1,0.0,0.05074081591231987,-0.05074081591231987,-100.0
vetted,0,1,0.0,0.05074081591231987,-0.05074081591231987,-100.0
stanford6,0,1,0.0,0.05074081591231987,-0.05074081591231987,-100.0
handmade,0,1,0.0,0.05074081591231987,-0.05074081591231987,-100.0
evenings,0,1,0.0,0.05074081591231987,-0.05074081591231987,-100.0
smm,0,1,0.0,0.05074081591231987,-0.05074081591231987,-100.0
quarterly,0,1,0.0,0.05074081591231987,-0.05074081591231987,-100.0
fullblown,0,1,0.0,0.05074081591231987,-0.05074081591231987,-100.0
cape,0,1,0.0,0.05074081591231987,-0.05074081591231987,-100.0
productize,0,1,0.0,0.05074081591231987,-0.05074081591231987,-100.0
startupstatscom,0,1,0.0,0.05074081591231987,-0.05074081591231987,-100.0
strange,0,1,0.0,0.05074081591231987,-0.05074081591231987,-100.0
digitally,0,1,0.0,0.05074081591231987,-0.05074081591231987,-100.0
pmf,0,1,0.0,0.05074081591231987,-0.05074081591231987,-100.0
boarded,0,1,0.0,0.05074081591231987,-0.05074081591231987,-100.0
obtaining,0,1,0.0,0.05074081591231987,-0.05074081591231987,-100.0
voicebased,0,1,0.0,0.05074081591231987,-0.05074081591231987,-100.0
httpswwwyoutubecomwatchvg005vkjxxhm,0,1,0.0,0.05074081591231987,-0.05074081591231987,-100.0
kraeutmann,0,1,0.0,0.05074081591231987,-0.05074081591231987,-100.0
skim,0,1,0.0,0.05074081591231987,-0.05074081591231987,-100.0
workers11,0,1,0.0,0.05074081591231987,-0.05074081591231987,-100.0
revenue4,0,1,0.0,0.05074081591231987,-0.05074081591231987,-100.0
endangered,0,1,0.0,0.05074081591231987,-0.05074081591231987,-100.0
commandline,0,1,0.0,0.05074081591231987,-0.05074081591231987,-100.0
unlicensed,0,1,0.0,0.05074081591231987,-0.05074081591231987,-100.0
learns,0,1,0.0,0.05074081591231987,-0.05074081591231987,-100.0
passes,0,1,0.0,0.05074081591231987,-0.05074081591231987,-100.0
achievement,0,1,0.0,0.05074081591231987,-0.05074081591231987,-100.0
jumped,0,1,0.0,0.05074081591231987,-0.05074081591231987,-100.0
impart,0,1,0.0,0.05074081591231987,-0.05074081591231987,-100.0
snopes,0,1,0.0,0.05074081591231987,-0.05074081591231987,-100.0
betterdifferent,0,1,0.0,0.05074081591231987,-0.05074081591231987,-100.0
swag2,0,1,0.0,0.05074081591231987,-0.05074081591231987,-100.0
nextdoor,0,1,0.0,0.05074081591231987,-0.05074081591231987,-100.0
imageswe,0,1,0.0,0.05074081591231987,-0.05074081591231987,-100.0
voicery,0,1,0.0,0.05074081591231987,-0.05074081591231987,-100.0
signalnoise,0,1,0.0,0.05074081591231987,-0.05074081591231987,-100.0
flash,0,1,0.0,0.05074081591231987,-0.05074081591231987,-100.0
drag,0,1,0.0,0.05074081591231987,-0.05074081591231987,-100.0
specialist,0,1,0.0,0.05074081591231987,-0.05074081591231987,-100.0
marketon,0,1,0.0,0.05074081591231987,-0.05074081591231987,-100.0
uniformafter,0,1,0.0,0.05074081591231987,-0.05074081591231987,-100.0
pencil,0,1,0.0,0.05074081591231987,-0.05074081591231987,-100.0
chatterbug,0,1,0.0,0.05074081591231987,-0.05074081591231987,-100.0
arr100000,0,1,0.0,0.05074081591231987,-0.05074081591231987,-100.0
hackernews,0,1,0.0,0.05074081591231987,-0.05074081591231987,-100.0
wireframesdata,0,1,0.0,0.05074081591231987,-0.05074081591231987,-100.0
monkey,0,1,0.0,0.05074081591231987,-0.05074081591231987,-100.0
qualitative,0,1,0.0,0.05074081591231987,-0.05074081591231987,-100.0
dow,0,1,0.0,0.05074081591231987,-0.05074081591231987,-100.0
consequencesfrom,0,1,0.0,0.05074081591231987,-0.05074081591231987,-100.0
toolswe,0,1,0.0,0.05074081591231987,-0.05074081591231987,-100.0
ethos,0,1,0.0,0.05074081591231987,-0.05074081591231987,-100.0
sandwiches,0,1,0.0,0.05074081591231987,-0.05074081591231987,-100.0
softwarepeople,0,1,0.0,0.05074081591231987,-0.05074081591231987,-100.0
blatant,0,1,0.0,0.05074081591231987,-0.05074081591231987,-100.0
cell,0,1,0.0,0.05074081591231987,-0.05074081591231987,-100.0
walked,0,1,0.0,0.05074081591231987,-0.05074081591231987,-100.0
garmin,0,1,0.0,0.05074081591231987,-0.05074081591231987,-100.0
harness,0,1,0.0,0.05074081591231987,-0.05074081591231987,-100.0
manipulated,0,1,0.0,0.05074081591231987,-0.05074081591231987,-100.0
faʊndəspik,0,1,0.0,0.05074081591231987,-0.05074081591231987,-100.0
steve,0,1,0.0,0.05074081591231987,-0.05074081591231987,-100.0
enriching,0,1,0.0,0.05074081591231987,-0.05074081591231987,-100.0
menusvenues,0,1,0.0,0.05074081591231987,-0.05074081591231987,-100.0
anemployee,0,1,0.0,0.05074081591231987,-0.05074081591231987,-100.0
cafes,0,1,0.0,0.05074081591231987,-0.05074081591231987,-100.0
trivial,0,1,0.0,0.05074081591231987,-0.05074081591231987,-100.0
motiveim,0,1,0.0,0.05074081591231987,-0.05074081591231987,-100.0
console,0,1,0.0,0.05074081591231987,-0.05074081591231987,-100.0
immersion,0,1,0.0,0.05074081591231987,-0.05074081591231987,-100.0
syllble,0,1,0.0,0.05074081591231987,-0.05074081591231987,-100.0
signupstranslation,0,1,0.0,0.05074081591231987,-0.05074081591231987,-100.0
orderforwardingwith,0,1,0.0,0.05074081591231987,-0.05074081591231987,-100.0
apartment,0,1,0.0,0.05074081591231987,-0.05074081591231987,-100.0
famous,0,1,0.0,0.05074081591231987,-0.05074081591231987,-100.0
slapped,0,1,0.0,0.05074081591231987,-0.05074081591231987,-100.0
productservice,0,1,0.0,0.05074081591231987,-0.05074081591231987,-100.0
scaleable,0,1,0.0,0.05074081591231987,-0.05074081591231987,-100.0
vetterey,0,1,0.0,0.05074081591231987,-0.05074081591231987,-100.0
outset,0,1,0.0,0.05074081591231987,-0.05074081591231987,-100.0
persianshe,0,1,0.0,0.05074081591231987,-0.05074081591231987,-100.0
assistive,0,1,0.0,0.05074081591231987,-0.05074081591231987,-100.0
unboundedly,0,1,0.0,0.05074081591231987,-0.05074081591231987,-100.0
may21,0,1,0.0,0.05074081591231987,-0.05074081591231987,-100.0
smartmirrorapplications,0,1,0.0,0.05074081591231987,-0.05074081591231987,-100.0
fired,0,1,0.0,0.05074081591231987,-0.05074081591231987,-100.0
have2,0,1,0.0,0.05074081591231987,-0.05074081591231987,-100.0
borders,0,1,0.0,0.05074081591231987,-0.05074081591231987,-100.0
complementing,0,1,0.0,0.05074081591231987,-0.05074081591231987,-100.0
gimmickvoxy,0,1,0.0,0.05074081591231987,-0.05074081591231987,-100.0
commerce,0,1,0.0,0.05074081591231987,-0.05074081591231987,-100.0
kpis,0,1,0.0,0.05074081591231987,-0.05074081591231987,-100.0
eleventh,0,1,0.0,0.05074081591231987,-0.05074081591231987,-100.0
accelerators,0,1,0.0,0.05074081591231987,-0.05074081591231987,-100.0
chatflows,0,1,0.0,0.05074081591231987,-0.05074081591231987,-100.0
pose,0,1,0.0,0.05074081591231987,-0.05074081591231987,-100.0
landing,0,1,0.0,0.05074081591231987,-0.05074081591231987,-100.0
peopleonce,0,1,0.0,0.05074081591231987,-0.05074081591231987,-100.0
distractionfree,0,1,0.0,0.05074081591231987,-0.05074081591231987,-100.0
posted,0,1,0.0,0.05074081591231987,-0.05074081591231987,-100.0
connectcollaborate,0,1,0.0,0.05074081591231987,-0.05074081591231987,-100.0
combinations,0,1,0.0,0.05074081591231987,-0.05074081591231987,-100.0
100myear,0,1,0.0,0.05074081591231987,-0.05074081591231987,-100.0
newly,0,1,0.0,0.05074081591231987,-0.05074081591231987,-100.0
clickswhat,0,1,0.0,0.05074081591231987,-0.05074081591231987,-100.0
inconvenience,0,1,0.0,0.05074081591231987,-0.05074081591231987,-100.0
compromised,0,1,0.0,0.05074081591231987,-0.05074081591231987,-100.0
veryvery,0,1,0.0,0.05074081591231987,-0.05074081591231987,-100.0
todayi,0,1,0.0,0.05074081591231987,-0.05074081591231987,-100.0
appeared,0,1,0.0,0.05074081591231987,-0.05074081591231987,-100.0
res,0,1,0.0,0.05074081591231987,-0.05074081591231987,-100.0
fstopfmthis,0,1,0.0,0.05074081591231987,-0.05074081591231987,-100.0
legislative,0,1,0.0,0.05074081591231987,-0.05074081591231987,-100.0
sheets,0,1,0.0,0.05074081591231987,-0.05074081591231987,-100.0
onlyonce,0,1,0.0,0.05074081591231987,-0.05074081591231987,-100.0
toolstyle,0,1,0.0,0.05074081591231987,-0.05074081591231987,-100.0
attempted,0,1,0.0,0.05074081591231987,-0.05074081591231987,-100.0
defining,0,1,0.0,0.05074081591231987,-0.05074081591231987,-100.0
brutally,0,1,0.0,0.05074081591231987,-0.05074081591231987,-100.0
blew,0,1,0.0,0.05074081591231987,-0.05074081591231987,-100.0
squaresin,0,1,0.0,0.05074081591231987,-0.05074081591231987,-100.0
spits,0,1,0.0,0.05074081591231987,-0.05074081591231987,-100.0
calculus,0,1,0.0,0.05074081591231987,-0.05074081591231987,-100.0
consist,0,1,0.0,0.05074081591231987,-0.05074081591231987,-100.0
cpi,0,1,0.0,0.05074081591231987,-0.05074081591231987,-100.0
jonesmorningstar,0,1,0.0,0.05074081591231987,-0.05074081591231987,-100.0
boomer,0,1,0.0,0.05074081591231987,-0.05074081591231987,-100.0
scrupulous,0,1,0.0,0.05074081591231987,-0.05074081591231987,-100.0
acceptable,0,1,0.0,0.05074081591231987,-0.05074081591231987,-100.0
demonstrate,0,1,0.0,0.05074081591231987,-0.05074081591231987,-100.0
trustyou,0,1,0.0,0.05074081591231987,-0.05074081591231987,-100.0
needsour,0,1,0.0,0.05074081591231987,-0.05074081591231987,-100.0
thempeople,0,1,0.0,0.05074081591231987,-0.05074081591231987,-100.0
feedbacktweetfm,0,1,0.0,0.05074081591231987,-0.05074081591231987,-100.0
oneway,0,1,0.0,0.05074081591231987,-0.05074081591231987,-100.0
juice,0,1,0.0,0.05074081591231987,-0.05074081591231987,-100.0
mysql,0,1,0.0,0.05074081591231987,-0.05074081591231987,-100.0
factmata,0,1,0.0,0.05074081591231987,-0.05074081591231987,-100.0
httpwwwseattle20com,0,1,0.0,0.05074081591231987,-0.05074081591231987,-100.0
comisión,0,1,0.0,0.05074081591231987,-0.05074081591231987,-100.0
obstacleover,0,1,0.0,0.05074081591231987,-0.05074081591231987,-100.0
moral,0,1,0.0,0.05074081591231987,-0.05074081591231987,-100.0
industries,0,1,0.0,0.05074081591231987,-0.05074081591231987,-100.0
friendscompanies,0,1,0.0,0.05074081591231987,-0.05074081591231987,-100.0
workings,0,1,0.0,0.05074081591231987,-0.05074081591231987,-100.0
partially,0,1,0.0,0.05074081591231987,-0.05074081591231987,-100.0
learningi,0,1,0.0,0.05074081591231987,-0.05074081591231987,-100.0
appsdistributors,0,1,0.0,0.05074081591231987,-0.05074081591231987,-100.0
so1,0,1,0.0,0.05074081591231987,-0.05074081591231987,-100.0
junior,0,1,0.0,0.05074081591231987,-0.05074081591231987,-100.0
logisticsp2p,0,1,0.0,0.05074081591231987,-0.05074081591231987,-100.0
total_time_spent,0,1,0.0,0.05074081591231987,-0.05074081591231987,-100.0
bag2,0,1,0.0,0.05074081591231987,-0.05074081591231987,-100.0
thismetrics,0,1,0.0,0.05074081591231987,-0.05074081591231987,-100.0
glad,0,1,0.0,0.05074081591231987,-0.05074081591231987,-100.0
amherst,0,1,0.0,0.05074081591231987,-0.05074081591231987,-100.0
kirsty,0,1,0.0,0.05074081591231987,-0.05074081591231987,-100.0
reliability,0,1,0.0,0.05074081591231987,-0.05074081591231987,-100.0
superbook,0,1,0.0,0.05074081591231987,-0.05074081591231987,-100.0
invariably,0,1,0.0,0.05074081591231987,-0.05074081591231987,-100.0
masquerading,0,1,0.0,0.05074081591231987,-0.05074081591231987,-100.0
blink,0,1,0.0,0.05074081591231987,-0.05074081591231987,-100.0
growththis,0,1,0.0,0.05074081591231987,-0.05074081591231987,-100.0
hunched,0,1,0.0,0.05074081591231987,-0.05074081591231987,-100.0
derived,0,1,0.0,0.05074081591231987,-0.05074081591231987,-100.0
unbeknownst,0,1,0.0,0.05074081591231987,-0.05074081591231987,-100.0
multimonitor,0,1,0.0,0.05074081591231987,-0.05074081591231987,-100.0
tourism,0,1,0.0,0.05074081591231987,-0.05074081591231987,-100.0
astounding,0,1,0.0,0.05074081591231987,-0.05074081591231987,-100.0
entirety,0,1,0.0,0.05074081591231987,-0.05074081591231987,-100.0
considerable,0,1,0.0,0.05074081591231987,-0.05074081591231987,-100.0
achievements,0,1,0.0,0.05074081591231987,-0.05074081591231987,-100.0
bookstores,0,1,0.0,0.05074081591231987,-0.05074081591231987,-100.0
invited,0,1,0.0,0.05074081591231987,-0.05074081591231987,-100.0
lagging,0,1,0.0,0.05074081591231987,-0.05074081591231987,-100.0
inwere,0,1,0.0,0.05074081591231987,-0.05074081591231987,-100.0
shitty,0,1,0.0,0.05074081591231987,-0.05074081591231987,-100.0
depressed,0,1,0.0,0.05074081591231987,-0.05074081591231987,-100.0
attable,0,1,0.0,0.05074081591231987,-0.05074081591231987,-100.0
domestic,0,1,0.0,0.05074081591231987,-0.05074081591231987,-100.0
100150yearuser,0,1,0.0,0.05074081591231987,-0.05074081591231987,-100.0
pitching,0,1,0.0,0.05074081591231987,-0.05074081591231987,-100.0
httpsreedsycomhttpswattpadcomhttpsscifuturescomwe,0,1,0.0,0.05074081591231987,-0.05074081591231987,-100.0
benchmarks,0,1,0.0,0.05074081591231987,-0.05074081591231987,-100.0
graphical,0,1,0.0,0.05074081591231987,-0.05074081591231987,-100.0
mcdonalds,0,1,0.0,0.05074081591231987,-0.05074081591231987,-100.0
measurable,0,1,0.0,0.05074081591231987,-0.05074081591231987,-100.0
spontaneously,0,1,0.0,0.05074081591231987,-0.05074081591231987,-100.0
empathy,0,1,0.0,0.05074081591231987,-0.05074081591231987,-100.0
distributorcompany,0,1,0.0,0.05074081591231987,-0.05074081591231987,-100.0
successwe,0,1,0.0,0.05074081591231987,-0.05074081591231987,-100.0
scales,0,1,0.0,0.05074081591231987,-0.05074081591231987,-100.0
placed,0,1,0.0,0.05074081591231987,-0.05074081591231987,-100.0
bottlenecks,0,1,0.0,0.05074081591231987,-0.05074081591231987,-100.0
kickstarterlong,0,1,0.0,0.05074081591231987,-0.05074081591231987,-100.0
itwe,0,1,0.0,0.05074081591231987,-0.05074081591231987,-100.0
units,0,1,0.0,0.05074081591231987,-0.05074081591231987,-100.0
httpswwwkarmafmpvszjktldothingsthatdontscalepaulgrahamcondogrades,0,1,0.0,0.05074081591231987,-0.05074081591231987,-100.0
developerlevel,0,1,0.0,0.05074081591231987,-0.05074081591231987,-100.0
ycombinators,0,1,0.0,0.05074081591231987,-0.05074081591231987,-100.0
endlessly,0,1,0.0,0.05074081591231987,-0.05074081591231987,-100.0
spatially,0,1,0.0,0.05074081591231987,-0.05074081591231987,-100.0
me2,0,1,0.0,0.05074081591231987,-0.05074081591231987,-100.0
sacrifice,0,1,0.0,0.05074081591231987,-0.05074081591231987,-100.0
cancelled,0,1,0.0,0.05074081591231987,-0.05074081591231987,-100.0
learndash,0,1,0.0,0.05074081591231987,-0.05074081591231987,-100.0
httpvoatco,0,1,0.0,0.05074081591231987,-0.05074081591231987,-100.0
softwarethe,0,1,0.0,0.05074081591231987,-0.05074081591231987,-100.0
runnersup,0,1,0.0,0.05074081591231987,-0.05074081591231987,-100.0
dysfunctional,0,1,0.0,0.05074081591231987,-0.05074081591231987,-100.0
rumors,0,1,0.0,0.05074081591231987,-0.05074081591231987,-100.0
nonsoftware,0,1,0.0,0.05074081591231987,-0.05074081591231987,-100.0
texttospeech,0,1,0.0,0.05074081591231987,-0.05074081591231987,-100.0
thatthe,0,1,0.0,0.05074081591231987,-0.05074081591231987,-100.0
peculiar,0,1,0.0,0.05074081591231987,-0.05074081591231987,-100.0
implies,0,1,0.0,0.05074081591231987,-0.05074081591231987,-100.0
group7,0,1,0.0,0.05074081591231987,-0.05074081591231987,-100.0
therapists,0,1,0.0,0.05074081591231987,-0.05074081591231987,-100.0
shouting,0,1,0.0,0.05074081591231987,-0.05074081591231987,-100.0
distracting,0,1,0.0,0.05074081591231987,-0.05074081591231987,-100.0
voting,0,1,0.0,0.05074081591231987,-0.05074081591231987,-100.0
atlanta,0,1,0.0,0.05074081591231987,-0.05074081591231987,-100.0
keepers,0,1,0.0,0.05074081591231987,-0.05074081591231987,-100.0
offeringon,0,1,0.0,0.05074081591231987,-0.05074081591231987,-100.0
assets,0,1,0.0,0.05074081591231987,-0.05074081591231987,-100.0
intentionally,0,1,0.0,0.05074081591231987,-0.05074081591231987,-100.0
concise,0,1,0.0,0.05074081591231987,-0.05074081591231987,-100.0
stockout,0,1,0.0,0.05074081591231987,-0.05074081591231987,-100.0
linguist,0,1,0.0,0.05074081591231987,-0.05074081591231987,-100.0
vary,0,1,0.0,0.05074081591231987,-0.05074081591231987,-100.0
granular,0,1,0.0,0.05074081591231987,-0.05074081591231987,-100.0
rikaichan,0,1,0.0,0.05074081591231987,-0.05074081591231987,-100.0
facilitating,0,1,0.0,0.05074081591231987,-0.05074081591231987,-100.0
character,0,1,0.0,0.05074081591231987,-0.05074081591231987,-100.0
usso,0,1,0.0,0.05074081591231987,-0.05074081591231987,-100.0
myselfive,0,1,0.0,0.05074081591231987,-0.05074081591231987,-100.0
bottleneck,0,1,0.0,0.05074081591231987,-0.05074081591231987,-100.0
locgithub,0,1,0.0,0.05074081591231987,-0.05074081591231987,-100.0
memberswe,0,1,0.0,0.05074081591231987,-0.05074081591231987,-100.0
tries,0,1,0.0,0.05074081591231987,-0.05074081591231987,-100.0
county,0,1,0.0,0.05074081591231987,-0.05074081591231987,-100.0
repository,0,1,0.0,0.05074081591231987,-0.05074081591231987,-100.0
calculate,0,1,0.0,0.05074081591231987,-0.05074081591231987,-100.0
perhead,0,1,0.0,0.05074081591231987,-0.05074081591231987,-100.0
carecom,0,1,0.0,0.05074081591231987,-0.05074081591231987,-100.0
cloudpeeps,0,1,0.0,0.05074081591231987,-0.05074081591231987,-100.0
techsavvy,0,1,0.0,0.05074081591231987,-0.05074081591231987,-100.0
dumbfounded,0,1,0.0,0.05074081591231987,-0.05074081591231987,-100.0
negative,0,1,0.0,0.05074081591231987,-0.05074081591231987,-100.0
broglies,0,1,0.0,0.05074081591231987,-0.05074081591231987,-100.0
clever,0,1,0.0,0.05074081591231987,-0.05074081591231987,-100.0
httpsbookizaio,0,1,0.0,0.05074081591231987,-0.05074081591231987,-100.0
cadence,0,1,0.0,0.05074081591231987,-0.05074081591231987,-100.0
trail,0,1,0.0,0.05074081591231987,-0.05074081591231987,-100.0
engines,0,1,0.0,0.05074081591231987,-0.05074081591231987,-100.0
landscapethirdly,0,1,0.0,0.05074081591231987,-0.05074081591231987,-100.0
expose,0,1,0.0,0.05074081591231987,-0.05074081591231987,-100.0
peacebuilding,0,1,0.0,0.05074081591231987,-0.05074081591231987,-100.0
fcs,0,1,0.0,0.05074081591231987,-0.05074081591231987,-100.0
photographersthey,0,1,0.0,0.05074081591231987,-0.05074081591231987,-100.0
shortform,0,1,0.0,0.05074081591231987,-0.05074081591231987,-100.0
alexa,0,1,0.0,0.05074081591231987,-0.05074081591231987,-100.0
etcbut,0,1,0.0,0.05074081591231987,-0.05074081591231987,-100.0
therapy,0,1,0.0,0.05074081591231987,-0.05074081591231987,-100.0
spanish,0,1,0.0,0.05074081591231987,-0.05074081591231987,-100.0
cigars,0,1,0.0,0.05074081591231987,-0.05074081591231987,-100.0
builders,0,1,0.0,0.05074081591231987,-0.05074081591231987,-100.0
mysterious,0,1,0.0,0.05074081591231987,-0.05074081591231987,-100.0
keynejad,0,1,0.0,0.05074081591231987,-0.05074081591231987,-100.0
arvin,0,1,0.0,0.05074081591231987,-0.05074081591231987,-100.0
decades,0,1,0.0,0.05074081591231987,-0.05074081591231987,-100.0
physically,0,1,0.0,0.05074081591231987,-0.05074081591231987,-100.0
roots,0,1,0.0,0.05074081591231987,-0.05074081591231987,-100.0
informed,0,1,0.0,0.05074081591231987,-0.05074081591231987,-100.0
replenished,0,1,0.0,0.05074081591231987,-0.05074081591231987,-100.0
rlanguagelearning,0,1,0.0,0.05074081591231987,-0.05074081591231987,-100.0
schuster,0,1,0.0,0.05074081591231987,-0.05074081591231987,-100.0
sdk,0,1,0.0,0.05074081591231987,-0.05074081591231987,-100.0
communitybased,0,1,0.0,0.05074081591231987,-0.05074081591231987,-100.0
pompous,0,1,0.0,0.05074081591231987,-0.05074081591231987,-100.0
anecdataive,0,1,0.0,0.05074081591231987,-0.05074081591231987,-100.0
heartslikes,0,1,0.0,0.05074081591231987,-0.05074081591231987,-100.0
loosely,0,1,0.0,0.05074081591231987,-0.05074081591231987,-100.0
teamsfor,0,1,0.0,0.05074081591231987,-0.05074081591231987,-100.0
personalitiesweve,0,1,0.0,0.05074081591231987,-0.05074081591231987,-100.0
flipped,0,1,0.0,0.05074081591231987,-0.05074081591231987,-100.0
consumerfirst,0,1,0.0,0.05074081591231987,-0.05074081591231987,-100.0
directionhowever,0,1,0.0,0.05074081591231987,-0.05074081591231987,-100.0
stationsthe,0,1,0.0,0.05074081591231987,-0.05074081591231987,-100.0
chatroom,0,1,0.0,0.05074081591231987,-0.05074081591231987,-100.0
dataset,0,1,0.0,0.05074081591231987,-0.05074081591231987,-100.0
payments8,0,1,0.0,0.05074081591231987,-0.05074081591231987,-100.0
calculator,0,1,0.0,0.05074081591231987,-0.05074081591231987,-100.0
taxed,0,1,0.0,0.05074081591231987,-0.05074081591231987,-100.0
suppliers,0,1,0.0,0.05074081591231987,-0.05074081591231987,-100.0
busuu,0,1,0.0,0.05074081591231987,-0.05074081591231987,-100.0
vectorisations,0,1,0.0,0.05074081591231987,-0.05074081591231987,-100.0
layout,0,1,0.0,0.05074081591231987,-0.05074081591231987,-100.0
snowed,0,1,0.0,0.05074081591231987,-0.05074081591231987,-100.0
statements,0,1,0.0,0.05074081591231987,-0.05074081591231987,-100.0
divulgators,0,1,0.0,0.05074081591231987,-0.05074081591231987,-100.0
hallway,0,1,0.0,0.05074081591231987,-0.05074081591231987,-100.0
deposit,0,1,0.0,0.05074081591231987,-0.05074081591231987,-100.0
solidly,0,1,0.0,0.05074081591231987,-0.05074081591231987,-100.0
diffmerge,0,1,0.0,0.05074081591231987,-0.05074081591231987,-100.0
websitelanding,0,1,0.0,0.05074081591231987,-0.05074081591231987,-100.0
tdd,0,1,0.0,0.05074081591231987,-0.05074081591231987,-100.0
july21,0,1,0.0,0.05074081591231987,-0.05074081591231987,-100.0
penalized,0,1,0.0,0.05074081591231987,-0.05074081591231987,-100.0
corporationsthe,0,1,0.0,0.05074081591231987,-0.05074081591231987,-100.0
european,0,1,0.0,0.05074081591231987,-0.05074081591231987,-100.0
moon,0,1,0.0,0.05074081591231987,-0.05074081591231987,-100.0
analogy,0,1,0.0,0.05074081591231987,-0.05074081591231987,-100.0
arrangements,0,1,0.0,0.05074081591231987,-0.05074081591231987,-100.0
forgotten,0,1,0.0,0.05074081591231987,-0.05074081591231987,-100.0
drone,0,1,0.0,0.05074081591231987,-0.05074081591231987,-100.0
contractwe,0,1,0.0,0.05074081591231987,-0.05074081591231987,-100.0
popularize,0,1,0.0,0.05074081591231987,-0.05074081591231987,-100.0
invaluable,0,1,0.0,0.05074081591231987,-0.05074081591231987,-100.0
doneafter,0,1,0.0,0.05074081591231987,-0.05074081591231987,-100.0
bracket,0,1,0.0,0.05074081591231987,-0.05074081591231987,-100.0
resistance,0,1,0.0,0.05074081591231987,-0.05074081591231987,-100.0
vacation,0,1,0.0,0.05074081591231987,-0.05074081591231987,-100.0
eats,0,1,0.0,0.05074081591231987,-0.05074081591231987,-100.0
itwould,0,1,0.0,0.05074081591231987,-0.05074081591231987,-100.0
joel,0,1,0.0,0.05074081591231987,-0.05074081591231987,-100.0
packaged,0,1,0.0,0.05074081591231987,-0.05074081591231987,-100.0
280mo,0,1,0.0,0.05074081591231987,-0.05074081591231987,-100.0
gartnerforrester,0,1,0.0,0.05074081591231987,-0.05074081591231987,-100.0
needle,0,1,0.0,0.05074081591231987,-0.05074081591231987,-100.0
initiatives,0,1,0.0,0.05074081591231987,-0.05074081591231987,-100.0
expensiveplus,0,1,0.0,0.05074081591231987,-0.05074081591231987,-100.0
learnerslingq,0,1,0.0,0.05074081591231987,-0.05074081591231987,-100.0
tactics,0,1,0.0,0.05074081591231987,-0.05074081591231987,-100.0
channelswe,0,1,0.0,0.05074081591231987,-0.05074081591231987,-100.0
trends,0,1,0.0,0.05074081591231987,-0.05074081591231987,-100.0
introduces,0,1,0.0,0.05074081591231987,-0.05074081591231987,-100.0
godot,0,1,0.0,0.05074081591231987,-0.05074081591231987,-100.0
fooddrink,0,1,0.0,0.05074081591231987,-0.05074081591231987,-100.0
newsworthy,0,1,0.0,0.05074081591231987,-0.05074081591231987,-100.0
break3,0,1,0.0,0.05074081591231987,-0.05074081591231987,-100.0
impressions,0,1,0.0,0.05074081591231987,-0.05074081591231987,-100.0
collab,0,1,0.0,0.05074081591231987,-0.05074081591231987,-100.0
tokenbased,0,1,0.0,0.05074081591231987,-0.05074081591231987,-100.0
servicesthis,0,1,0.0,0.05074081591231987,-0.05074081591231987,-100.0
companyproduct,0,1,0.0,0.05074081591231987,-0.05074081591231987,-100.0
retained,0,1,0.0,0.05074081591231987,-0.05074081591231987,-100.0
fallen,0,1,0.0,0.05074081591231987,-0.05074081591231987,-100.0
guru,0,1,0.0,0.05074081591231987,-0.05074081591231987,-100.0
spied,0,1,0.0,0.05074081591231987,-0.05074081591231987,-100.0
etc2,0,1,0.0,0.05074081591231987,-0.05074081591231987,-100.0
budyboss,0,1,0.0,0.05074081591231987,-0.05074081591231987,-100.0
meal,0,1,0.0,0.05074081591231987,-0.05074081591231987,-100.0
ashley,0,1,0.0,0.05074081591231987,-0.05074081591231987,-100.0
unjustified,0,1,0.0,0.05074081591231987,-0.05074081591231987,-100.0
dialed,0,1,0.0,0.05074081591231987,-0.05074081591231987,-100.0
vrarequipped,0,1,0.0,0.05074081591231987,-0.05074081591231987,-100.0
exotic,0,1,0.0,0.05074081591231987,-0.05074081591231987,-100.0
nonviolent,0,1,0.0,0.05074081591231987,-0.05074081591231987,-100.0
sarah,0,1,0.0,0.05074081591231987,-0.05074081591231987,-100.0
solutionkarma,0,1,0.0,0.05074081591231987,-0.05074081591231987,-100.0
usersin,0,1,0.0,0.05074081591231987,-0.05074081591231987,-100.0
remainder,0,1,0.0,0.05074081591231987,-0.05074081591231987,-100.0
jones,0,1,0.0,0.05074081591231987,-0.05074081591231987,-100.0
loves,0,1,0.0,0.05074081591231987,-0.05074081591231987,-100.0
usps,0,1,0.0,0.05074081591231987,-0.05074081591231987,-100.0
datesecondly,0,1,0.0,0.05074081591231987,-0.05074081591231987,-100.0
categorization,0,1,0.0,0.05074081591231987,-0.05074081591231987,-100.0
advertisingmy,0,1,0.0,0.05074081591231987,-0.05074081591231987,-100.0
salesteam,0,1,0.0,0.05074081591231987,-0.05074081591231987,-100.0
gladly,0,1,0.0,0.05074081591231987,-0.05074081591231987,-100.0
165m,0,1,0.0,0.05074081591231987,-0.05074081591231987,-100.0
merely,0,1,0.0,0.05074081591231987,-0.05074081591231987,-100.0
500mo,0,1,0.0,0.05074081591231987,-0.05074081591231987,-100.0
hubspot,0,1,0.0,0.05074081591231987,-0.05074081591231987,-100.0
air,0,1,0.0,0.05074081591231987,-0.05074081591231987,-100.0
debacle,0,1,0.0,0.05074081591231987,-0.05074081591231987,-100.0
brand24,0,1,0.0,0.05074081591231987,-0.05074081591231987,-100.0
10head,0,1,0.0,0.05074081591231987,-0.05074081591231987,-100.0
propose,0,1,0.0,0.05074081591231987,-0.05074081591231987,-100.0
clicksto,0,1,0.0,0.05074081591231987,-0.05074081591231987,-100.0
platformmarketplace,0,1,0.0,0.05074081591231987,-0.05074081591231987,-100.0
exposed,0,1,0.0,0.05074081591231987,-0.05074081591231987,-100.0
debuggers,0,1,0.0,0.05074081591231987,-0.05074081591231987,-100.0
valves,0,1,0.0,0.05074081591231987,-0.05074081591231987,-100.0
photoshootweve,0,1,0.0,0.05074081591231987,-0.05074081591231987,-100.0
believes,0,1,0.0,0.05074081591231987,-0.05074081591231987,-100.0
negligiblypriced,0,1,0.0,0.05074081591231987,-0.05074081591231987,-100.0
electric,0,1,0.0,0.05074081591231987,-0.05074081591231987,-100.0
happenings,0,1,0.0,0.05074081591231987,-0.05074081591231987,-100.0
optimising,0,1,0.0,0.05074081591231987,-0.05074081591231987,-100.0
cagrtam,0,1,0.0,0.05074081591231987,-0.05074081591231987,-100.0
paperwhat,0,1,0.0,0.05074081591231987,-0.05074081591231987,-100.0
quantified,0,1,0.0,0.05074081591231987,-0.05074081591231987,-100.0
nowadays,0,1,0.0,0.05074081591231987,-0.05074081591231987,-100.0
actionwhile,0,1,0.0,0.05074081591231987,-0.05074081591231987,-100.0
spamdetecting,0,1,0.0,0.05074081591231987,-0.05074081591231987,-100.0
admission,0,1,0.0,0.05074081591231987,-0.05074081591231987,-100.0
devoting,0,1,0.0,0.05074081591231987,-0.05074081591231987,-100.0
seibel,0,1,0.0,0.05074081591231987,-0.05074081591231987,-100.0
rings,0,1,0.0,0.05074081591231987,-0.05074081591231987,-100.0
stakeholders,0,1,0.0,0.05074081591231987,-0.05074081591231987,-100.0
thingscompared,0,1,0.0,0.05074081591231987,-0.05074081591231987,-100.0
httpswwwyoutubecomwatchvxul9bzuo8ra,0,1,0.0,0.05074081591231987,-0.05074081591231987,-100.0
login,0,1,0.0,0.05074081591231987,-0.05074081591231987,-100.0
rigs,0,1,0.0,0.05074081591231987,-0.05074081591231987,-100.0
methodsin,0,1,0.0,0.05074081591231987,-0.05074081591231987,-100.0
trackingour,0,1,0.0,0.05074081591231987,-0.05074081591231987,-100.0
quietly3,0,1,0.0,0.05074081591231987,-0.05074081591231987,-100.0
recommended,0,1,0.0,0.05074081591231987,-0.05074081591231987,-100.0
meanings,0,1,0.0,0.05074081591231987,-0.05074081591231987,-100.0
shrink,0,1,0.0,0.05074081591231987,-0.05074081591231987,-100.0
favour,0,1,0.0,0.05074081591231987,-0.05074081591231987,-100.0
2000s,0,1,0.0,0.05074081591231987,-0.05074081591231987,-100.0
invented,0,1,0.0,0.05074081591231987,-0.05074081591231987,-100.0
30sec,0,1,0.0,0.05074081591231987,-0.05074081591231987,-100.0
unclog,0,1,0.0,0.05074081591231987,-0.05074081591231987,-100.0
consolation,0,1,0.0,0.05074081591231987,-0.05074081591231987,-100.0
favourite,0,1,0.0,0.05074081591231987,-0.05074081591231987,-100.0
studentswe,0,1,0.0,0.05074081591231987,-0.05074081591231987,-100.0
dispensable,0,1,0.0,0.05074081591231987,-0.05074081591231987,-100.0
webpage,0,1,0.0,0.05074081591231987,-0.05074081591231987,-100.0
conceivable,0,1,0.0,0.05074081591231987,-0.05074081591231987,-100.0
joy,0,1,0.0,0.05074081591231987,-0.05074081591231987,-100.0
spendhowever,0,1,0.0,0.05074081591231987,-0.05074081591231987,-100.0
swes,0,1,0.0,0.05074081591231987,-0.05074081591231987,-100.0
illustrator,0,1,0.0,0.05074081591231987,-0.05074081591231987,-100.0
tail,0,1,0.0,0.05074081591231987,-0.05074081591231987,-100.0
uberpeoplenet,0,1,0.0,0.05074081591231987,-0.05074081591231987,-100.0
relates,0,1,0.0,0.05074081591231987,-0.05074081591231987,-100.0
inadequate,0,1,0.0,0.05074081591231987,-0.05074081591231987,-100.0
genuinely,0,1,0.0,0.05074081591231987,-0.05074081591231987,-100.0
120m,0,1,0.0,0.05074081591231987,-0.05074081591231987,-100.0
codeneither,0,1,0.0,0.05074081591231987,-0.05074081591231987,-100.0
wheat,0,1,0.0,0.05074081591231987,-0.05074081591231987,-100.0
week4,0,1,0.0,0.05074081591231987,-0.05074081591231987,-100.0
bullet,0,1,0.0,0.05074081591231987,-0.05074081591231987,-100.0
register,0,1,0.0,0.05074081591231987,-0.05074081591231987,-100.0
raspberry,0,1,0.0,0.05074081591231987,-0.05074081591231987,-100.0
erics,0,1,0.0,0.05074081591231987,-0.05074081591231987,-100.0
schoolwork,0,1,0.0,0.05074081591231987,-0.05074081591231987,-100.0
opens,0,1,0.0,0.05074081591231987,-0.05074081591231987,-100.0
ulterior,0,1,0.0,0.05074081591231987,-0.05074081591231987,-100.0
moneykevin,0,1,0.0,0.05074081591231987,-0.05074081591231987,-100.0
icon,0,1,0.0,0.05074081591231987,-0.05074081591231987,-100.0
docsfm,0,1,0.0,0.05074081591231987,-0.05074081591231987,-100.0
httpglovoappcom,0,1,0.0,0.05074081591231987,-0.05074081591231987,-100.0
hoas,0,1,0.0,0.05074081591231987,-0.05074081591231987,-100.0
delayed,0,1,0.0,0.05074081591231987,-0.05074081591231987,-100.0
patterns,0,1,0.0,0.05074081591231987,-0.05074081591231987,-100.0
listeningpaths,0,1,0.0,0.05074081591231987,-0.05074081591231987,-100.0
printer,0,1,0.0,0.05074081591231987,-0.05074081591231987,-100.0
teambyteam,0,1,0.0,0.05074081591231987,-0.05074081591231987,-100.0
month40000,0,1,0.0,0.05074081591231987,-0.05074081591231987,-100.0
preordering,0,1,0.0,0.05074081591231987,-0.05074081591231987,-100.0
proves,0,1,0.0,0.05074081591231987,-0.05074081591231987,-100.0
investigation,0,1,0.0,0.05074081591231987,-0.05074081591231987,-100.0
modest,0,1,0.0,0.05074081591231987,-0.05074081591231987,-100.0
dataouput,0,1,0.0,0.05074081591231987,-0.05074081591231987,-100.0
appear,0,1,0.0,0.05074081591231987,-0.05074081591231987,-100.0
ditch,0,1,0.0,0.05074081591231987,-0.05074081591231987,-100.0
demos,0,1,0.0,0.05074081591231987,-0.05074081591231987,-100.0
failing,0,1,0.0,0.05074081591231987,-0.05074081591231987,-100.0
100th,0,1,0.0,0.05074081591231987,-0.05074081591231987,-100.0
minimize,0,1,0.0,0.05074081591231987,-0.05074081591231987,-100.0
fascinating,0,1,0.0,0.05074081591231987,-0.05074081591231987,-100.0
ordinary,0,1,0.0,0.05074081591231987,-0.05074081591231987,-100.0
possibleour,0,1,0.0,0.05074081591231987,-0.05074081591231987,-100.0
proving,0,1,0.0,0.05074081591231987,-0.05074081591231987,-100.0
chronic,0,1,0.0,0.05074081591231987,-0.05074081591231987,-100.0
performs,0,1,0.0,0.05074081591231987,-0.05074081591231987,-100.0
formulas,0,1,0.0,0.05074081591231987,-0.05074081591231987,-100.0
betteruntil,0,1,0.0,0.05074081591231987,-0.05074081591231987,-100.0
perl,0,1,0.0,0.05074081591231987,-0.05074081591231987,-100.0
workspacethe,0,1,0.0,0.05074081591231987,-0.05074081591231987,-100.0
footprint,0,1,0.0,0.05074081591231987,-0.05074081591231987,-100.0
era,0,1,0.0,0.05074081591231987,-0.05074081591231987,-100.0
eating,0,1,0.0,0.05074081591231987,-0.05074081591231987,-100.0
legitimate,0,1,0.0,0.05074081591231987,-0.05074081591231987,-100.0
ipadswhich,0,1,0.0,0.05074081591231987,-0.05074081591231987,-100.0
consistency,0,1,0.0,0.05074081591231987,-0.05074081591231987,-100.0
bilingual,0,1,0.0,0.05074081591231987,-0.05074081591231987,-100.0
fictitious,0,1,0.0,0.05074081591231987,-0.05074081591231987,-100.0
heighten,0,1,0.0,0.05074081591231987,-0.05074081591231987,-100.0
functioning,0,1,0.0,0.05074081591231987,-0.05074081591231987,-100.0
existdevelopers,0,1,0.0,0.05074081591231987,-0.05074081591231987,-100.0
alist,0,1,0.0,0.05074081591231987,-0.05074081591231987,-100.0
pitches,0,1,0.0,0.05074081591231987,-0.05074081591231987,-100.0
lever,0,1,0.0,0.05074081591231987,-0.05074081591231987,-100.0
meanwhile,0,1,0.0,0.05074081591231987,-0.05074081591231987,-100.0
mc2,0,1,0.0,0.05074081591231987,-0.05074081591231987,-100.0
terminal,0,1,0.0,0.05074081591231987,-0.05074081591231987,-100.0
maximum,0,1,0.0,0.05074081591231987,-0.05074081591231987,-100.0
webscrapingautomating,0,1,0.0,0.05074081591231987,-0.05074081591231987,-100.0
organised,0,1,0.0,0.05074081591231987,-0.05074081591231987,-100.0
crystal,0,1,0.0,0.05074081591231987,-0.05074081591231987,-100.0
incompetent,0,1,0.0,0.05074081591231987,-0.05074081591231987,-100.0
softwareasaservice,0,1,0.0,0.05074081591231987,-0.05074081591231987,-100.0
interlacing,0,1,0.0,0.05074081591231987,-0.05074081591231987,-100.0
networkers,0,1,0.0,0.05074081591231987,-0.05074081591231987,-100.0
vulnerablemaking,0,1,0.0,0.05074081591231987,-0.05074081591231987,-100.0
prosper,0,1,0.0,0.05074081591231987,-0.05074081591231987,-100.0
productinclined,0,1,0.0,0.05074081591231987,-0.05074081591231987,-100.0
pricegiven,0,1,0.0,0.05074081591231987,-0.05074081591231987,-100.0
throw,0,1,0.0,0.05074081591231987,-0.05074081591231987,-100.0
doubled,0,1,0.0,0.05074081591231987,-0.05074081591231987,-100.0
creatively,0,1,0.0,0.05074081591231987,-0.05074081591231987,-100.0
dislike,0,1,0.0,0.05074081591231987,-0.05074081591231987,-100.0
tilt,0,1,0.0,0.05074081591231987,-0.05074081591231987,-100.0
nutrition,0,1,0.0,0.05074081591231987,-0.05074081591231987,-100.0
fixingfreelance,0,1,0.0,0.05074081591231987,-0.05074081591231987,-100.0
preinstalled,0,1,0.0,0.05074081591231987,-0.05074081591231987,-100.0
hmc,0,1,0.0,0.05074081591231987,-0.05074081591231987,-100.0
earliest,0,1,0.0,0.05074081591231987,-0.05074081591231987,-100.0
leak,0,1,0.0,0.05074081591231987,-0.05074081591231987,-100.0
kapwing,0,1,0.0,0.05074081591231987,-0.05074081591231987,-100.0
soughtafter,0,1,0.0,0.05074081591231987,-0.05074081591231987,-100.0
prospective,0,1,0.0,0.05074081591231987,-0.05074081591231987,-100.0
edits,0,1,0.0,0.05074081591231987,-0.05074081591231987,-100.0
10bb,0,1,0.0,0.05074081591231987,-0.05074081591231987,-100.0
misleading,0,1,0.0,0.05074081591231987,-0.05074081591231987,-100.0
375m,0,1,0.0,0.05074081591231987,-0.05074081591231987,-100.0
lovehate,0,1,0.0,0.05074081591231987,-0.05074081591231987,-100.0
modeled,0,1,0.0,0.05074081591231987,-0.05074081591231987,-100.0
love3,0,1,0.0,0.05074081591231987,-0.05074081591231987,-100.0
250camera,0,1,0.0,0.05074081591231987,-0.05074081591231987,-100.0
okrs,0,1,0.0,0.05074081591231987,-0.05074081591231987,-100.0
brandsit,0,1,0.0,0.05074081591231987,-0.05074081591231987,-100.0
sift,0,1,0.0,0.05074081591231987,-0.05074081591231987,-100.0
scratchhow,0,1,0.0,0.05074081591231987,-0.05074081591231987,-100.0
gamesentertainment,0,1,0.0,0.05074081591231987,-0.05074081591231987,-100.0
editsthey,0,1,0.0,0.05074081591231987,-0.05074081591231987,-100.0
httpsgithubcomsimulavrsimulawikimonthlyupdate20171231our,0,1,0.0,0.05074081591231987,-0.05074081591231987,-100.0
generous,0,1,0.0,0.05074081591231987,-0.05074081591231987,-100.0
khanacademy,0,1,0.0,0.05074081591231987,-0.05074081591231987,-100.0
absolute,0,1,0.0,0.05074081591231987,-0.05074081591231987,-100.0
dismissive,0,1,0.0,0.05074081591231987,-0.05074081591231987,-100.0
bandwidth,0,1,0.0,0.05074081591231987,-0.05074081591231987,-100.0
rasacom,0,1,0.0,0.05074081591231987,-0.05074081591231987,-100.0
daybenefit,0,1,0.0,0.05074081591231987,-0.05074081591231987,-100.0
exams,0,1,0.0,0.05074081591231987,-0.05074081591231987,-100.0
privately,0,1,0.0,0.05074081591231987,-0.05074081591231987,-100.0
covid,0,1,0.0,0.05074081591231987,-0.05074081591231987,-100.0
supplementing,0,1,0.0,0.05074081591231987,-0.05074081591231987,-100.0
anki,0,1,0.0,0.05074081591231987,-0.05074081591231987,-100.0
wouldve,0,1,0.0,0.05074081591231987,-0.05074081591231987,-100.0
sugar,0,1,0.0,0.05074081591231987,-0.05074081591231987,-100.0
las,0,1,0.0,0.05074081591231987,-0.05074081591231987,-100.0
sport,0,1,0.0,0.05074081591231987,-0.05074081591231987,-100.0
ratio,0,1,0.0,0.05074081591231987,-0.05074081591231987,-100.0
tanus,0,1,0.0,0.05074081591231987,-0.05074081591231987,-100.0
dissemination,0,1,0.0,0.05074081591231987,-0.05074081591231987,-100.0
blow,0,1,0.0,0.05074081591231987,-0.05074081591231987,-100.0
invaluablein,0,1,0.0,0.05074081591231987,-0.05074081591231987,-100.0
painstakingly,0,1,0.0,0.05074081591231987,-0.05074081591231987,-100.0
assistant,0,1,0.0,0.05074081591231987,-0.05074081591231987,-100.0
characters,0,1,0.0,0.05074081591231987,-0.05074081591231987,-100.0
performingwriters,0,1,0.0,0.05074081591231987,-0.05074081591231987,-100.0
vps,0,1,0.0,0.05074081591231987,-0.05074081591231987,-100.0
trigger,0,1,0.0,0.05074081591231987,-0.05074081591231987,-100.0
mnhttpswwwsdmmagcomarticles92407riseofsurveillancecamerainstalledbaseslows,0,1,0.0,0.05074081591231987,-0.05074081591231987,-100.0
uklondon,0,1,0.0,0.05074081591231987,-0.05074081591231987,-100.0
demoing,0,1,0.0,0.05074081591231987,-0.05074081591231987,-100.0
faking,0,1,0.0,0.05074081591231987,-0.05074081591231987,-100.0
locationbased,0,1,0.0,0.05074081591231987,-0.05074081591231987,-100.0
contemplating,0,1,0.0,0.05074081591231987,-0.05074081591231987,-100.0
informationthe,0,1,0.0,0.05074081591231987,-0.05074081591231987,-100.0
entrepreneursfor,0,1,0.0,0.05074081591231987,-0.05074081591231987,-100.0
inr,0,1,0.0,0.05074081591231987,-0.05074081591231987,-100.0
exploit,0,1,0.0,0.05074081591231987,-0.05074081591231987,-100.0
twitterfb,0,1,0.0,0.05074081591231987,-0.05074081591231987,-100.0
8000month,0,1,0.0,0.05074081591231987,-0.05074081591231987,-100.0
hours4,0,1,0.0,0.05074081591231987,-0.05074081591231987,-100.0
dataexisting,0,1,0.0,0.05074081591231987,-0.05074081591231987,-100.0
closedsource,0,1,0.0,0.05074081591231987,-0.05074081591231987,-100.0
1the,0,1,0.0,0.05074081591231987,-0.05074081591231987,-100.0
shortage,0,1,0.0,0.05074081591231987,-0.05074081591231987,-100.0
personteam,0,1,0.0,0.05074081591231987,-0.05074081591231987,-100.0
submitting,0,1,0.0,0.05074081591231987,-0.05074081591231987,-100.0
decied,0,1,0.0,0.05074081591231987,-0.05074081591231987,-100.0
evaluations,0,1,0.0,0.05074081591231987,-0.05074081591231987,-100.0
turkers,0,1,0.0,0.05074081591231987,-0.05074081591231987,-100.0
squarespace,0,1,0.0,0.05074081591231987,-0.05074081591231987,-100.0
millionour,0,1,0.0,0.05074081591231987,-0.05074081591231987,-100.0
xcodes,0,1,0.0,0.05074081591231987,-0.05074081591231987,-100.0
borntoday,0,1,0.0,0.05074081591231987,-0.05074081591231987,-100.0
globally,0,1,0.0,0.05074081591231987,-0.05074081591231987,-100.0
opendoor,0,1,0.0,0.05074081591231987,-0.05074081591231987,-100.0
concertsports,0,1,0.0,0.05074081591231987,-0.05074081591231987,-100.0
occurred,0,1,0.0,0.05074081591231987,-0.05074081591231987,-100.0
allthe,0,1,0.0,0.05074081591231987,-0.05074081591231987,-100.0
sparta,0,1,0.0,0.05074081591231987,-0.05074081591231987,-100.0
kanban,0,1,0.0,0.05074081591231987,-0.05074081591231987,-100.0
liquidity,0,1,0.0,0.05074081591231987,-0.05074081591231987,-100.0
wellpolished,0,1,0.0,0.05074081591231987,-0.05074081591231987,-100.0
democratised,0,1,0.0,0.05074081591231987,-0.05074081591231987,-100.0
localities,0,1,0.0,0.05074081591231987,-0.05074081591231987,-100.0
workout,0,1,0.0,0.05074081591231987,-0.05074081591231987,-100.0
marketecosystem,0,1,0.0,0.05074081591231987,-0.05074081591231987,-100.0
pluggio,0,1,0.0,0.05074081591231987,-0.05074081591231987,-100.0
qualify,0,1,0.0,0.05074081591231987,-0.05074081591231987,-100.0
permissively,0,1,0.0,0.05074081591231987,-0.05074081591231987,-100.0
shoes,0,1,0.0,0.05074081591231987,-0.05074081591231987,-100.0
annuallyeven,0,1,0.0,0.05074081591231987,-0.05074081591231987,-100.0
specs,0,1,0.0,0.05074081591231987,-0.05074081591231987,-100.0
crunch,0,1,0.0,0.05074081591231987,-0.05074081591231987,-100.0
swag,0,1,0.0,0.05074081591231987,-0.05074081591231987,-100.0
motiondetecting,0,1,0.0,0.05074081591231987,-0.05074081591231987,-100.0
undertaken,0,1,0.0,0.05074081591231987,-0.05074081591231987,-100.0
echo,0,1,0.0,0.05074081591231987,-0.05074081591231987,-100.0
physicists,0,1,0.0,0.05074081591231987,-0.05074081591231987,-100.0
suspected,0,1,0.0,0.05074081591231987,-0.05074081591231987,-100.0
websecond,0,1,0.0,0.05074081591231987,-0.05074081591231987,-100.0
hazmat,0,1,0.0,0.05074081591231987,-0.05074081591231987,-100.0
misses,0,1,0.0,0.05074081591231987,-0.05074081591231987,-100.0
halt,0,1,0.0,0.05074081591231987,-0.05074081591231987,-100.0
publisher,0,1,0.0,0.05074081591231987,-0.05074081591231987,-100.0
conservation11,0,1,0.0,0.05074081591231987,-0.05074081591231987,-100.0
halfbaked,0,1,0.0,0.05074081591231987,-0.05074081591231987,-100.0
coursera,0,1,0.0,0.05074081591231987,-0.05074081591231987,-100.0
diminished,0,1,0.0,0.05074081591231987,-0.05074081591231987,-100.0
equates,0,1,0.0,0.05074081591231987,-0.05074081591231987,-100.0
escape,0,1,0.0,0.05074081591231987,-0.05074081591231987,-100.0
painfully,0,1,0.0,0.05074081591231987,-0.05074081591231987,-100.0
donating,0,1,0.0,0.05074081591231987,-0.05074081591231987,-100.0
submissions,0,1,0.0,0.05074081591231987,-0.05074081591231987,-100.0
learning3,0,1,0.0,0.05074081591231987,-0.05074081591231987,-100.0
1hrday2,0,1,0.0,0.05074081591231987,-0.05074081591231987,-100.0
murakami,0,1,0.0,0.05074081591231987,-0.05074081591231987,-100.0
listtask,0,1,0.0,0.05074081591231987,-0.05074081591231987,-100.0
panasonicwe,0,1,0.0,0.05074081591231987,-0.05074081591231987,-100.0
bus,0,1,0.0,0.05074081591231987,-0.05074081591231987,-100.0
cxos,0,1,0.0,0.05074081591231987,-0.05074081591231987,-100.0
separated,0,1,0.0,0.05074081591231987,-0.05074081591231987,-100.0
anniversaries,0,1,0.0,0.05074081591231987,-0.05074081591231987,-100.0
prioritization,0,1,0.0,0.05074081591231987,-0.05074081591231987,-100.0
databases,0,1,0.0,0.05074081591231987,-0.05074081591231987,-100.0
3300weve,0,1,0.0,0.05074081591231987,-0.05074081591231987,-100.0
minishootsthe,0,1,0.0,0.05074081591231987,-0.05074081591231987,-100.0
tourists,0,1,0.0,0.05074081591231987,-0.05074081591231987,-100.0
organically,0,1,0.0,0.05074081591231987,-0.05074081591231987,-100.0
wallet,0,1,0.0,0.05074081591231987,-0.05074081591231987,-100.0
chickenegg,0,1,0.0,0.05074081591231987,-0.05074081591231987,-100.0
cabs,0,1,0.0,0.05074081591231987,-0.05074081591231987,-100.0
extracting,0,1,0.0,0.05074081591231987,-0.05074081591231987,-100.0
songs,0,1,0.0,0.05074081591231987,-0.05074081591231987,-100.0
stepyou,0,1,0.0,0.05074081591231987,-0.05074081591231987,-100.0
wipe,0,1,0.0,0.05074081591231987,-0.05074081591231987,-100.0
abusive,0,1,0.0,0.05074081591231987,-0.05074081591231987,-100.0
regioncity,0,1,0.0,0.05074081591231987,-0.05074081591231987,-100.0
lowerincome,0,1,0.0,0.05074081591231987,-0.05074081591231987,-100.0
grammar,0,1,0.0,0.05074081591231987,-0.05074081591231987,-100.0
highlights,0,1,0.0,0.05074081591231987,-0.05074081591231987,-100.0
foursquareyelp,0,1,0.0,0.05074081591231987,-0.05074081591231987,-100.0
jpg,0,1,0.0,0.05074081591231987,-0.05074081591231987,-100.0
lifesaver,0,1,0.0,0.05074081591231987,-0.05074081591231987,-100.0
quantify,0,1,0.0,0.05074081591231987,-0.05074081591231987,-100.0
employeesteams,0,1,0.0,0.05074081591231987,-0.05074081591231987,-100.0
natively,0,1,0.0,0.05074081591231987,-0.05074081591231987,-100.0
renter,0,1,0.0,0.05074081591231987,-0.05074081591231987,-100.0
commented,0,1,0.0,0.05074081591231987,-0.05074081591231987,-100.0
adjacent,0,1,0.0,0.05074081591231987,-0.05074081591231987,-100.0
100million,0,1,0.0,0.05074081591231987,-0.05074081591231987,-100.0
depth,0,1,0.0,0.05074081591231987,-0.05074081591231987,-100.0
marketdistributor,0,1,0.0,0.05074081591231987,-0.05074081591231987,-100.0
administratively,0,1,0.0,0.05074081591231987,-0.05074081591231987,-100.0
ourselveswe,0,1,0.0,0.05074081591231987,-0.05074081591231987,-100.0
referralshowever,0,1,0.0,0.05074081591231987,-0.05074081591231987,-100.0
bookswhat,0,1,0.0,0.05074081591231987,-0.05074081591231987,-100.0
dogs130k,0,1,0.0,0.05074081591231987,-0.05074081591231987,-100.0
httpsstripecomblogstripehome,0,1,0.0,0.05074081591231987,-0.05074081591231987,-100.0
outfit,0,1,0.0,0.05074081591231987,-0.05074081591231987,-100.0
doctors,0,1,0.0,0.05074081591231987,-0.05074081591231987,-100.0
practice,0,1,0.0,0.05074081591231987,-0.05074081591231987,-100.0
warned,0,1,0.0,0.05074081591231987,-0.05074081591231987,-100.0
15the,0,1,0.0,0.05074081591231987,-0.05074081591231987,-100.0
complimentary,0,1,0.0,0.05074081591231987,-0.05074081591231987,-100.0
colorado,0,1,0.0,0.05074081591231987,-0.05074081591231987,-100.0
ideaguardmypadcom,0,1,0.0,0.05074081591231987,-0.05074081591231987,-100.0
writtenive,0,1,0.0,0.05074081591231987,-0.05074081591231987,-100.0
wonderfully,0,1,0.0,0.05074081591231987,-0.05074081591231987,-100.0
interwoven,0,1,0.0,0.05074081591231987,-0.05074081591231987,-100.0
biz,0,1,0.0,0.05074081591231987,-0.05074081591231987,-100.0
jumping,0,1,0.0,0.05074081591231987,-0.05074081591231987,-100.0
advent,0,1,0.0,0.05074081591231987,-0.05074081591231987,-100.0
thatid,0,1,0.0,0.05074081591231987,-0.05074081591231987,-100.0
itches,0,1,0.0,0.05074081591231987,-0.05074081591231987,-100.0
ico2,0,1,0.0,0.05074081591231987,-0.05074081591231987,-100.0
bshara,0,1,0.0,0.05074081591231987,-0.05074081591231987,-100.0
vcsangels,0,1,0.0,0.05074081591231987,-0.05074081591231987,-100.0
wraps,0,1,0.0,0.05074081591231987,-0.05074081591231987,-100.0
enforcing,0,1,0.0,0.05074081591231987,-0.05074081591231987,-100.0
prevent,0,1,0.0,0.05074081591231987,-0.05074081591231987,-100.0
httpswwwkickstartercomprojects936813051stoicplatform,0,1,0.0,0.05074081591231987,-0.05074081591231987,-100.0
controversial,0,1,0.0,0.05074081591231987,-0.05074081591231987,-100.0
665our,0,1,0.0,0.05074081591231987,-0.05074081591231987,-100.0
leaning,0,1,0.0,0.05074081591231987,-0.05074081591231987,-100.0
anticipation,0,1,0.0,0.05074081591231987,-0.05074081591231987,-100.0
productim,0,1,0.0,0.05074081591231987,-0.05074081591231987,-100.0
thiswe,0,1,0.0,0.05074081591231987,-0.05074081591231987,-100.0
adsrolo,0,1,0.0,0.05074081591231987,-0.05074081591231987,-100.0
discoverer,0,1,0.0,0.05074081591231987,-0.05074081591231987,-100.0
remembered,0,1,0.0,0.05074081591231987,-0.05074081591231987,-100.0
counterculture,0,1,0.0,0.05074081591231987,-0.05074081591231987,-100.0
conjugations,0,1,0.0,0.05074081591231987,-0.05074081591231987,-100.0
redactedmonth,0,1,0.0,0.05074081591231987,-0.05074081591231987,-100.0
consequence,0,1,0.0,0.05074081591231987,-0.05074081591231987,-100.0
peg,0,1,0.0,0.05074081591231987,-0.05074081591231987,-100.0
grubhub,0,1,0.0,0.05074081591231987,-0.05074081591231987,-100.0
booksreaders,0,1,0.0,0.05074081591231987,-0.05074081591231987,-100.0
syndicating,0,1,0.0,0.05074081591231987,-0.05074081591231987,-100.0
fstopfm,0,1,0.0,0.05074081591231987,-0.05074081591231987,-100.0
varying,0,1,0.0,0.05074081591231987,-0.05074081591231987,-100.0
ouraringcom,0,1,0.0,0.05074081591231987,-0.05074081591231987,-100.0
stoic,0,1,0.0,0.05074081591231987,-0.05074081591231987,-100.0
halftime,0,1,0.0,0.05074081591231987,-0.05074081591231987,-100.0
overcoming,0,1,0.0,0.05074081591231987,-0.05074081591231987,-100.0
alphabetscharacters,0,1,0.0,0.05074081591231987,-0.05074081591231987,-100.0
audiencesour,0,1,0.0,0.05074081591231987,-0.05074081591231987,-100.0
ehv,0,1,0.0,0.05074081591231987,-0.05074081591231987,-100.0
wavelength,0,1,0.0,0.05074081591231987,-0.05074081591231987,-100.0
communicating,0,1,0.0,0.05074081591231987,-0.05074081591231987,-100.0
trafficthird,0,1,0.0,0.05074081591231987,-0.05074081591231987,-100.0
burt,0,1,0.0,0.05074081591231987,-0.05074081591231987,-100.0
lob,0,1,0.0,0.05074081591231987,-0.05074081591231987,-100.0
cohorts,0,1,0.0,0.05074081591231987,-0.05074081591231987,-100.0
iwriter,0,1,0.0,0.05074081591231987,-0.05074081591231987,-100.0
iterationthe,0,1,0.0,0.05074081591231987,-0.05074081591231987,-100.0
hesitate,0,1,0.0,0.05074081591231987,-0.05074081591231987,-100.0
metrics17k,0,1,0.0,0.05074081591231987,-0.05074081591231987,-100.0
90m,0,1,0.0,0.05074081591231987,-0.05074081591231987,-100.0
variation,0,1,0.0,0.05074081591231987,-0.05074081591231987,-100.0
glovo,0,1,0.0,0.05074081591231987,-0.05074081591231987,-100.0
researchtask,0,1,0.0,0.05074081591231987,-0.05074081591231987,-100.0
thingsvalue,0,1,0.0,0.05074081591231987,-0.05074081591231987,-100.0
cuboids,0,1,0.0,0.05074081591231987,-0.05074081591231987,-100.0
bypasses,0,1,0.0,0.05074081591231987,-0.05074081591231987,-100.0
earth,0,1,0.0,0.05074081591231987,-0.05074081591231987,-100.0
defunct,0,1,0.0,0.05074081591231987,-0.05074081591231987,-100.0
touched,0,1,0.0,0.05074081591231987,-0.05074081591231987,-100.0
observe,0,1,0.0,0.05074081591231987,-0.05074081591231987,-100.0
licensed,0,1,0.0,0.05074081591231987,-0.05074081591231987,-100.0
cashand,0,1,0.0,0.05074081591231987,-0.05074081591231987,-100.0
replacing,0,1,0.0,0.05074081591231987,-0.05074081591231987,-100.0
httpssethsblogthepracticehttpssethsblogthepractice,0,1,0.0,0.05074081591231987,-0.05074081591231987,-100.0
wartimeenter,0,1,0.0,0.05074081591231987,-0.05074081591231987,-100.0
ukin,0,1,0.0,0.05074081591231987,-0.05074081591231987,-100.0
communitystartup,0,1,0.0,0.05074081591231987,-0.05074081591231987,-100.0
discussing,0,1,0.0,0.05074081591231987,-0.05074081591231987,-100.0
companyengagement,0,1,0.0,0.05074081591231987,-0.05074081591231987,-100.0
geolocation,0,1,0.0,0.05074081591231987,-0.05074081591231987,-100.0
playlist,0,1,0.0,0.05074081591231987,-0.05074081591231987,-100.0
httpwwwtopcodercomfinally,0,1,0.0,0.05074081591231987,-0.05074081591231987,-100.0
abundance,0,1,0.0,0.05074081591231987,-0.05074081591231987,-100.0
unusable,0,1,0.0,0.05074081591231987,-0.05074081591231987,-100.0
passage,0,1,0.0,0.05074081591231987,-0.05074081591231987,-100.0
sustain,0,1,0.0,0.05074081591231987,-0.05074081591231987,-100.0
diving,0,1,0.0,0.05074081591231987,-0.05074081591231987,-100.0
httpbufferappcom,0,1,0.0,0.05074081591231987,-0.05074081591231987,-100.0
25k,0,1,0.0,0.05074081591231987,-0.05074081591231987,-100.0
explicit,0,1,0.0,0.05074081591231987,-0.05074081591231987,-100.0
beaches,0,1,0.0,0.05074081591231987,-0.05074081591231987,-100.0
plans3,0,1,0.0,0.05074081591231987,-0.05074081591231987,-100.0
co2,0,1,0.0,0.05074081591231987,-0.05074081591231987,-100.0
belowroughly,0,1,0.0,0.05074081591231987,-0.05074081591231987,-100.0
transparencypressure,0,1,0.0,0.05074081591231987,-0.05074081591231987,-100.0
expectation,0,1,0.0,0.05074081591231987,-0.05074081591231987,-100.0
matrix,0,1,0.0,0.05074081591231987,-0.05074081591231987,-100.0
modelpy,0,1,0.0,0.05074081591231987,-0.05074081591231987,-100.0
objectivec,0,1,0.0,0.05074081591231987,-0.05074081591231987,-100.0
20000it,0,1,0.0,0.05074081591231987,-0.05074081591231987,-100.0
sprints,0,1,0.0,0.05074081591231987,-0.05074081591231987,-100.0
togethertask,0,1,0.0,0.05074081591231987,-0.05074081591231987,-100.0
habitforming,0,1,0.0,0.05074081591231987,-0.05074081591231987,-100.0
horizontal,0,1,0.0,0.05074081591231987,-0.05074081591231987,-100.0
footing,0,1,0.0,0.05074081591231987,-0.05074081591231987,-100.0
moods,0,1,0.0,0.05074081591231987,-0.05074081591231987,-100.0
vienna,0,1,0.0,0.05074081591231987,-0.05074081591231987,-100.0
coma,0,1,0.0,0.05074081591231987,-0.05074081591231987,-100.0
socialoomph,0,1,0.0,0.05074081591231987,-0.05074081591231987,-100.0
outsourcefreelancer,0,1,0.0,0.05074081591231987,-0.05074081591231987,-100.0
metadata,0,1,0.0,0.05074081591231987,-0.05074081591231987,-100.0
availablea,0,1,0.0,0.05074081591231987,-0.05074081591231987,-100.0
unscheduled,0,1,0.0,0.05074081591231987,-0.05074081591231987,-100.0
steep,0,1,0.0,0.05074081591231987,-0.05074081591231987,-100.0
unionization,0,1,0.0,0.05074081591231987,-0.05074081591231987,-100.0
thatpeople,0,1,0.0,0.05074081591231987,-0.05074081591231987,-100.0
videorecently,0,1,0.0,0.05074081591231987,-0.05074081591231987,-100.0
takenthe,0,1,0.0,0.05074081591231987,-0.05074081591231987,-100.0
returns,0,1,0.0,0.05074081591231987,-0.05074081591231987,-100.0
digitizing,0,1,0.0,0.05074081591231987,-0.05074081591231987,-100.0
archaic,0,1,0.0,0.05074081591231987,-0.05074081591231987,-100.0
winters,0,1,0.0,0.05074081591231987,-0.05074081591231987,-100.0
rapport,0,1,0.0,0.05074081591231987,-0.05074081591231987,-100.0
omaai,0,1,0.0,0.05074081591231987,-0.05074081591231987,-100.0
gurus,0,1,0.0,0.05074081591231987,-0.05074081591231987,-100.0
eventgoing,0,1,0.0,0.05074081591231987,-0.05074081591231987,-100.0
infinite,0,1,0.0,0.05074081591231987,-0.05074081591231987,-100.0
transferableour,0,1,0.0,0.05074081591231987,-0.05074081591231987,-100.0
oneyear,0,1,0.0,0.05074081591231987,-0.05074081591231987,-100.0
accordingly,0,1,0.0,0.05074081591231987,-0.05074081591231987,-100.0
unmsm,0,1,0.0,0.05074081591231987,-0.05074081591231987,-100.0
indices,0,1,0.0,0.05074081591231987,-0.05074081591231987,-100.0
etcmalteser,0,1,0.0,0.05074081591231987,-0.05074081591231987,-100.0
stabilization,0,1,0.0,0.05074081591231987,-0.05074081591231987,-100.0
commendation,0,1,0.0,0.05074081591231987,-0.05074081591231987,-100.0
stepping,0,1,0.0,0.05074081591231987,-0.05074081591231987,-100.0
renters,0,1,0.0,0.05074081591231987,-0.05074081591231987,-100.0
servicebitspend,0,1,0.0,0.05074081591231987,-0.05074081591231987,-100.0
objectively,0,1,0.0,0.05074081591231987,-0.05074081591231987,-100.0
reasons1,0,1,0.0,0.05074081591231987,-0.05074081591231987,-100.0
timingvr,0,1,0.0,0.05074081591231987,-0.05074081591231987,-100.0
statement,0,1,0.0,0.05074081591231987,-0.05074081591231987,-100.0
lina,0,1,0.0,0.05074081591231987,-0.05074081591231987,-100.0
internalize,0,1,0.0,0.05074081591231987,-0.05074081591231987,-100.0
cryptocurrency,0,1,0.0,0.05074081591231987,-0.05074081591231987,-100.0
freelancersthat,0,1,0.0,0.05074081591231987,-0.05074081591231987,-100.0
monetizes,0,1,0.0,0.05074081591231987,-0.05074081591231987,-100.0
ratings,0,1,0.0,0.05074081591231987,-0.05074081591231987,-100.0
diff,0,1,0.0,0.05074081591231987,-0.05074081591231987,-100.0
preventing,0,1,0.0,0.05074081591231987,-0.05074081591231987,-100.0
centered,0,1,0.0,0.05074081591231987,-0.05074081591231987,-100.0
compromise,0,1,0.0,0.05074081591231987,-0.05074081591231987,-100.0
fmcg,0,1,0.0,0.05074081591231987,-0.05074081591231987,-100.0
accordinglymy,0,1,0.0,0.05074081591231987,-0.05074081591231987,-100.0
honorable,0,1,0.0,0.05074081591231987,-0.05074081591231987,-100.0
tours,0,1,0.0,0.05074081591231987,-0.05074081591231987,-100.0
nodejs,0,1,0.0,0.05074081591231987,-0.05074081591231987,-100.0
forks1,0,1,0.0,0.05074081591231987,-0.05074081591231987,-100.0
eastern,0,1,0.0,0.05074081591231987,-0.05074081591231987,-100.0
speculative,0,1,0.0,0.05074081591231987,-0.05074081591231987,-100.0
curated,0,1,0.0,0.05074081591231987,-0.05074081591231987,-100.0
officer,0,1,0.0,0.05074081591231987,-0.05074081591231987,-100.0
healthier,0,1,0.0,0.05074081591231987,-0.05074081591231987,-100.0
destination,0,1,0.0,0.05074081591231987,-0.05074081591231987,-100.0
footprint5,0,1,0.0,0.05074081591231987,-0.05074081591231987,-100.0
clearly,0,1,0.0,0.05074081591231987,-0.05074081591231987,-100.0
credit4,0,1,0.0,0.05074081591231987,-0.05074081591231987,-100.0
contracting,0,1,0.0,0.05074081591231987,-0.05074081591231987,-100.0
teens,0,1,0.0,0.05074081591231987,-0.05074081591231987,-100.0
routines,0,1,0.0,0.05074081591231987,-0.05074081591231987,-100.0
tests,0,1,0.0,0.05074081591231987,-0.05074081591231987,-100.0
lastly,0,1,0.0,0.05074081591231987,-0.05074081591231987,-100.0
tree,0,1,0.0,0.05074081591231987,-0.05074081591231987,-100.0
likeable,0,1,0.0,0.05074081591231987,-0.05074081591231987,-100.0
feesfor,0,1,0.0,0.05074081591231987,-0.05074081591231987,-100.0
leisure,0,1,0.0,0.05074081591231987,-0.05074081591231987,-100.0
renders,0,1,0.0,0.05074081591231987,-0.05074081591231987,-100.0
cancel,0,1,0.0,0.05074081591231987,-0.05074081591231987,-100.0
navigation,0,1,0.0,0.05074081591231987,-0.05074081591231987,-100.0
disorder,0,1,0.0,0.05074081591231987,-0.05074081591231987,-100.0
youin,0,1,0.0,0.05074081591231987,-0.05074081591231987,-100.0
illnesses,0,1,0.0,0.05074081591231987,-0.05074081591231987,-100.0
mediaanalyst,0,1,0.0,0.05074081591231987,-0.05074081591231987,-100.0
conditioned,0,1,0.0,0.05074081591231987,-0.05074081591231987,-100.0
deliveroo,0,1,0.0,0.05074081591231987,-0.05074081591231987,-100.0
duct,0,1,0.0,0.05074081591231987,-0.05074081591231987,-100.0
mayugo,0,1,0.0,0.05074081591231987,-0.05074081591231987,-100.0
dogs,0,1,0.0,0.05074081591231987,-0.05074081591231987,-100.0
websitehttpslearnvenuecomdemos,0,1,0.0,0.05074081591231987,-0.05074081591231987,-100.0
attachable,0,1,0.0,0.05074081591231987,-0.05074081591231987,-100.0
submitted,0,1,0.0,0.05074081591231987,-0.05074081591231987,-100.0
occams,0,1,0.0,0.05074081591231987,-0.05074081591231987,-100.0
sacks,0,1,0.0,0.05074081591231987,-0.05074081591231987,-100.0
cryptokitties,0,1,0.0,0.05074081591231987,-0.05074081591231987,-100.0
rocking,0,1,0.0,0.05074081591231987,-0.05074081591231987,-100.0
worst,0,1,0.0,0.05074081591231987,-0.05074081591231987,-100.0
demoed,0,1,0.0,0.05074081591231987,-0.05074081591231987,-100.0
rent,0,1,0.0,0.05074081591231987,-0.05074081591231987,-100.0
multiscreen,0,1,0.0,0.05074081591231987,-0.05074081591231987,-100.0
receptiveness,0,1,0.0,0.05074081591231987,-0.05074081591231987,-100.0
kevork,0,1,0.0,0.05074081591231987,-0.05074081591231987,-100.0
leftkevin,0,1,0.0,0.05074081591231987,-0.05074081591231987,-100.0
smb,0,1,0.0,0.05074081591231987,-0.05074081591231987,-100.0
archetype,0,1,0.0,0.05074081591231987,-0.05074081591231987,-100.0
todaywe,0,1,0.0,0.05074081591231987,-0.05074081591231987,-100.0
fail,0,1,0.0,0.05074081591231987,-0.05074081591231987,-100.0
impersonal,0,1,0.0,0.05074081591231987,-0.05074081591231987,-100.0
etckanban,0,1,0.0,0.05074081591231987,-0.05074081591231987,-100.0
drupal,0,1,0.0,0.05074081591231987,-0.05074081591231987,-100.0
purchasers,0,1,0.0,0.05074081591231987,-0.05074081591231987,-100.0
excuses,0,1,0.0,0.05074081591231987,-0.05074081591231987,-100.0
httpsblogtaskpigeonco,0,1,0.0,0.05074081591231987,-0.05074081591231987,-100.0
suboptimal,0,1,0.0,0.05074081591231987,-0.05074081591231987,-100.0
tapping,0,1,0.0,0.05074081591231987,-0.05074081591231987,-100.0
speakers,0,1,0.0,0.05074081591231987,-0.05074081591231987,-100.0
copythe,0,1,0.0,0.05074081591231987,-0.05074081591231987,-100.0
multiplayer,0,1,0.0,0.05074081591231987,-0.05074081591231987,-100.0
yearswe,0,1,0.0,0.05074081591231987,-0.05074081591231987,-100.0
doubling,0,1,0.0,0.05074081591231987,-0.05074081591231987,-100.0
people6,0,1,0.0,0.05074081591231987,-0.05074081591231987,-100.0
liquid,0,1,0.0,0.05074081591231987,-0.05074081591231987,-100.0
boasts,0,1,0.0,0.05074081591231987,-0.05074081591231987,-100.0
coffeediscussion,0,1,0.0,0.05074081591231987,-0.05074081591231987,-100.0
draft,0,1,0.0,0.05074081591231987,-0.05074081591231987,-100.0
calorie,0,1,0.0,0.05074081591231987,-0.05074081591231987,-100.0
wedding,0,1,0.0,0.05074081591231987,-0.05074081591231987,-100.0
chatting,0,1,0.0,0.05074081591231987,-0.05074081591231987,-100.0
armys,0,1,0.0,0.05074081591231987,-0.05074081591231987,-100.0
oversized,0,1,0.0,0.05074081591231987,-0.05074081591231987,-100.0
grunt,0,1,0.0,0.05074081591231987,-0.05074081591231987,-100.0
ngos,0,1,0.0,0.05074081591231987,-0.05074081591231987,-100.0
betterour,0,1,0.0,0.05074081591231987,-0.05074081591231987,-100.0
couldve,0,1,0.0,0.05074081591231987,-0.05074081591231987,-100.0
tactic,0,1,0.0,0.05074081591231987,-0.05074081591231987,-100.0
dos,0,1,0.0,0.05074081591231987,-0.05074081591231987,-100.0
premise,0,1,0.0,0.05074081591231987,-0.05074081591231987,-100.0
selftaught,0,1,0.0,0.05074081591231987,-0.05074081591231987,-100.0
securitysurveillance,0,1,0.0,0.05074081591231987,-0.05074081591231987,-100.0
bound,0,1,0.0,0.05074081591231987,-0.05074081591231987,-100.0
endeavor,0,1,0.0,0.05074081591231987,-0.05074081591231987,-100.0
nomad,0,1,0.0,0.05074081591231987,-0.05074081591231987,-100.0
portrait,0,1,0.0,0.05074081591231987,-0.05074081591231987,-100.0
selfproclaimed,0,1,0.0,0.05074081591231987,-0.05074081591231987,-100.0
patientsynthetic,0,1,0.0,0.05074081591231987,-0.05074081591231987,-100.0
incident,0,1,0.0,0.05074081591231987,-0.05074081591231987,-100.0
favorably,0,1,0.0,0.05074081591231987,-0.05074081591231987,-100.0
condogrades,0,1,0.0,0.05074081591231987,-0.05074081591231987,-100.0
stressful,0,1,0.0,0.05074081591231987,-0.05074081591231987,-100.0
essentials,0,1,0.0,0.05074081591231987,-0.05074081591231987,-100.0
yearhowever,0,1,0.0,0.05074081591231987,-0.05074081591231987,-100.0
undercut,0,1,0.0,0.05074081591231987,-0.05074081591231987,-100.0
marries,0,1,0.0,0.05074081591231987,-0.05074081591231987,-100.0
annuallyin,0,1,0.0,0.05074081591231987,-0.05074081591231987,-100.0
costly,0,1,0.0,0.05074081591231987,-0.05074081591231987,-100.0
acceleration,0,1,0.0,0.05074081591231987,-0.05074081591231987,-100.0
20x,0,1,0.0,0.05074081591231987,-0.05074081591231987,-100.0
overtime,0,1,0.0,0.05074081591231987,-0.05074081591231987,-100.0
homebases,0,1,0.0,0.05074081591231987,-0.05074081591231987,-100.0
kennel,0,1,0.0,0.05074081591231987,-0.05074081591231987,-100.0
tagging,0,1,0.0,0.05074081591231987,-0.05074081591231987,-100.0
justice,0,1,0.0,0.05074081591231987,-0.05074081591231987,-100.0
bangaloreour,0,1,0.0,0.05074081591231987,-0.05074081591231987,-100.0
openvrhtc,0,1,0.0,0.05074081591231987,-0.05074081591231987,-100.0
solvable,0,1,0.0,0.05074081591231987,-0.05074081591231987,-100.0
homethrough,0,1,0.0,0.05074081591231987,-0.05074081591231987,-100.0
squeeze,0,1,0.0,0.05074081591231987,-0.05074081591231987,-100.0
philosophy,0,1,0.0,0.05074081591231987,-0.05074081591231987,-100.0
thereafter,0,1,0.0,0.05074081591231987,-0.05074081591231987,-100.0
kim,0,1,0.0,0.05074081591231987,-0.05074081591231987,-100.0
iron,0,1,0.0,0.05074081591231987,-0.05074081591231987,-100.0
military,0,1,0.0,0.05074081591231987,-0.05074081591231987,-100.0
omnichannel,0,1,0.0,0.05074081591231987,-0.05074081591231987,-100.0
excessive,0,1,0.0,0.05074081591231987,-0.05074081591231987,-100.0
circumventing,0,1,0.0,0.05074081591231987,-0.05074081591231987,-100.0
cane,0,1,0.0,0.05074081591231987,-0.05074081591231987,-100.0
musician,0,1,0.0,0.05074081591231987,-0.05074081591231987,-100.0
applydeckcomhttpapplydeckcom,0,1,0.0,0.05074081591231987,-0.05074081591231987,-100.0
questioning,0,1,0.0,0.05074081591231987,-0.05074081591231987,-100.0
linguistics,0,1,0.0,0.05074081591231987,-0.05074081591231987,-100.0
kryptowalutami,0,1,0.0,0.05074081591231987,-0.05074081591231987,-100.0
storyas,0,1,0.0,0.05074081591231987,-0.05074081591231987,-100.0
handout,0,1,0.0,0.05074081591231987,-0.05074081591231987,-100.0
dba,0,1,0.0,0.05074081591231987,-0.05074081591231987,-100.0
compilercompared,0,1,0.0,0.05074081591231987,-0.05074081591231987,-100.0
supermarkets,0,1,0.0,0.05074081591231987,-0.05074081591231987,-100.0
monitor,0,1,0.0,0.05074081591231987,-0.05074081591231987,-100.0
adjacently,0,1,0.0,0.05074081591231987,-0.05074081591231987,-100.0
downloading,0,1,0.0,0.05074081591231987,-0.05074081591231987,-100.0
chicken,0,1,0.0,0.05074081591231987,-0.05074081591231987,-100.0
hrs,0,1,0.0,0.05074081591231987,-0.05074081591231987,-100.0
till,0,1,0.0,0.05074081591231987,-0.05074081591231987,-100.0
equations,0,1,0.0,0.05074081591231987,-0.05074081591231987,-100.0
unmount,0,1,0.0,0.05074081591231987,-0.05074081591231987,-100.0
scouting,0,1,0.0,0.05074081591231987,-0.05074081591231987,-100.0
lastmover,0,1,0.0,0.05074081591231987,-0.05074081591231987,-100.0
sympathetic,0,1,0.0,0.05074081591231987,-0.05074081591231987,-100.0
incentivize,0,1,0.0,0.05074081591231987,-0.05074081591231987,-100.0
facts,0,1,0.0,0.05074081591231987,-0.05074081591231987,-100.0
particularities,0,1,0.0,0.05074081591231987,-0.05074081591231987,-100.0
trellolike,0,1,0.0,0.05074081591231987,-0.05074081591231987,-100.0
bookkeeper,0,1,0.0,0.05074081591231987,-0.05074081591231987,-100.0
feestargeting,0,1,0.0,0.05074081591231987,-0.05074081591231987,-100.0
prolog,0,1,0.0,0.05074081591231987,-0.05074081591231987,-100.0
nest,0,1,0.0,0.05074081591231987,-0.05074081591231987,-100.0
skilled,0,1,0.0,0.05074081591231987,-0.05074081591231987,-100.0
entrylevel,0,1,0.0,0.05074081591231987,-0.05074081591231987,-100.0
printerive,0,1,0.0,0.05074081591231987,-0.05074081591231987,-100.0
diligence,0,1,0.0,0.05074081591231987,-0.05074081591231987,-100.0
gurucom,0,1,0.0,0.05074081591231987,-0.05074081591231987,-100.0
environments,0,1,0.0,0.05074081591231987,-0.05074081591231987,-100.0
electrons,0,1,0.0,0.05074081591231987,-0.05074081591231987,-100.0
nontrivially,0,1,0.0,0.05074081591231987,-0.05074081591231987,-100.0
flagging,0,1,0.0,0.05074081591231987,-0.05074081591231987,-100.0
angadiwe,0,1,0.0,0.05074081591231987,-0.05074081591231987,-100.0
fbmessenger,0,1,0.0,0.05074081591231987,-0.05074081591231987,-100.0
50m,0,1,0.0,0.05074081591231987,-0.05074081591231987,-100.0
subscribed,0,1,0.0,0.05074081591231987,-0.05074081591231987,-100.0
opportunitytheres,0,1,0.0,0.05074081591231987,-0.05074081591231987,-100.0
catapult,0,1,0.0,0.05074081591231987,-0.05074081591231987,-100.0
marathon,0,1,0.0,0.05074081591231987,-0.05074081591231987,-100.0
gitterimsimulavrsimula6,0,1,0.0,0.05074081591231987,-0.05074081591231987,-100.0
peopleinneed,0,1,0.0,0.05074081591231987,-0.05074081591231987,-100.0
seemingly,0,1,0.0,0.05074081591231987,-0.05074081591231987,-100.0
consecutive,0,1,0.0,0.05074081591231987,-0.05074081591231987,-100.0
trash,0,1,0.0,0.05074081591231987,-0.05074081591231987,-100.0
servicetechnology,0,1,0.0,0.05074081591231987,-0.05074081591231987,-100.0
ushaving,0,1,0.0,0.05074081591231987,-0.05074081591231987,-100.0
dataspreadsheets,0,1,0.0,0.05074081591231987,-0.05074081591231987,-100.0
cacit,0,1,0.0,0.05074081591231987,-0.05074081591231987,-100.0
summa,0,1,0.0,0.05074081591231987,-0.05074081591231987,-100.0
feessomething,0,1,0.0,0.05074081591231987,-0.05074081591231987,-100.0
workday,0,1,0.0,0.05074081591231987,-0.05074081591231987,-100.0
asides,0,1,0.0,0.05074081591231987,-0.05074081591231987,-100.0
territorymy,0,1,0.0,0.05074081591231987,-0.05074081591231987,-100.0
jordan,0,1,0.0,0.05074081591231987,-0.05074081591231987,-100.0
centred,0,1,0.0,0.05074081591231987,-0.05074081591231987,-100.0
cum,0,1,0.0,0.05074081591231987,-0.05074081591231987,-100.0
lightspeed,0,1,0.0,0.05074081591231987,-0.05074081591231987,-100.0
plumbers,0,1,0.0,0.05074081591231987,-0.05074081591231987,-100.0
alameda,0,1,0.0,0.05074081591231987,-0.05074081591231987,-100.0
stemming,0,1,0.0,0.05074081591231987,-0.05074081591231987,-100.0
thoroughly,0,1,0.0,0.05074081591231987,-0.05074081591231987,-100.0
rasterization,0,1,0.0,0.05074081591231987,-0.05074081591231987,-100.0
feedbacktranslation,0,1,0.0,0.05074081591231987,-0.05074081591231987,-100.0
psychiatristto,0,1,0.0,0.05074081591231987,-0.05074081591231987,-100.0
disasters,0,1,0.0,0.05074081591231987,-0.05074081591231987,-100.0
marekt,0,1,0.0,0.05074081591231987,-0.05074081591231987,-100.0
informally,0,1,0.0,0.05074081591231987,-0.05074081591231987,-100.0
mum,0,1,0.0,0.05074081591231987,-0.05074081591231987,-100.0
httpsmailchimpstartupsodastartupsodadailynewsletterfriday28september2018eb839599ed1,0,1,0.0,0.05074081591231987,-0.05074081591231987,-100.0
battaglia,0,1,0.0,0.05074081591231987,-0.05074081591231987,-100.0
singlepurpose,0,1,0.0,0.05074081591231987,-0.05074081591231987,-100.0
doubt,0,1,0.0,0.05074081591231987,-0.05074081591231987,-100.0
overthrowing,0,1,0.0,0.05074081591231987,-0.05074081591231987,-100.0
scalablei,0,1,0.0,0.05074081591231987,-0.05074081591231987,-100.0
httpsbubbliniobookbookizadocumentationbymarvindanig1,0,1,0.0,0.05074081591231987,-0.05074081591231987,-100.0
utilize,0,1,0.0,0.05074081591231987,-0.05074081591231987,-100.0
patternmatching,0,1,0.0,0.05074081591231987,-0.05074081591231987,-100.0
materially,0,1,0.0,0.05074081591231987,-0.05074081591231987,-100.0
cashncarry,0,1,0.0,0.05074081591231987,-0.05074081591231987,-100.0
cryptocurrenciesjak,0,1,0.0,0.05074081591231987,-0.05074081591231987,-100.0
takeover,0,1,0.0,0.05074081591231987,-0.05074081591231987,-100.0
underestimated,0,1,0.0,0.05074081591231987,-0.05074081591231987,-100.0
debate,0,1,0.0,0.05074081591231987,-0.05074081591231987,-100.0
subway,0,1,0.0,0.05074081591231987,-0.05074081591231987,-100.0
400m,0,1,0.0,0.05074081591231987,-0.05074081591231987,-100.0
30mothere,0,1,0.0,0.05074081591231987,-0.05074081591231987,-100.0
innocuous,0,1,0.0,0.05074081591231987,-0.05074081591231987,-100.0
educationlearning,0,1,0.0,0.05074081591231987,-0.05074081591231987,-100.0
vettery,0,1,0.0,0.05074081591231987,-0.05074081591231987,-100.0
acciones,0,1,0.0,0.05074081591231987,-0.05074081591231987,-100.0
navigator,0,1,0.0,0.05074081591231987,-0.05074081591231987,-100.0
catapults,0,1,0.0,0.05074081591231987,-0.05074081591231987,-100.0
assessment,0,1,0.0,0.05074081591231987,-0.05074081591231987,-100.0
crontab,0,1,0.0,0.05074081591231987,-0.05074081591231987,-100.0
preicos,0,1,0.0,0.05074081591231987,-0.05074081591231987,-100.0
autocad,0,1,0.0,0.05074081591231987,-0.05074081591231987,-100.0
gold,0,1,0.0,0.05074081591231987,-0.05074081591231987,-100.0
managementdocsfm,0,1,0.0,0.05074081591231987,-0.05074081591231987,-100.0
negligible,0,1,0.0,0.05074081591231987,-0.05074081591231987,-100.0
salesweve,0,1,0.0,0.05074081591231987,-0.05074081591231987,-100.0
launchthe,0,1,0.0,0.05074081591231987,-0.05074081591231987,-100.0
vcsi,0,1,0.0,0.05074081591231987,-0.05074081591231987,-100.0
userspet,0,1,0.0,0.05074081591231987,-0.05074081591231987,-100.0
multiply,0,1,0.0,0.05074081591231987,-0.05074081591231987,-100.0
httpwwwcomponentixcom,0,1,0.0,0.05074081591231987,-0.05074081591231987,-100.0
turnover,0,1,0.0,0.05074081591231987,-0.05074081591231987,-100.0
bureaucracy,0,1,0.0,0.05074081591231987,-0.05074081591231987,-100.0
uml,0,1,0.0,0.05074081591231987,-0.05074081591231987,-100.0
mailchimp,0,1,0.0,0.05074081591231987,-0.05074081591231987,-100.0
sforegon,0,1,0.0,0.05074081591231987,-0.05074081591231987,-100.0
morenow,0,1,0.0,0.05074081591231987,-0.05074081591231987,-100.0
stale,0,1,0.0,0.05074081591231987,-0.05074081591231987,-100.0
linuxbased,0,1,0.0,0.05074081591231987,-0.05074081591231987,-100.0
cab,0,1,0.0,0.05074081591231987,-0.05074081591231987,-100.0
counting,0,1,0.0,0.05074081591231987,-0.05074081591231987,-100.0
productweve,0,1,0.0,0.05074081591231987,-0.05074081591231987,-100.0
referlylaunchgram,0,1,0.0,0.05074081591231987,-0.05074081591231987,-100.0
runnable,0,1,0.0,0.05074081591231987,-0.05074081591231987,-100.0
entices,0,1,0.0,0.05074081591231987,-0.05074081591231987,-100.0
disingenuous,0,1,0.0,0.05074081591231987,-0.05074081591231987,-100.0
sonica,0,1,0.0,0.05074081591231987,-0.05074081591231987,-100.0
hovering,0,1,0.0,0.05074081591231987,-0.05074081591231987,-100.0
cardinal,0,1,0.0,0.05074081591231987,-0.05074081591231987,-100.0
messages,0,1,0.0,0.05074081591231987,-0.05074081591231987,-100.0
surgeons,0,1,0.0,0.05074081591231987,-0.05074081591231987,-100.0
persists,0,1,0.0,0.05074081591231987,-0.05074081591231987,-100.0
exited,0,1,0.0,0.05074081591231987,-0.05074081591231987,-100.0
internals,0,1,0.0,0.05074081591231987,-0.05074081591231987,-100.0
complementary,0,1,0.0,0.05074081591231987,-0.05074081591231987,-100.0
night,0,1,0.0,0.05074081591231987,-0.05074081591231987,-100.0
hippies,0,1,0.0,0.05074081591231987,-0.05074081591231987,-100.0
immensely,0,1,0.0,0.05074081591231987,-0.05074081591231987,-100.0
unattainable,0,1,0.0,0.05074081591231987,-0.05074081591231987,-100.0
unnecessary,0,1,0.0,0.05074081591231987,-0.05074081591231987,-100.0
operate,0,1,0.0,0.05074081591231987,-0.05074081591231987,-100.0
docstracking,0,1,0.0,0.05074081591231987,-0.05074081591231987,-100.0
scienceengineering,0,1,0.0,0.05074081591231987,-0.05074081591231987,-100.0
licenses,0,1,0.0,0.05074081591231987,-0.05074081591231987,-100.0
itch,0,1,0.0,0.05074081591231987,-0.05074081591231987,-100.0
90s,0,1,0.0,0.05074081591231987,-0.05074081591231987,-100.0
sins,0,1,0.0,0.05074081591231987,-0.05074081591231987,-100.0
passively,0,1,0.0,0.05074081591231987,-0.05074081591231987,-100.0
nagy,0,1,0.0,0.05074081591231987,-0.05074081591231987,-100.0
webrtc,0,1,0.0,0.05074081591231987,-0.05074081591231987,-100.0
disorderi,0,1,0.0,0.05074081591231987,-0.05074081591231987,-100.0
democracy,0,1,0.0,0.05074081591231987,-0.05074081591231987,-100.0
fluent,0,1,0.0,0.05074081591231987,-0.05074081591231987,-100.0
satisfaction,0,1,0.0,0.05074081591231987,-0.05074081591231987,-100.0
resorted,0,1,0.0,0.05074081591231987,-0.05074081591231987,-100.0
definitions,0,1,0.0,0.05074081591231987,-0.05074081591231987,-100.0
waseattle,0,1,0.0,0.05074081591231987,-0.05074081591231987,-100.0
televised,0,1,0.0,0.05074081591231987,-0.05074081591231987,-100.0
httpsgithubcomsimulavrsimulawikimonthlyupdate201712314carl,0,1,0.0,0.05074081591231987,-0.05074081591231987,-100.0
funders,0,1,0.0,0.05074081591231987,-0.05074081591231987,-100.0
completion,0,1,0.0,0.05074081591231987,-0.05074081591231987,-100.0
tacticsstrategies,0,1,0.0,0.05074081591231987,-0.05074081591231987,-100.0
temper,0,1,0.0,0.05074081591231987,-0.05074081591231987,-100.0
demonstration,0,1,0.0,0.05074081591231987,-0.05074081591231987,-100.0
minimally,0,1,0.0,0.05074081591231987,-0.05074081591231987,-100.0
stimulus,0,1,0.0,0.05074081591231987,-0.05074081591231987,-100.0
component,0,1,0.0,0.05074081591231987,-0.05074081591231987,-100.0
anu,0,1,0.0,0.05074081591231987,-0.05074081591231987,-100.0
menus,0,1,0.0,0.05074081591231987,-0.05074081591231987,-100.0
evident,0,1,0.0,0.05074081591231987,-0.05074081591231987,-100.0
expertisemarvin,0,1,0.0,0.05074081591231987,-0.05074081591231987,-100.0
dec20,0,1,0.0,0.05074081591231987,-0.05074081591231987,-100.0
corrective,0,1,0.0,0.05074081591231987,-0.05074081591231987,-100.0
disdain,0,1,0.0,0.05074081591231987,-0.05074081591231987,-100.0
deploying,0,1,0.0,0.05074081591231987,-0.05074081591231987,-100.0
hardware7,0,1,0.0,0.05074081591231987,-0.05074081591231987,-100.0
duallicense,0,1,0.0,0.05074081591231987,-0.05074081591231987,-100.0
sideproject,0,1,0.0,0.05074081591231987,-0.05074081591231987,-100.0
roverwag,0,1,0.0,0.05074081591231987,-0.05074081591231987,-100.0
ladder,0,1,0.0,0.05074081591231987,-0.05074081591231987,-100.0
inconceivable,0,1,0.0,0.05074081591231987,-0.05074081591231987,-100.0
headmounted,0,1,0.0,0.05074081591231987,-0.05074081591231987,-100.0
scaled,0,1,0.0,0.05074081591231987,-0.05074081591231987,-100.0
elderly,0,1,0.0,0.05074081591231987,-0.05074081591231987,-100.0
12m,0,1,0.0,0.05074081591231987,-0.05074081591231987,-100.0
songscurrently,0,1,0.0,0.05074081591231987,-0.05074081591231987,-100.0
levelheaded,0,1,0.0,0.05074081591231987,-0.05074081591231987,-100.0
haruki,0,1,0.0,0.05074081591231987,-0.05074081591231987,-100.0
president,0,1,0.0,0.05074081591231987,-0.05074081591231987,-100.0
audienceif,0,1,0.0,0.05074081591231987,-0.05074081591231987,-100.0
emotion,0,1,0.0,0.05074081591231987,-0.05074081591231987,-100.0
kicks,0,1,0.0,0.05074081591231987,-0.05074081591231987,-100.0
sessionslater,0,1,0.0,0.05074081591231987,-0.05074081591231987,-100.0
zachary,0,1,0.0,0.05074081591231987,-0.05074081591231987,-100.0
applicationst2,0,1,0.0,0.05074081591231987,-0.05074081591231987,-100.0
itwasnt,0,1,0.0,0.05074081591231987,-0.05074081591231987,-100.0
vascular,0,1,0.0,0.05074081591231987,-0.05074081591231987,-100.0
lessonscertification,0,1,0.0,0.05074081591231987,-0.05074081591231987,-100.0
fledged,0,1,0.0,0.05074081591231987,-0.05074081591231987,-100.0
desk,0,1,0.0,0.05074081591231987,-0.05074081591231987,-100.0
outofstate,0,1,0.0,0.05074081591231987,-0.05074081591231987,-100.0
rigorous,0,1,0.0,0.05074081591231987,-0.05074081591231987,-100.0
solutionunionite,0,1,0.0,0.05074081591231987,-0.05074081591231987,-100.0
moat,0,1,0.0,0.05074081591231987,-0.05074081591231987,-100.0
httpswwwyoutubecomwatchv4i3cw_m6e0g,0,1,0.0,0.05074081591231987,-0.05074081591231987,-100.0
pascal,0,1,0.0,0.05074081591231987,-0.05074081591231987,-100.0
monthi,0,1,0.0,0.05074081591231987,-0.05074081591231987,-100.0
thumb,0,1,0.0,0.05074081591231987,-0.05074081591231987,-100.0
antiviral,0,1,0.0,0.05074081591231987,-0.05074081591231987,-100.0
tiles,0,1,0.0,0.05074081591231987,-0.05074081591231987,-100.0
watchers,0,1,0.0,0.05074081591231987,-0.05074081591231987,-100.0
strangerswe,0,1,0.0,0.05074081591231987,-0.05074081591231987,-100.0
retargeting,0,1,0.0,0.05074081591231987,-0.05074081591231987,-100.0
todos,0,1,0.0,0.05074081591231987,-0.05074081591231987,-100.0
snapprwere,0,1,0.0,0.05074081591231987,-0.05074081591231987,-100.0
uniforms,0,1,0.0,0.05074081591231987,-0.05074081591231987,-100.0
erases,0,1,0.0,0.05074081591231987,-0.05074081591231987,-100.0
mood,0,1,0.0,0.05074081591231987,-0.05074081591231987,-100.0
yomitori,0,1,0.0,0.05074081591231987,-0.05074081591231987,-100.0
languagesrecently,0,1,0.0,0.05074081591231987,-0.05074081591231987,-100.0
abhijith,0,1,0.0,0.05074081591231987,-0.05074081591231987,-100.0
action,0,1,0.0,0.05074081591231987,-0.05074081591231987,-100.0
oversight,0,1,0.0,0.05074081591231987,-0.05074081591231987,-100.0
technologyhighly,0,1,0.0,0.05074081591231987,-0.05074081591231987,-100.0
float,0,1,0.0,0.05074081591231987,-0.05074081591231987,-100.0
radiusit,0,1,0.0,0.05074081591231987,-0.05074081591231987,-100.0
indian,0,1,0.0,0.05074081591231987,-0.05074081591231987,-100.0
skill,0,1,0.0,0.05074081591231987,-0.05074081591231987,-100.0
priorities,0,1,0.0,0.05074081591231987,-0.05074081591231987,-100.0
openings,0,1,0.0,0.05074081591231987,-0.05074081591231987,-100.0
topdown,0,1,0.0,0.05074081591231987,-0.05074081591231987,-100.0
onetime,0,1,0.0,0.05074081591231987,-0.05074081591231987,-100.0
x86,0,1,0.0,0.05074081591231987,-0.05074081591231987,-100.0
parseranalyzer,0,1,0.0,0.05074081591231987,-0.05074081591231987,-100.0
rooftops,0,1,0.0,0.05074081591231987,-0.05074081591231987,-100.0
physician,0,1,0.0,0.05074081591231987,-0.05074081591231987,-100.0
cows,0,1,0.0,0.05074081591231987,-0.05074081591231987,-100.0
gamifiable,0,1,0.0,0.05074081591231987,-0.05074081591231987,-100.0
photosynthesis,0,1,0.0,0.05074081591231987,-0.05074081591231987,-100.0
mad,0,1,0.0,0.05074081591231987,-0.05074081591231987,-100.0
pleasing,0,1,0.0,0.05074081591231987,-0.05074081591231987,-100.0
peoplecompanies,0,1,0.0,0.05074081591231987,-0.05074081591231987,-100.0
johns,0,1,0.0,0.05074081591231987,-0.05074081591231987,-100.0
httpswwwpmalertscominternals,0,1,0.0,0.05074081591231987,-0.05074081591231987,-100.0
cmo,0,1,0.0,0.05074081591231987,-0.05074081591231987,-100.0
coldcalling,0,1,0.0,0.05074081591231987,-0.05074081591231987,-100.0
transfer,0,1,0.0,0.05074081591231987,-0.05074081591231987,-100.0
tablets,0,1,0.0,0.05074081591231987,-0.05074081591231987,-100.0
moneypet,0,1,0.0,0.05074081591231987,-0.05074081591231987,-100.0
recruit,0,1,0.0,0.05074081591231987,-0.05074081591231987,-100.0
capacities,0,1,0.0,0.05074081591231987,-0.05074081591231987,-100.0
employing,0,1,0.0,0.05074081591231987,-0.05074081591231987,-100.0
beliefst1,0,1,0.0,0.05074081591231987,-0.05074081591231987,-100.0
swedengermany,0,1,0.0,0.05074081591231987,-0.05074081591231987,-100.0
indias,0,1,0.0,0.05074081591231987,-0.05074081591231987,-100.0
flaws,0,1,0.0,0.05074081591231987,-0.05074081591231987,-100.0
umbrella,0,1,0.0,0.05074081591231987,-0.05074081591231987,-100.0
edx,0,1,0.0,0.05074081591231987,-0.05074081591231987,-100.0
scrolls,0,1,0.0,0.05074081591231987,-0.05074081591231987,-100.0
09m,0,1,0.0,0.05074081591231987,-0.05074081591231987,-100.0
cohortbased,0,1,0.0,0.05074081591231987,-0.05074081591231987,-100.0
daywe,0,1,0.0,0.05074081591231987,-0.05074081591231987,-100.0
hematomashaemorrhages,0,1,0.0,0.05074081591231987,-0.05074081591231987,-100.0
germany,0,1,0.0,0.05074081591231987,-0.05074081591231987,-100.0
disseminate,0,1,0.0,0.05074081591231987,-0.05074081591231987,-100.0
ssf,0,1,0.0,0.05074081591231987,-0.05074081591231987,-100.0
crawlers,0,1,0.0,0.05074081591231987,-0.05074081591231987,-100.0
registers,0,1,0.0,0.05074081591231987,-0.05074081591231987,-100.0
reedsy,0,1,0.0,0.05074081591231987,-0.05074081591231987,-100.0
surveillance,0,1,0.0,0.05074081591231987,-0.05074081591231987,-100.0
application30000,0,1,0.0,0.05074081591231987,-0.05074081591231987,-100.0
distro,0,1,0.0,0.05074081591231987,-0.05074081591231987,-100.0
prize,0,1,0.0,0.05074081591231987,-0.05074081591231987,-100.0
ndas,0,1,0.0,0.05074081591231987,-0.05074081591231987,-100.0
accumulate,0,1,0.0,0.05074081591231987,-0.05074081591231987,-100.0
16b,0,1,0.0,0.05074081591231987,-0.05074081591231987,-100.0
southeast,0,1,0.0,0.05074081591231987,-0.05074081591231987,-100.0
desiredthe,0,1,0.0,0.05074081591231987,-0.05074081591231987,-100.0
practices,0,1,0.0,0.05074081591231987,-0.05074081591231987,-100.0
httpswwwyoutubecomwatchvb8sjlgk50zu,0,1,0.0,0.05074081591231987,-0.05074081591231987,-100.0
donetask,0,1,0.0,0.05074081591231987,-0.05074081591231987,-100.0
intelligencevision,0,1,0.0,0.05074081591231987,-0.05074081591231987,-100.0
fluencies,0,1,0.0,0.05074081591231987,-0.05074081591231987,-100.0
adtech,0,1,0.0,0.05074081591231987,-0.05074081591231987,-100.0
worse,0,1,0.0,0.05074081591231987,-0.05074081591231987,-100.0
95m,0,1,0.0,0.05074081591231987,-0.05074081591231987,-100.0
loving,0,1,0.0,0.05074081591231987,-0.05074081591231987,-100.0
developmentdesign,0,1,0.0,0.05074081591231987,-0.05074081591231987,-100.0
datainput,0,1,0.0,0.05074081591231987,-0.05074081591231987,-100.0
doi,0,1,0.0,0.05074081591231987,-0.05074081591231987,-100.0
stegosaurus,0,1,0.0,0.05074081591231987,-0.05074081591231987,-100.0
protecting,0,1,0.0,0.05074081591231987,-0.05074081591231987,-100.0
orkut,0,1,0.0,0.05074081591231987,-0.05074081591231987,-100.0
videotoday,0,1,0.0,0.05074081591231987,-0.05074081591231987,-100.0
peeps,0,1,0.0,0.05074081591231987,-0.05074081591231987,-100.0
propertiesmorningstar,0,1,0.0,0.05074081591231987,-0.05074081591231987,-100.0
rubricbased,0,1,0.0,0.05074081591231987,-0.05074081591231987,-100.0
dictated,0,1,0.0,0.05074081591231987,-0.05074081591231987,-100.0
restrict,0,1,0.0,0.05074081591231987,-0.05074081591231987,-100.0
1month,0,1,0.0,0.05074081591231987,-0.05074081591231987,-100.0
applicationsaugmented,0,1,0.0,0.05074081591231987,-0.05074081591231987,-100.0
kitchensfirefly,0,1,0.0,0.05074081591231987,-0.05074081591231987,-100.0
reasonable,0,1,0.0,0.05074081591231987,-0.05074081591231987,-100.0
consideration,0,1,0.0,0.05074081591231987,-0.05074081591231987,-100.0
rushing,0,1,0.0,0.05074081591231987,-0.05074081591231987,-100.0
hikvision,0,1,0.0,0.05074081591231987,-0.05074081591231987,-100.0
resolutions,0,1,0.0,0.05074081591231987,-0.05074081591231987,-100.0
del,0,1,0.0,0.05074081591231987,-0.05074081591231987,-100.0
deviating,0,1,0.0,0.05074081591231987,-0.05074081591231987,-100.0
serviceplatform,0,1,0.0,0.05074081591231987,-0.05074081591231987,-100.0
predetermined,0,1,0.0,0.05074081591231987,-0.05074081591231987,-100.0
stutteriness,0,1,0.0,0.05074081591231987,-0.05074081591231987,-100.0
confuses,0,1,0.0,0.05074081591231987,-0.05074081591231987,-100.0
svms,0,1,0.0,0.05074081591231987,-0.05074081591231987,-100.0
clipboardrosebud,0,1,0.0,0.05074081591231987,-0.05074081591231987,-100.0
dissolve,0,1,0.0,0.05074081591231987,-0.05074081591231987,-100.0
helmet,0,1,0.0,0.05074081591231987,-0.05074081591231987,-100.0
customisable,0,1,0.0,0.05074081591231987,-0.05074081591231987,-100.0
14blocks,0,1,0.0,0.05074081591231987,-0.05074081591231987,-100.0
happeni,0,1,0.0,0.05074081591231987,-0.05074081591231987,-100.0
12th,0,1,0.0,0.05074081591231987,-0.05074081591231987,-100.0
smartermatching,0,1,0.0,0.05074081591231987,-0.05074081591231987,-100.0
codewise,0,1,0.0,0.05074081591231987,-0.05074081591231987,-100.0
translated,0,1,0.0,0.05074081591231987,-0.05074081591231987,-100.0
aesthetics,0,1,0.0,0.05074081591231987,-0.05074081591231987,-100.0
xfigure,0,1,0.0,0.05074081591231987,-0.05074081591231987,-100.0
launches,0,1,0.0,0.05074081591231987,-0.05074081591231987,-100.0
semitechnical,0,1,0.0,0.05074081591231987,-0.05074081591231987,-100.0
bubble,0,1,0.0,0.05074081591231987,-0.05074081591231987,-100.0
atrium,0,1,0.0,0.05074081591231987,-0.05074081591231987,-100.0
discussions,0,1,0.0,0.05074081591231987,-0.05074081591231987,-100.0
httpswwwalexacomsiteinfobubblinio,0,1,0.0,0.05074081591231987,-0.05074081591231987,-100.0
catchall,0,1,0.0,0.05074081591231987,-0.05074081591231987,-100.0
mulling,0,1,0.0,0.05074081591231987,-0.05074081591231987,-100.0
extraction,0,1,0.0,0.05074081591231987,-0.05074081591231987,-100.0
momentary,0,1,0.0,0.05074081591231987,-0.05074081591231987,-100.0
surprise,0,1,0.0,0.05074081591231987,-0.05074081591231987,-100.0
offeringusers,0,1,0.0,0.05074081591231987,-0.05074081591231987,-100.0
theme,0,1,0.0,0.05074081591231987,-0.05074081591231987,-100.0
penmanship,0,1,0.0,0.05074081591231987,-0.05074081591231987,-100.0
userfacing,0,1,0.0,0.05074081591231987,-0.05074081591231987,-100.0
ignored,0,1,0.0,0.05074081591231987,-0.05074081591231987,-100.0
suicide,0,1,0.0,0.05074081591231987,-0.05074081591231987,-100.0
logic,0,1,0.0,0.05074081591231987,-0.05074081591231987,-100.0
indefinitely,0,1,0.0,0.05074081591231987,-0.05074081591231987,-100.0
125b,0,1,0.0,0.05074081591231987,-0.05074081591231987,-100.0
underrepresented,0,1,0.0,0.05074081591231987,-0.05074081591231987,-100.0
repeatedas,0,1,0.0,0.05074081591231987,-0.05074081591231987,-100.0
barest,0,1,0.0,0.05074081591231987,-0.05074081591231987,-100.0
crowd,0,1,0.0,0.05074081591231987,-0.05074081591231987,-100.0
puget,0,1,0.0,0.05074081591231987,-0.05074081591231987,-100.0
gamingentertainment,0,1,0.0,0.05074081591231987,-0.05074081591231987,-100.0
friendsthis,0,1,0.0,0.05074081591231987,-0.05074081591231987,-100.0
caters,0,1,0.0,0.05074081591231987,-0.05074081591231987,-100.0
analytica,0,1,0.0,0.05074081591231987,-0.05074081591231987,-100.0
coinbase,0,1,0.0,0.05074081591231987,-0.05074081591231987,-100.0
cause,0,1,0.0,0.05074081591231987,-0.05074081591231987,-100.0
readthis,0,1,0.0,0.05074081591231987,-0.05074081591231987,-100.0
fragmented,0,1,0.0,0.05074081591231987,-0.05074081591231987,-100.0
worldpeople,0,1,0.0,0.05074081591231987,-0.05074081591231987,-100.0
chatwidgeti,0,1,0.0,0.05074081591231987,-0.05074081591231987,-100.0
sitting,0,1,0.0,0.05074081591231987,-0.05074081591231987,-100.0
incorporates,0,1,0.0,0.05074081591231987,-0.05074081591231987,-100.0
proposed,0,1,0.0,0.05074081591231987,-0.05074081591231987,-100.0
augmenting,0,1,0.0,0.05074081591231987,-0.05074081591231987,-100.0
get3,0,1,0.0,0.05074081591231987,-0.05074081591231987,-100.0
reliance,0,1,0.0,0.05074081591231987,-0.05074081591231987,-100.0
20m,0,1,0.0,0.05074081591231987,-0.05074081591231987,-100.0
coldcall,0,1,0.0,0.05074081591231987,-0.05074081591231987,-100.0
forkable,0,1,0.0,0.05074081591231987,-0.05074081591231987,-100.0
gladhanded,0,1,0.0,0.05074081591231987,-0.05074081591231987,-100.0
encoding,0,1,0.0,0.05074081591231987,-0.05074081591231987,-100.0
toldsince,0,1,0.0,0.05074081591231987,-0.05074081591231987,-100.0
mockups,0,1,0.0,0.05074081591231987,-0.05074081591231987,-100.0
costume,0,1,0.0,0.05074081591231987,-0.05074081591231987,-100.0
roundtrip,0,1,0.0,0.05074081591231987,-0.05074081591231987,-100.0
pty,0,1,0.0,0.05074081591231987,-0.05074081591231987,-100.0
monthswhat,0,1,0.0,0.05074081591231987,-0.05074081591231987,-100.0
effectstrying,0,1,0.0,0.05074081591231987,-0.05074081591231987,-100.0
model3,0,1,0.0,0.05074081591231987,-0.05074081591231987,-100.0
communication7,0,1,0.0,0.05074081591231987,-0.05074081591231987,-100.0
complaining,0,1,0.0,0.05074081591231987,-0.05074081591231987,-100.0
prospect,0,1,0.0,0.05074081591231987,-0.05074081591231987,-100.0
awaken,0,1,0.0,0.05074081591231987,-0.05074081591231987,-100.0
automating,0,1,0.0,0.05074081591231987,-0.05074081591231987,-100.0
faculty,0,1,0.0,0.05074081591231987,-0.05074081591231987,-100.0
polled,0,1,0.0,0.05074081591231987,-0.05074081591231987,-100.0
sandy,0,1,0.0,0.05074081591231987,-0.05074081591231987,-100.0
httpszapiercominfinite,0,1,0.0,0.05074081591231987,-0.05074081591231987,-100.0
charged,0,1,0.0,0.05074081591231987,-0.05074081591231987,-100.0
programmes,0,1,0.0,0.05074081591231987,-0.05074081591231987,-100.0
resolving,0,1,0.0,0.05074081591231987,-0.05074081591231987,-100.0
sitesforums,0,1,0.0,0.05074081591231987,-0.05074081591231987,-100.0
traveled,0,1,0.0,0.05074081591231987,-0.05074081591231987,-100.0
toolset,0,1,0.0,0.05074081591231987,-0.05074081591231987,-100.0
superstorm,0,1,0.0,0.05074081591231987,-0.05074081591231987,-100.0
processit,0,1,0.0,0.05074081591231987,-0.05074081591231987,-100.0
businessoriented,0,1,0.0,0.05074081591231987,-0.05074081591231987,-100.0
vectorbased,0,1,0.0,0.05074081591231987,-0.05074081591231987,-100.0
wireds,0,1,0.0,0.05074081591231987,-0.05074081591231987,-100.0
productapplication,0,1,0.0,0.05074081591231987,-0.05074081591231987,-100.0
memories,0,1,0.0,0.05074081591231987,-0.05074081591231987,-100.0
wrike,0,1,0.0,0.05074081591231987,-0.05074081591231987,-100.0
disenchanted,0,1,0.0,0.05074081591231987,-0.05074081591231987,-100.0
xxxxxxxxxxxxxxxxxxour,0,1,0.0,0.05074081591231987,-0.05074081591231987,-100.0
rename,0,1,0.0,0.05074081591231987,-0.05074081591231987,-100.0
algolia,0,1,0.0,0.05074081591231987,-0.05074081591231987,-100.0
remotecontract,0,1,0.0,0.05074081591231987,-0.05074081591231987,-100.0
holders,0,1,0.0,0.05074081591231987,-0.05074081591231987,-100.0
prohibit,0,1,0.0,0.05074081591231987,-0.05074081591231987,-100.0
readable,0,1,0.0,0.05074081591231987,-0.05074081591231987,-100.0
progressinstead,0,1,0.0,0.05074081591231987,-0.05074081591231987,-100.0
sowith,0,1,0.0,0.05074081591231987,-0.05074081591231987,-100.0
initiative,0,1,0.0,0.05074081591231987,-0.05074081591231987,-100.0
mature,0,1,0.0,0.05074081591231987,-0.05074081591231987,-100.0
programmer,0,1,0.0,0.05074081591231987,-0.05074081591231987,-100.0
maté,0,1,0.0,0.05074081591231987,-0.05074081591231987,-100.0
attending,0,1,0.0,0.05074081591231987,-0.05074081591231987,-100.0
curation,0,1,0.0,0.05074081591231987,-0.05074081591231987,-100.0
conquering,0,1,0.0,0.05074081591231987,-0.05074081591231987,-100.0
owns,0,1,0.0,0.05074081591231987,-0.05074081591231987,-100.0
swells,0,1,0.0,0.05074081591231987,-0.05074081591231987,-100.0
7figures,0,1,0.0,0.05074081591231987,-0.05074081591231987,-100.0
rhs,0,1,0.0,0.05074081591231987,-0.05074081591231987,-100.0
subscriptionsin,0,1,0.0,0.05074081591231987,-0.05074081591231987,-100.0
americanswhen,0,1,0.0,0.05074081591231987,-0.05074081591231987,-100.0
dictionarythen,0,1,0.0,0.05074081591231987,-0.05074081591231987,-100.0
usersandy,0,1,0.0,0.05074081591231987,-0.05074081591231987,-100.0
replicated,0,1,0.0,0.05074081591231987,-0.05074081591231987,-100.0
livelihood,0,1,0.0,0.05074081591231987,-0.05074081591231987,-100.0
collabwriting,0,1,0.0,0.05074081591231987,-0.05074081591231987,-100.0
classic,0,1,0.0,0.05074081591231987,-0.05074081591231987,-100.0
raw,0,1,0.0,0.05074081591231987,-0.05074081591231987,-100.0
eatingdrinking,0,1,0.0,0.05074081591231987,-0.05074081591231987,-100.0
wouldbe,0,1,0.0,0.05074081591231987,-0.05074081591231987,-100.0
landlord,0,1,0.0,0.05074081591231987,-0.05074081591231987,-100.0
utilise,0,1,0.0,0.05074081591231987,-0.05074081591231987,-100.0
allfood,0,1,0.0,0.05074081591231987,-0.05074081591231987,-100.0
sunday,0,1,0.0,0.05074081591231987,-0.05074081591231987,-100.0
typescript,0,1,0.0,0.05074081591231987,-0.05074081591231987,-100.0
industrys,0,1,0.0,0.05074081591231987,-0.05074081591231987,-100.0
staged,0,1,0.0,0.05074081591231987,-0.05074081591231987,-100.0
dereliction,0,1,0.0,0.05074081591231987,-0.05074081591231987,-100.0
encouraging,0,1,0.0,0.05074081591231987,-0.05074081591231987,-100.0
steps,0,1,0.0,0.05074081591231987,-0.05074081591231987,-100.0
lego,0,1,0.0,0.05074081591231987,-0.05074081591231987,-100.0
liberate,0,1,0.0,0.05074081591231987,-0.05074081591231987,-100.0
sciencerelated,0,1,0.0,0.05074081591231987,-0.05074081591231987,-100.0
reserve,0,1,0.0,0.05074081591231987,-0.05074081591231987,-100.0
httpcompsocialgatechedupaperscscw14crowdfundingmitrapdf,0,1,0.0,0.05074081591231987,-0.05074081591231987,-100.0
prevalence,0,1,0.0,0.05074081591231987,-0.05074081591231987,-100.0
body,0,1,0.0,0.05074081591231987,-0.05074081591231987,-100.0
50month,0,1,0.0,0.05074081591231987,-0.05074081591231987,-100.0
skillswapping,0,1,0.0,0.05074081591231987,-0.05074081591231987,-100.0
peru,0,1,0.0,0.05074081591231987,-0.05074081591231987,-100.0
3300im,0,1,0.0,0.05074081591231987,-0.05074081591231987,-100.0
subtitled,0,1,0.0,0.05074081591231987,-0.05074081591231987,-100.0
beforehand,0,1,0.0,0.05074081591231987,-0.05074081591231987,-100.0
assuming,0,1,0.0,0.05074081591231987,-0.05074081591231987,-100.0
irss,0,1,0.0,0.05074081591231987,-0.05074081591231987,-100.0
explained,0,1,0.0,0.05074081591231987,-0.05074081591231987,-100.0
digitized,0,1,0.0,0.05074081591231987,-0.05074081591231987,-100.0
germanmy,0,1,0.0,0.05074081591231987,-0.05074081591231987,-100.0
einsteins,0,1,0.0,0.05074081591231987,-0.05074081591231987,-100.0
equivalence,0,1,0.0,0.05074081591231987,-0.05074081591231987,-100.0
travelling,0,1,0.0,0.05074081591231987,-0.05074081591231987,-100.0
crop,0,1,0.0,0.05074081591231987,-0.05074081591231987,-100.0
nontraditional,0,1,0.0,0.05074081591231987,-0.05074081591231987,-100.0
entertainmentgaming,0,1,0.0,0.05074081591231987,-0.05074081591231987,-100.0
microinfluencers,0,1,0.0,0.05074081591231987,-0.05074081591231987,-100.0
bucket,0,1,0.0,0.05074081591231987,-0.05074081591231987,-100.0
officers,0,1,0.0,0.05074081591231987,-0.05074081591231987,-100.0
ownershiptim,0,1,0.0,0.05074081591231987,-0.05074081591231987,-100.0
hirethere,0,1,0.0,0.05074081591231987,-0.05074081591231987,-100.0
radicallyat,0,1,0.0,0.05074081591231987,-0.05074081591231987,-100.0
wheeler,0,1,0.0,0.05074081591231987,-0.05074081591231987,-100.0
spendthis,0,1,0.0,0.05074081591231987,-0.05074081591231987,-100.0
aprendiendola,0,1,0.0,0.05074081591231987,-0.05074081591231987,-100.0
categorylast,0,1,0.0,0.05074081591231987,-0.05074081591231987,-100.0
films,0,1,0.0,0.05074081591231987,-0.05074081591231987,-100.0
frankly,0,1,0.0,0.05074081591231987,-0.05074081591231987,-100.0
mouradian,0,1,0.0,0.05074081591231987,-0.05074081591231987,-100.0
managerthere,0,1,0.0,0.05074081591231987,-0.05074081591231987,-100.0
httpwwwyogatrailcom,0,1,0.0,0.05074081591231987,-0.05074081591231987,-100.0
hyperpersonalisationthis,0,1,0.0,0.05074081591231987,-0.05074081591231987,-100.0
gbday,0,1,0.0,0.05074081591231987,-0.05074081591231987,-100.0
slick,0,1,0.0,0.05074081591231987,-0.05074081591231987,-100.0
troublesome,0,1,0.0,0.05074081591231987,-0.05074081591231987,-100.0
efficiently,0,1,0.0,0.05074081591231987,-0.05074081591231987,-100.0
250month,0,1,0.0,0.05074081591231987,-0.05074081591231987,-100.0
ciif,0,1,0.0,0.05074081591231987,-0.05074081591231987,-100.0
announcements,0,1,0.0,0.05074081591231987,-0.05074081591231987,-100.0
magnetic,0,1,0.0,0.05074081591231987,-0.05074081591231987,-100.0
indiaplus,0,1,0.0,0.05074081591231987,-0.05074081591231987,-100.0
systemwith,0,1,0.0,0.05074081591231987,-0.05074081591231987,-100.0
holdings,0,1,0.0,0.05074081591231987,-0.05074081591231987,-100.0
optical,0,1,0.0,0.05074081591231987,-0.05074081591231987,-100.0
dayive,0,1,0.0,0.05074081591231987,-0.05074081591231987,-100.0
oriented,0,1,0.0,0.05074081591231987,-0.05074081591231987,-100.0
unsuccessfully,0,1,0.0,0.05074081591231987,-0.05074081591231987,-100.0
cohosted,0,1,0.0,0.05074081591231987,-0.05074081591231987,-100.0
dividends,0,1,0.0,0.05074081591231987,-0.05074081591231987,-100.0
treated,0,1,0.0,0.05074081591231987,-0.05074081591231987,-100.0
applicationssimula,0,1,0.0,0.05074081591231987,-0.05074081591231987,-100.0
indistinguishable,0,1,0.0,0.05074081591231987,-0.05074081591231987,-100.0
downloadable,0,1,0.0,0.05074081591231987,-0.05074081591231987,-100.0
webscraped,0,1,0.0,0.05074081591231987,-0.05074081591231987,-100.0
concluded,0,1,0.0,0.05074081591231987,-0.05074081591231987,-100.0
popularitywe,0,1,0.0,0.05074081591231987,-0.05074081591231987,-100.0
composible,0,1,0.0,0.05074081591231987,-0.05074081591231987,-100.0
modification,0,1,0.0,0.05074081591231987,-0.05074081591231987,-100.0
pivoting,0,1,0.0,0.05074081591231987,-0.05074081591231987,-100.0
invading,0,1,0.0,0.05074081591231987,-0.05074081591231987,-100.0
persisted,0,1,0.0,0.05074081591231987,-0.05074081591231987,-100.0
siloed,0,1,0.0,0.05074081591231987,-0.05074081591231987,-100.0
adapting,0,1,0.0,0.05074081591231987,-0.05074081591231987,-100.0
knowpick,0,1,0.0,0.05074081591231987,-0.05074081591231987,-100.0
specialised,0,1,0.0,0.05074081591231987,-0.05074081591231987,-100.0
anime,0,1,0.0,0.05074081591231987,-0.05074081591231987,-100.0
fears,0,1,0.0,0.05074081591231987,-0.05074081591231987,-100.0
oakland,0,1,0.0,0.05074081591231987,-0.05074081591231987,-100.0
merge,0,1,0.0,0.05074081591231987,-0.05074081591231987,-100.0
solvedits,0,1,0.0,0.05074081591231987,-0.05074081591231987,-100.0
highlighting,0,1,0.0,0.05074081591231987,-0.05074081591231987,-100.0
wellsuited,0,1,0.0,0.05074081591231987,-0.05074081591231987,-100.0
roped,0,1,0.0,0.05074081591231987,-0.05074081591231987,-100.0
howi,0,1,0.0,0.05074081591231987,-0.05074081591231987,-100.0
bnsam,0,1,0.0,0.05074081591231987,-0.05074081591231987,-100.0
transmission,0,1,0.0,0.05074081591231987,-0.05074081591231987,-100.0
distrust,0,1,0.0,0.05074081591231987,-0.05074081591231987,-100.0
mimicking,0,1,0.0,0.05074081591231987,-0.05074081591231987,-100.0
commissionedsven,0,1,0.0,0.05074081591231987,-0.05074081591231987,-100.0
hear,0,1,0.0,0.05074081591231987,-0.05074081591231987,-100.0
continuation,0,1,0.0,0.05074081591231987,-0.05074081591231987,-100.0
viber,0,1,0.0,0.05074081591231987,-0.05074081591231987,-100.0
multiplatform,0,1,0.0,0.05074081591231987,-0.05074081591231987,-100.0
workon,0,1,0.0,0.05074081591231987,-0.05074081591231987,-100.0
capability,0,1,0.0,0.05074081591231987,-0.05074081591231987,-100.0
650m,0,1,0.0,0.05074081591231987,-0.05074081591231987,-100.0
bag,0,1,0.0,0.05074081591231987,-0.05074081591231987,-100.0
unstable,0,1,0.0,0.05074081591231987,-0.05074081591231987,-100.0
languagepeople,0,1,0.0,0.05074081591231987,-0.05074081591231987,-100.0
settings,0,1,0.0,0.05074081591231987,-0.05074081591231987,-100.0
groovy,0,1,0.0,0.05074081591231987,-0.05074081591231987,-100.0
swear,0,1,0.0,0.05074081591231987,-0.05074081591231987,-100.0
representwtf,0,1,0.0,0.05074081591231987,-0.05074081591231987,-100.0
diploma,0,1,0.0,0.05074081591231987,-0.05074081591231987,-100.0
unreasonable,0,1,0.0,0.05074081591231987,-0.05074081591231987,-100.0
victim,0,1,0.0,0.05074081591231987,-0.05074081591231987,-100.0
pleasure,0,1,0.0,0.05074081591231987,-0.05074081591231987,-100.0
startnow,0,1,0.0,0.05074081591231987,-0.05074081591231987,-100.0
antithesis,0,1,0.0,0.05074081591231987,-0.05074081591231987,-100.0
tells,0,1,0.0,0.05074081591231987,-0.05074081591231987,-100.0
iterating,0,1,0.0,0.05074081591231987,-0.05074081591231987,-100.0
papermodel,0,1,0.0,0.05074081591231987,-0.05074081591231987,-100.0
seats,0,1,0.0,0.05074081591231987,-0.05074081591231987,-100.0
pronunciation,0,1,0.0,0.05074081591231987,-0.05074081591231987,-100.0
aweinspiring,0,1,0.0,0.05074081591231987,-0.05074081591231987,-100.0
relearn,0,1,0.0,0.05074081591231987,-0.05074081591231987,-100.0
rice,0,1,0.0,0.05074081591231987,-0.05074081591231987,-100.0
onsite,0,1,0.0,0.05074081591231987,-0.05074081591231987,-100.0
accidentally,0,1,0.0,0.05074081591231987,-0.05074081591231987,-100.0
dedicate,0,1,0.0,0.05074081591231987,-0.05074081591231987,-100.0
proprietor,0,1,0.0,0.05074081591231987,-0.05074081591231987,-100.0
tenderloin,0,1,0.0,0.05074081591231987,-0.05074081591231987,-100.0
cores,0,1,0.0,0.05074081591231987,-0.05074081591231987,-100.0
destress,0,1,0.0,0.05074081591231987,-0.05074081591231987,-100.0
ashrams,0,1,0.0,0.05074081591231987,-0.05074081591231987,-100.0
causes,0,1,0.0,0.05074081591231987,-0.05074081591231987,-100.0
progressive,0,1,0.0,0.05074081591231987,-0.05074081591231987,-100.0
resilience,0,1,0.0,0.05074081591231987,-0.05074081591231987,-100.0
mount,0,1,0.0,0.05074081591231987,-0.05074081591231987,-100.0
towers,0,1,0.0,0.05074081591231987,-0.05074081591231987,-100.0
lectures,0,1,0.0,0.05074081591231987,-0.05074081591231987,-100.0
15kwe,0,1,0.0,0.05074081591231987,-0.05074081591231987,-100.0
buildingin,0,1,0.0,0.05074081591231987,-0.05074081591231987,-100.0
hang,0,1,0.0,0.05074081591231987,-0.05074081591231987,-100.0
tapped,0,1,0.0,0.05074081591231987,-0.05074081591231987,-100.0
userspaying,0,1,0.0,0.05074081591231987,-0.05074081591231987,-100.0
weight,0,1,0.0,0.05074081591231987,-0.05074081591231987,-100.0
mousemodularised,0,1,0.0,0.05074081591231987,-0.05074081591231987,-100.0
populated,0,1,0.0,0.05074081591231987,-0.05074081591231987,-100.0
streak,0,1,0.0,0.05074081591231987,-0.05074081591231987,-100.0
iosandroid,0,1,0.0,0.05074081591231987,-0.05074081591231987,-100.0
syllabus2it,0,1,0.0,0.05074081591231987,-0.05074081591231987,-100.0
mornings,0,1,0.0,0.05074081591231987,-0.05074081591231987,-100.0
prototypesall,0,1,0.0,0.05074081591231987,-0.05074081591231987,-100.0
sketch,0,1,0.0,0.05074081591231987,-0.05074081591231987,-100.0
blows,0,1,0.0,0.05074081591231987,-0.05074081591231987,-100.0
indicators,0,1,0.0,0.05074081591231987,-0.05074081591231987,-100.0
banner,0,1,0.0,0.05074081591231987,-0.05074081591231987,-100.0
deskwith,0,1,0.0,0.05074081591231987,-0.05074081591231987,-100.0
graped,0,1,0.0,0.05074081591231987,-0.05074081591231987,-100.0
confirmation,0,1,0.0,0.05074081591231987,-0.05074081591231987,-100.0
fundraisers,0,1,0.0,0.05074081591231987,-0.05074081591231987,-100.0
httpswwwdataminerco,0,1,0.0,0.05074081591231987,-0.05074081591231987,-100.0
apiit,0,1,0.0,0.05074081591231987,-0.05074081591231987,-100.0
neededinstead,0,1,0.0,0.05074081591231987,-0.05074081591231987,-100.0
broadest,0,1,0.0,0.05074081591231987,-0.05074081591231987,-100.0
pattern,0,1,0.0,0.05074081591231987,-0.05074081591231987,-100.0
appeals,0,1,0.0,0.05074081591231987,-0.05074081591231987,-100.0
rampell,0,1,0.0,0.05074081591231987,-0.05074081591231987,-100.0
asymmetry,0,1,0.0,0.05074081591231987,-0.05074081591231987,-100.0
severe,0,1,0.0,0.05074081591231987,-0.05074081591231987,-100.0
subcontracting,0,1,0.0,0.05074081591231987,-0.05074081591231987,-100.0
maturing,0,1,0.0,0.05074081591231987,-0.05074081591231987,-100.0
bundles,0,1,0.0,0.05074081591231987,-0.05074081591231987,-100.0
attempts,0,1,0.0,0.05074081591231987,-0.05074081591231987,-100.0
ukrainian,0,1,0.0,0.05074081591231987,-0.05074081591231987,-100.0
latinamerica,0,1,0.0,0.05074081591231987,-0.05074081591231987,-100.0
loaded,0,1,0.0,0.05074081591231987,-0.05074081591231987,-100.0
silly,0,1,0.0,0.05074081591231987,-0.05074081591231987,-100.0
conscious,0,1,0.0,0.05074081591231987,-0.05074081591231987,-100.0
teenagers,0,1,0.0,0.05074081591231987,-0.05074081591231987,-100.0
newwe,0,1,0.0,0.05074081591231987,-0.05074081591231987,-100.0
overloaded,0,1,0.0,0.05074081591231987,-0.05074081591231987,-100.0
comprising,0,1,0.0,0.05074081591231987,-0.05074081591231987,-100.0
fleetour,0,1,0.0,0.05074081591231987,-0.05074081591231987,-100.0
copying,0,1,0.0,0.05074081591231987,-0.05074081591231987,-100.0
civilian,0,1,0.0,0.05074081591231987,-0.05074081591231987,-100.0
keys,0,1,0.0,0.05074081591231987,-0.05074081591231987,-100.0
intranet,0,1,0.0,0.05074081591231987,-0.05074081591231987,-100.0
stabilised,0,1,0.0,0.05074081591231987,-0.05074081591231987,-100.0
homeowners,0,1,0.0,0.05074081591231987,-0.05074081591231987,-100.0
protest,0,1,0.0,0.05074081591231987,-0.05074081591231987,-100.0
southern,0,1,0.0,0.05074081591231987,-0.05074081591231987,-100.0
warehousessmall,0,1,0.0,0.05074081591231987,-0.05074081591231987,-100.0
seekers,0,1,0.0,0.05074081591231987,-0.05074081591231987,-100.0
perfocal,0,1,0.0,0.05074081591231987,-0.05074081591231987,-100.0
danger,0,1,0.0,0.05074081591231987,-0.05074081591231987,-100.0
untapped,0,1,0.0,0.05074081591231987,-0.05074081591231987,-100.0
newcomers,0,1,0.0,0.05074081591231987,-0.05074081591231987,-100.0
dual,0,1,0.0,0.05074081591231987,-0.05074081591231987,-100.0
circumvent,0,1,0.0,0.05074081591231987,-0.05074081591231987,-100.0
esl,0,1,0.0,0.05074081591231987,-0.05074081591231987,-100.0
195year,0,1,0.0,0.05074081591231987,-0.05074081591231987,-100.0
httpswwwpmalertscomalert22startup20school22usecases,0,1,0.0,0.05074081591231987,-0.05074081591231987,-100.0
confinement,0,1,0.0,0.05074081591231987,-0.05074081591231987,-100.0
sme,0,1,0.0,0.05074081591231987,-0.05074081591231987,-100.0
questions2,0,1,0.0,0.05074081591231987,-0.05074081591231987,-100.0
catch22,0,1,0.0,0.05074081591231987,-0.05074081591231987,-100.0
dots,0,1,0.0,0.05074081591231987,-0.05074081591231987,-100.0
deserve,0,1,0.0,0.05074081591231987,-0.05074081591231987,-100.0
park,0,1,0.0,0.05074081591231987,-0.05074081591231987,-100.0
util,0,1,0.0,0.05074081591231987,-0.05074081591231987,-100.0
neurosurgical,0,1,0.0,0.05074081591231987,-0.05074081591231987,-100.0
children110k,0,1,0.0,0.05074081591231987,-0.05074081591231987,-100.0
launchwe,0,1,0.0,0.05074081591231987,-0.05074081591231987,-100.0
hopefully,0,1,0.0,0.05074081591231987,-0.05074081591231987,-100.0
ukhttpstwittercomsab8astatus395953042077806592httpstwittercomsab8astatus390159605793169408httpstwittercomsab8astatus389743861758570497,0,1,0.0,0.05074081591231987,-0.05074081591231987,-100.0
dog,0,1,0.0,0.05074081591231987,-0.05074081591231987,-100.0
supplies,0,1,0.0,0.05074081591231987,-0.05074081591231987,-100.0
rosettastone,0,1,0.0,0.05074081591231987,-0.05074081591231987,-100.0
poached,0,1,0.0,0.05074081591231987,-0.05074081591231987,-100.0
riders,0,1,0.0,0.05074081591231987,-0.05074081591231987,-100.0
187billion,0,1,0.0,0.05074081591231987,-0.05074081591231987,-100.0
portraits,0,1,0.0,0.05074081591231987,-0.05074081591231987,-100.0
workstation,0,1,0.0,0.05074081591231987,-0.05074081591231987,-100.0
egg,0,1,0.0,0.05074081591231987,-0.05074081591231987,-100.0
retirees,0,1,0.0,0.05074081591231987,-0.05074081591231987,-100.0
frontpage,0,1,0.0,0.05074081591231987,-0.05074081591231987,-100.0
nightlife,0,1,0.0,0.05074081591231987,-0.05074081591231987,-100.0
assembled,0,1,0.0,0.05074081591231987,-0.05074081591231987,-100.0
hed,0,1,0.0,0.05074081591231987,-0.05074081591231987,-100.0
aspect,0,1,0.0,0.05074081591231987,-0.05074081591231987,-100.0
stationed,0,1,0.0,0.05074081591231987,-0.05074081591231987,-100.0
mucking,0,1,0.0,0.05074081591231987,-0.05074081591231987,-100.0
hobbiessports,0,1,0.0,0.05074081591231987,-0.05074081591231987,-100.0
2hr,0,1,0.0,0.05074081591231987,-0.05074081591231987,-100.0
mile,0,1,0.0,0.05074081591231987,-0.05074081591231987,-100.0
translates,0,1,0.0,0.05074081591231987,-0.05074081591231987,-100.0
photopeople,0,1,0.0,0.05074081591231987,-0.05074081591231987,-100.0
instamart,0,1,0.0,0.05074081591231987,-0.05074081591231987,-100.0
backward,0,1,0.0,0.05074081591231987,-0.05074081591231987,-100.0
keyboards,0,1,0.0,0.05074081591231987,-0.05074081591231987,-100.0
questionsive,0,1,0.0,0.05074081591231987,-0.05074081591231987,-100.0
thread,0,1,0.0,0.05074081591231987,-0.05074081591231987,-100.0
postal,0,1,0.0,0.05074081591231987,-0.05074081591231987,-100.0
followingt,0,1,0.0,0.05074081591231987,-0.05074081591231987,-100.0
enrol,0,1,0.0,0.05074081591231987,-0.05074081591231987,-100.0
camps,0,1,0.0,0.05074081591231987,-0.05074081591231987,-100.0
traditionally,0,1,0.0,0.05074081591231987,-0.05074081591231987,-100.0
ambition,0,1,0.0,0.05074081591231987,-0.05074081591231987,-100.0
pace,0,1,0.0,0.05074081591231987,-0.05074081591231987,-100.0
asap,0,1,0.0,0.05074081591231987,-0.05074081591231987,-100.0
100km,0,1,0.0,0.05074081591231987,-0.05074081591231987,-100.0
over2,0,1,0.0,0.05074081591231987,-0.05074081591231987,-100.0
httpswwwpmalertscomlistenersuberpeopleperspectivepriority,0,1,0.0,0.05074081591231987,-0.05074081591231987,-100.0
cultivation,0,1,0.0,0.05074081591231987,-0.05074081591231987,-100.0
httpspreadsheetmagickissrcommake,0,1,0.0,0.05074081591231987,-0.05074081591231987,-100.0
2014we,0,1,0.0,0.05074081591231987,-0.05074081591231987,-100.0
workforhire,0,1,0.0,0.05074081591231987,-0.05074081591231987,-100.0
httpworrydreamcommediaforthinkingtheunthinkableive,0,1,0.0,0.05074081591231987,-0.05074081591231987,-100.0
fbmebotsla,0,1,0.0,0.05074081591231987,-0.05074081591231987,-100.0
lens,0,1,0.0,0.05074081591231987,-0.05074081591231987,-100.0
magnification,0,1,0.0,0.05074081591231987,-0.05074081591231987,-100.0
valid,0,1,0.0,0.05074081591231987,-0.05074081591231987,-100.0
venuesweve,0,1,0.0,0.05074081591231987,-0.05074081591231987,-100.0
hobbiesim,0,1,0.0,0.05074081591231987,-0.05074081591231987,-100.0
asentrepreneurslast,0,1,0.0,0.05074081591231987,-0.05074081591231987,-100.0
inputoutput,0,1,0.0,0.05074081591231987,-0.05074081591231987,-100.0
one6,0,1,0.0,0.05074081591231987,-0.05074081591231987,-100.0
asapi,0,1,0.0,0.05074081591231987,-0.05074081591231987,-100.0
latin,0,1,0.0,0.05074081591231987,-0.05074081591231987,-100.0
platzi,0,1,0.0,0.05074081591231987,-0.05074081591231987,-100.0
spacewe,0,1,0.0,0.05074081591231987,-0.05074081591231987,-100.0
reconnected,0,1,0.0,0.05074081591231987,-0.05074081591231987,-100.0
exports,0,1,0.0,0.05074081591231987,-0.05074081591231987,-100.0
delegate,0,1,0.0,0.05074081591231987,-0.05074081591231987,-100.0
neck,0,1,0.0,0.05074081591231987,-0.05074081591231987,-100.0
organizing,0,1,0.0,0.05074081591231987,-0.05074081591231987,-100.0
sdkthe,0,1,0.0,0.05074081591231987,-0.05074081591231987,-100.0
nonnative,0,1,0.0,0.05074081591231987,-0.05074081591231987,-100.0
overhead,0,1,0.0,0.05074081591231987,-0.05074081591231987,-100.0
incorrect,0,1,0.0,0.05074081591231987,-0.05074081591231987,-100.0
httpwwwstartupsodacomauhere,0,1,0.0,0.05074081591231987,-0.05074081591231987,-100.0
whitefield,0,1,0.0,0.05074081591231987,-0.05074081591231987,-100.0
propelled,0,1,0.0,0.05074081591231987,-0.05074081591231987,-100.0
couchsurfing,0,1,0.0,0.05074081591231987,-0.05074081591231987,-100.0
granny,0,1,0.0,0.05074081591231987,-0.05074081591231987,-100.0
pursuedfurthermore,0,1,0.0,0.05074081591231987,-0.05074081591231987,-100.0
nonfounders,0,1,0.0,0.05074081591231987,-0.05074081591231987,-100.0
neurotrauma,0,1,0.0,0.05074081591231987,-0.05074081591231987,-100.0
holographic,0,1,0.0,0.05074081591231987,-0.05074081591231987,-100.0
publishable,0,1,0.0,0.05074081591231987,-0.05074081591231987,-100.0
planks,0,1,0.0,0.05074081591231987,-0.05074081591231987,-100.0
visible,0,1,0.0,0.05074081591231987,-0.05074081591231987,-100.0
youyour,0,1,0.0,0.05074081591231987,-0.05074081591231987,-100.0
assembler,0,1,0.0,0.05074081591231987,-0.05074081591231987,-100.0
feb2,0,1,0.0,0.05074081591231987,-0.05074081591231987,-100.0
narratives,0,1,0.0,0.05074081591231987,-0.05074081591231987,-100.0
learningwere,0,1,0.0,0.05074081591231987,-0.05074081591231987,-100.0
solutionpmalerts,0,1,0.0,0.05074081591231987,-0.05074081591231987,-100.0
mobiles,0,1,0.0,0.05074081591231987,-0.05074081591231987,-100.0
json,0,1,0.0,0.05074081591231987,-0.05074081591231987,-100.0
volunteered,0,1,0.0,0.05074081591231987,-0.05074081591231987,-100.0
troublemakers,0,1,0.0,0.05074081591231987,-0.05074081591231987,-100.0
fantasy,0,1,0.0,0.05074081591231987,-0.05074081591231987,-100.0
funding,9,9,0.40353315697439807,0.4566673432108788,-0.05313418623648075,-11.63520602609514
works,9,9,0.40353315697439807,0.4566673432108788,-0.05313418623648075,-11.63520602609514
centre,1,2,0.044837017441599784,0.10148163182463973,-0.05664461438303995,-55.81760301304757
targets,1,2,0.044837017441599784,0.10148163182463973,-0.05664461438303995,-55.81760301304757
determine,1,2,0.044837017441599784,0.10148163182463973,-0.05664461438303995,-55.81760301304757
type,1,2,0.044837017441599784,0.10148163182463973,-0.05664461438303995,-55.81760301304757
catch,1,2,0.044837017441599784,0.10148163182463973,-0.05664461438303995,-55.81760301304757
insights,1,2,0.044837017441599784,0.10148163182463973,-0.05664461438303995,-55.81760301304757
shown,1,2,0.044837017441599784,0.10148163182463973,-0.05664461438303995,-55.81760301304757
mental,1,2,0.044837017441599784,0.10148163182463973,-0.05664461438303995,-55.81760301304757
institutional,1,2,0.044837017441599784,0.10148163182463973,-0.05664461438303995,-55.81760301304757
topics,1,2,0.044837017441599784,0.10148163182463973,-0.05664461438303995,-55.81760301304757
shell,1,2,0.044837017441599784,0.10148163182463973,-0.05664461438303995,-55.81760301304757
fill,1,2,0.044837017441599784,0.10148163182463973,-0.05664461438303995,-55.81760301304757
lacks,1,2,0.044837017441599784,0.10148163182463973,-0.05664461438303995,-55.81760301304757
stocks,1,2,0.044837017441599784,0.10148163182463973,-0.05664461438303995,-55.81760301304757
enormous,1,2,0.044837017441599784,0.10148163182463973,-0.05664461438303995,-55.81760301304757
hotels,1,2,0.044837017441599784,0.10148163182463973,-0.05664461438303995,-55.81760301304757
compared,1,2,0.044837017441599784,0.10148163182463973,-0.05664461438303995,-55.81760301304757
meaningful,1,2,0.044837017441599784,0.10148163182463973,-0.05664461438303995,-55.81760301304757
applicable,1,2,0.044837017441599784,0.10148163182463973,-0.05664461438303995,-55.81760301304757
hoping,1,2,0.044837017441599784,0.10148163182463973,-0.05664461438303995,-55.81760301304757
backed,1,2,0.044837017441599784,0.10148163182463973,-0.05664461438303995,-55.81760301304757
mentorship,1,2,0.044837017441599784,0.10148163182463973,-0.05664461438303995,-55.81760301304757
killer,1,2,0.044837017441599784,0.10148163182463973,-0.05664461438303995,-55.81760301304757
ignore,1,2,0.044837017441599784,0.10148163182463973,-0.05664461438303995,-55.81760301304757
interact,1,2,0.044837017441599784,0.10148163182463973,-0.05664461438303995,-55.81760301304757
unit,1,2,0.044837017441599784,0.10148163182463973,-0.05664461438303995,-55.81760301304757
predict,1,2,0.044837017441599784,0.10148163182463973,-0.05664461438303995,-55.81760301304757
ahead,1,2,0.044837017441599784,0.10148163182463973,-0.05664461438303995,-55.81760301304757
elements,1,2,0.044837017441599784,0.10148163182463973,-0.05664461438303995,-55.81760301304757
operation,1,2,0.044837017441599784,0.10148163182463973,-0.05664461438303995,-55.81760301304757
tips,1,2,0.044837017441599784,0.10148163182463973,-0.05664461438303995,-55.81760301304757
analyzed,1,2,0.044837017441599784,0.10148163182463973,-0.05664461438303995,-55.81760301304757
vote,1,2,0.044837017441599784,0.10148163182463973,-0.05664461438303995,-55.81760301304757
expectations,1,2,0.044837017441599784,0.10148163182463973,-0.05664461438303995,-55.81760301304757
reducing,1,2,0.044837017441599784,0.10148163182463973,-0.05664461438303995,-55.81760301304757
finish,1,2,0.044837017441599784,0.10148163182463973,-0.05664461438303995,-55.81760301304757
exploring,1,2,0.044837017441599784,0.10148163182463973,-0.05664461438303995,-55.81760301304757
deferred,1,2,0.044837017441599784,0.10148163182463973,-0.05664461438303995,-55.81760301304757
workspace,1,2,0.044837017441599784,0.10148163182463973,-0.05664461438303995,-55.81760301304757
lisp,1,2,0.044837017441599784,0.10148163182463973,-0.05664461438303995,-55.81760301304757
truly,1,2,0.044837017441599784,0.10148163182463973,-0.05664461438303995,-55.81760301304757
ramen,1,2,0.044837017441599784,0.10148163182463973,-0.05664461438303995,-55.81760301304757
resulted,1,2,0.044837017441599784,0.10148163182463973,-0.05664461438303995,-55.81760301304757
reported,1,2,0.044837017441599784,0.10148163182463973,-0.05664461438303995,-55.81760301304757
man,1,2,0.044837017441599784,0.10148163182463973,-0.05664461438303995,-55.81760301304757
undergrad,1,2,0.044837017441599784,0.10148163182463973,-0.05664461438303995,-55.81760301304757
rolls,1,2,0.044837017441599784,0.10148163182463973,-0.05664461438303995,-55.81760301304757
ltv,1,2,0.044837017441599784,0.10148163182463973,-0.05664461438303995,-55.81760301304757
tough,1,2,0.044837017441599784,0.10148163182463973,-0.05664461438303995,-55.81760301304757
wide,1,2,0.044837017441599784,0.10148163182463973,-0.05664461438303995,-55.81760301304757
activity,1,2,0.044837017441599784,0.10148163182463973,-0.05664461438303995,-55.81760301304757
maintaining,1,2,0.044837017441599784,0.10148163182463973,-0.05664461438303995,-55.81760301304757
population,1,2,0.044837017441599784,0.10148163182463973,-0.05664461438303995,-55.81760301304757
score,1,2,0.044837017441599784,0.10148163182463973,-0.05664461438303995,-55.81760301304757
posting,1,2,0.044837017441599784,0.10148163182463973,-0.05664461438303995,-55.81760301304757
lean,1,2,0.044837017441599784,0.10148163182463973,-0.05664461438303995,-55.81760301304757
edition,1,2,0.044837017441599784,0.10148163182463973,-0.05664461438303995,-55.81760301304757
convince,1,2,0.044837017441599784,0.10148163182463973,-0.05664461438303995,-55.81760301304757
attack,1,2,0.044837017441599784,0.10148163182463973,-0.05664461438303995,-55.81760301304757
browse,1,2,0.044837017441599784,0.10148163182463973,-0.05664461438303995,-55.81760301304757
decent,1,2,0.044837017441599784,0.10148163182463973,-0.05664461438303995,-55.81760301304757
toward,1,2,0.044837017441599784,0.10148163182463973,-0.05664461438303995,-55.81760301304757
lacking,1,2,0.044837017441599784,0.10148163182463973,-0.05664461438303995,-55.81760301304757
editors,1,2,0.044837017441599784,0.10148163182463973,-0.05664461438303995,-55.81760301304757
whos,1,2,0.044837017441599784,0.10148163182463973,-0.05664461438303995,-55.81760301304757
tiers,1,2,0.044837017441599784,0.10148163182463973,-0.05664461438303995,-55.81760301304757
reviewed,1,2,0.044837017441599784,0.10148163182463973,-0.05664461438303995,-55.81760301304757
afterwards,1,2,0.044837017441599784,0.10148163182463973,-0.05664461438303995,-55.81760301304757
curates,1,2,0.044837017441599784,0.10148163182463973,-0.05664461438303995,-55.81760301304757
scope,1,2,0.044837017441599784,0.10148163182463973,-0.05664461438303995,-55.81760301304757
opposed,1,2,0.044837017441599784,0.10148163182463973,-0.05664461438303995,-55.81760301304757
appointment,1,2,0.044837017441599784,0.10148163182463973,-0.05664461438303995,-55.81760301304757
suited,1,2,0.044837017441599784,0.10148163182463973,-0.05664461438303995,-55.81760301304757
uploading,1,2,0.044837017441599784,0.10148163182463973,-0.05664461438303995,-55.81760301304757
burn,1,2,0.044837017441599784,0.10148163182463973,-0.05664461438303995,-55.81760301304757
scalability,1,2,0.044837017441599784,0.10148163182463973,-0.05664461438303995,-55.81760301304757
thanks,1,2,0.044837017441599784,0.10148163182463973,-0.05664461438303995,-55.81760301304757
reality,1,2,0.044837017441599784,0.10148163182463973,-0.05664461438303995,-55.81760301304757
silicon,1,2,0.044837017441599784,0.10148163182463973,-0.05664461438303995,-55.81760301304757
activities,1,2,0.044837017441599784,0.10148163182463973,-0.05664461438303995,-55.81760301304757
formats,1,2,0.044837017441599784,0.10148163182463973,-0.05664461438303995,-55.81760301304757
coo,1,2,0.044837017441599784,0.10148163182463973,-0.05664461438303995,-55.81760301304757
cities,1,2,0.044837017441599784,0.10148163182463973,-0.05664461438303995,-55.81760301304757
levels,1,2,0.044837017441599784,0.10148163182463973,-0.05664461438303995,-55.81760301304757
bluetooth,1,2,0.044837017441599784,0.10148163182463973,-0.05664461438303995,-55.81760301304757
fell,1,2,0.044837017441599784,0.10148163182463973,-0.05664461438303995,-55.81760301304757
hosted,1,2,0.044837017441599784,0.10148163182463973,-0.05664461438303995,-55.81760301304757
offerings,1,2,0.044837017441599784,0.10148163182463973,-0.05664461438303995,-55.81760301304757
influencers,1,2,0.044837017441599784,0.10148163182463973,-0.05664461438303995,-55.81760301304757
closed,1,2,0.044837017441599784,0.10148163182463973,-0.05664461438303995,-55.81760301304757
supported,1,2,0.044837017441599784,0.10148163182463973,-0.05664461438303995,-55.81760301304757
firstly,1,2,0.044837017441599784,0.10148163182463973,-0.05664461438303995,-55.81760301304757
missing,1,2,0.044837017441599784,0.10148163182463973,-0.05664461438303995,-55.81760301304757
werent,1,2,0.044837017441599784,0.10148163182463973,-0.05664461438303995,-55.81760301304757
pdf,1,2,0.044837017441599784,0.10148163182463973,-0.05664461438303995,-55.81760301304757
150k,1,2,0.044837017441599784,0.10148163182463973,-0.05664461438303995,-55.81760301304757
clicks,1,2,0.044837017441599784,0.10148163182463973,-0.05664461438303995,-55.81760301304757
child,1,2,0.044837017441599784,0.10148163182463973,-0.05664461438303995,-55.81760301304757
struggling,1,2,0.044837017441599784,0.10148163182463973,-0.05664461438303995,-55.81760301304757
thin,1,2,0.044837017441599784,0.10148163182463973,-0.05664461438303995,-55.81760301304757
functions,1,2,0.044837017441599784,0.10148163182463973,-0.05664461438303995,-55.81760301304757
sciences,1,2,0.044837017441599784,0.10148163182463973,-0.05664461438303995,-55.81760301304757
barely,1,2,0.044837017441599784,0.10148163182463973,-0.05664461438303995,-55.81760301304757
documentation,1,2,0.044837017441599784,0.10148163182463973,-0.05664461438303995,-55.81760301304757
amounts,1,2,0.044837017441599784,0.10148163182463973,-0.05664461438303995,-55.81760301304757
kids,1,2,0.044837017441599784,0.10148163182463973,-0.05664461438303995,-55.81760301304757
lesson,1,2,0.044837017441599784,0.10148163182463973,-0.05664461438303995,-55.81760301304757
originally,1,2,0.044837017441599784,0.10148163182463973,-0.05664461438303995,-55.81760301304757
cnn,1,2,0.044837017441599784,0.10148163182463973,-0.05664461438303995,-55.81760301304757
margin,1,2,0.044837017441599784,0.10148163182463973,-0.05664461438303995,-55.81760301304757
continues,1,2,0.044837017441599784,0.10148163182463973,-0.05664461438303995,-55.81760301304757
tailored,1,2,0.044837017441599784,0.10148163182463973,-0.05664461438303995,-55.81760301304757
context,1,2,0.044837017441599784,0.10148163182463973,-0.05664461438303995,-55.81760301304757
surrounding,1,2,0.044837017441599784,0.10148163182463973,-0.05664461438303995,-55.81760301304757
surprised,1,2,0.044837017441599784,0.10148163182463973,-0.05664461438303995,-55.81760301304757
principles,1,2,0.044837017441599784,0.10148163182463973,-0.05664461438303995,-55.81760301304757
belief,1,2,0.044837017441599784,0.10148163182463973,-0.05664461438303995,-55.81760301304757
mexico,1,2,0.044837017441599784,0.10148163182463973,-0.05664461438303995,-55.81760301304757
streets,1,2,0.044837017441599784,0.10148163182463973,-0.05664461438303995,-55.81760301304757
leveraging,1,2,0.044837017441599784,0.10148163182463973,-0.05664461438303995,-55.81760301304757
churn,1,2,0.044837017441599784,0.10148163182463973,-0.05664461438303995,-55.81760301304757
wasted,1,2,0.044837017441599784,0.10148163182463973,-0.05664461438303995,-55.81760301304757
mentioned,1,2,0.044837017441599784,0.10148163182463973,-0.05664461438303995,-55.81760301304757
handful,1,2,0.044837017441599784,0.10148163182463973,-0.05664461438303995,-55.81760301304757
upsells,1,2,0.044837017441599784,0.10148163182463973,-0.05664461438303995,-55.81760301304757
alongside,1,2,0.044837017441599784,0.10148163182463973,-0.05664461438303995,-55.81760301304757
motion,1,2,0.044837017441599784,0.10148163182463973,-0.05664461438303995,-55.81760301304757
seek,1,2,0.044837017441599784,0.10148163182463973,-0.05664461438303995,-55.81760301304757
queries,1,2,0.044837017441599784,0.10148163182463973,-0.05664461438303995,-55.81760301304757
jason,1,2,0.044837017441599784,0.10148163182463973,-0.05664461438303995,-55.81760301304757
kevin,1,2,0.044837017441599784,0.10148163182463973,-0.05664461438303995,-55.81760301304757
responsibilities,1,2,0.044837017441599784,0.10148163182463973,-0.05664461438303995,-55.81760301304757
fundamental,1,2,0.044837017441599784,0.10148163182463973,-0.05664461438303995,-55.81760301304757
removes,1,2,0.044837017441599784,0.10148163182463973,-0.05664461438303995,-55.81760301304757
drop,1,2,0.044837017441599784,0.10148163182463973,-0.05664461438303995,-55.81760301304757
foster,1,2,0.044837017441599784,0.10148163182463973,-0.05664461438303995,-55.81760301304757
deeper,1,2,0.044837017441599784,0.10148163182463973,-0.05664461438303995,-55.81760301304757
shares,1,2,0.044837017441599784,0.10148163182463973,-0.05664461438303995,-55.81760301304757
minds,1,2,0.044837017441599784,0.10148163182463973,-0.05664461438303995,-55.81760301304757
supporting,1,2,0.044837017441599784,0.10148163182463973,-0.05664461438303995,-55.81760301304757
unable,1,2,0.044837017441599784,0.10148163182463973,-0.05664461438303995,-55.81760301304757
widgets,1,2,0.044837017441599784,0.10148163182463973,-0.05664461438303995,-55.81760301304757
supplier,1,2,0.044837017441599784,0.10148163182463973,-0.05664461438303995,-55.81760301304757
individually,1,2,0.044837017441599784,0.10148163182463973,-0.05664461438303995,-55.81760301304757
influence,1,2,0.044837017441599784,0.10148163182463973,-0.05664461438303995,-55.81760301304757
actively,1,2,0.044837017441599784,0.10148163182463973,-0.05664461438303995,-55.81760301304757
contribute,1,2,0.044837017441599784,0.10148163182463973,-0.05664461438303995,-55.81760301304757
engaged,1,2,0.044837017441599784,0.10148163182463973,-0.05664461438303995,-55.81760301304757
postings,1,2,0.044837017441599784,0.10148163182463973,-0.05664461438303995,-55.81760301304757
leader,1,2,0.044837017441599784,0.10148163182463973,-0.05664461438303995,-55.81760301304757
freelancing,1,2,0.044837017441599784,0.10148163182463973,-0.05664461438303995,-55.81760301304757
holds,1,2,0.044837017441599784,0.10148163182463973,-0.05664461438303995,-55.81760301304757
drastically,1,2,0.044837017441599784,0.10148163182463973,-0.05664461438303995,-55.81760301304757
mode,1,2,0.044837017441599784,0.10148163182463973,-0.05664461438303995,-55.81760301304757
commodity,1,2,0.044837017441599784,0.10148163182463973,-0.05664461438303995,-55.81760301304757
theyd,1,2,0.044837017441599784,0.10148163182463973,-0.05664461438303995,-55.81760301304757
distance,1,2,0.044837017441599784,0.10148163182463973,-0.05664461438303995,-55.81760301304757
across,10,10,0.44837017441599786,0.5074081591231987,-0.05903798470720084,-11.635206026095142
took,10,10,0.44837017441599786,0.5074081591231987,-0.05903798470720084,-11.635206026095142
hard,10,10,0.44837017441599786,0.5074081591231987,-0.05903798470720084,-11.635206026095142
willing,10,10,0.44837017441599786,0.5074081591231987,-0.05903798470720084,-11.635206026095142
political,2,3,0.08967403488319957,0.15222244773695962,-0.06254841285376005,-41.090137350730096
expressed,2,3,0.08967403488319957,0.15222244773695962,-0.06254841285376005,-41.090137350730096
nobody,2,3,0.08967403488319957,0.15222244773695962,-0.06254841285376005,-41.090137350730096
visit,2,3,0.08967403488319957,0.15222244773695962,-0.06254841285376005,-41.090137350730096
earlier,2,3,0.08967403488319957,0.15222244773695962,-0.06254841285376005,-41.090137350730096
seems,2,3,0.08967403488319957,0.15222244773695962,-0.06254841285376005,-41.090137350730096
accountability,2,3,0.08967403488319957,0.15222244773695962,-0.06254841285376005,-41.090137350730096
checking,2,3,0.08967403488319957,0.15222244773695962,-0.06254841285376005,-41.090137350730096
booked,2,3,0.08967403488319957,0.15222244773695962,-0.06254841285376005,-41.090137350730096
50k,2,3,0.08967403488319957,0.15222244773695962,-0.06254841285376005,-41.090137350730096
reviews,2,3,0.08967403488319957,0.15222244773695962,-0.06254841285376005,-41.090137350730096
sector,2,3,0.08967403488319957,0.15222244773695962,-0.06254841285376005,-41.090137350730096
exist,2,3,0.08967403488319957,0.15222244773695962,-0.06254841285376005,-41.090137350730096
wrong,2,3,0.08967403488319957,0.15222244773695962,-0.06254841285376005,-41.090137350730096
flexibility,2,3,0.08967403488319957,0.15222244773695962,-0.06254841285376005,-41.090137350730096
commitment,2,3,0.08967403488319957,0.15222244773695962,-0.06254841285376005,-41.090137350730096
sound,2,3,0.08967403488319957,0.15222244773695962,-0.06254841285376005,-41.090137350730096
advanced,2,3,0.08967403488319957,0.15222244773695962,-0.06254841285376005,-41.090137350730096
sourcing,2,3,0.08967403488319957,0.15222244773695962,-0.06254841285376005,-41.090137350730096
guidance,2,3,0.08967403488319957,0.15222244773695962,-0.06254841285376005,-41.090137350730096
evolved,2,3,0.08967403488319957,0.15222244773695962,-0.06254841285376005,-41.090137350730096
children,2,3,0.08967403488319957,0.15222244773695962,-0.06254841285376005,-41.090137350730096
barrier,2,3,0.08967403488319957,0.15222244773695962,-0.06254841285376005,-41.090137350730096
listen,2,3,0.08967403488319957,0.15222244773695962,-0.06254841285376005,-41.090137350730096
seemed,2,3,0.08967403488319957,0.15222244773695962,-0.06254841285376005,-41.090137350730096
profit,2,3,0.08967403488319957,0.15222244773695962,-0.06254841285376005,-41.090137350730096
bootcamp,2,3,0.08967403488319957,0.15222244773695962,-0.06254841285376005,-41.090137350730096
onboarding,2,3,0.08967403488319957,0.15222244773695962,-0.06254841285376005,-41.090137350730096
references,2,3,0.08967403488319957,0.15222244773695962,-0.06254841285376005,-41.090137350730096
annually,2,3,0.08967403488319957,0.15222244773695962,-0.06254841285376005,-41.090137350730096
forget,2,3,0.08967403488319957,0.15222244773695962,-0.06254841285376005,-41.090137350730096
barcelona,2,3,0.08967403488319957,0.15222244773695962,-0.06254841285376005,-41.090137350730096
prefer,2,3,0.08967403488319957,0.15222244773695962,-0.06254841285376005,-41.090137350730096
explore,2,3,0.08967403488319957,0.15222244773695962,-0.06254841285376005,-41.090137350730096
undergraduate,2,3,0.08967403488319957,0.15222244773695962,-0.06254841285376005,-41.090137350730096
survey,2,3,0.08967403488319957,0.15222244773695962,-0.06254841285376005,-41.090137350730096
check,2,3,0.08967403488319957,0.15222244773695962,-0.06254841285376005,-41.090137350730096
studying,2,3,0.08967403488319957,0.15222244773695962,-0.06254841285376005,-41.090137350730096
print,2,3,0.08967403488319957,0.15222244773695962,-0.06254841285376005,-41.090137350730096
pivot,2,3,0.08967403488319957,0.15222244773695962,-0.06254841285376005,-41.090137350730096
position,2,3,0.08967403488319957,0.15222244773695962,-0.06254841285376005,-41.090137350730096
letting,2,3,0.08967403488319957,0.15222244773695962,-0.06254841285376005,-41.090137350730096
eat,2,3,0.08967403488319957,0.15222244773695962,-0.06254841285376005,-41.090137350730096
property,2,3,0.08967403488319957,0.15222244773695962,-0.06254841285376005,-41.090137350730096
sole,2,3,0.08967403488319957,0.15222244773695962,-0.06254841285376005,-41.090137350730096
healthy,2,3,0.08967403488319957,0.15222244773695962,-0.06254841285376005,-41.090137350730096
entry,2,3,0.08967403488319957,0.15222244773695962,-0.06254841285376005,-41.090137350730096
spoken,2,3,0.08967403488319957,0.15222244773695962,-0.06254841285376005,-41.090137350730096
aspects,2,3,0.08967403488319957,0.15222244773695962,-0.06254841285376005,-41.090137350730096
computers,2,3,0.08967403488319957,0.15222244773695962,-0.06254841285376005,-41.090137350730096
fluency,2,3,0.08967403488319957,0.15222244773695962,-0.06254841285376005,-41.090137350730096
talks,2,3,0.08967403488319957,0.15222244773695962,-0.06254841285376005,-41.090137350730096
proven,2,3,0.08967403488319957,0.15222244773695962,-0.06254841285376005,-41.090137350730096
jeff,2,3,0.08967403488319957,0.15222244773695962,-0.06254841285376005,-41.090137350730096
super,2,3,0.08967403488319957,0.15222244773695962,-0.06254841285376005,-41.090137350730096
workers,2,3,0.08967403488319957,0.15222244773695962,-0.06254841285376005,-41.090137350730096
recruiter,2,3,0.08967403488319957,0.15222244773695962,-0.06254841285376005,-41.090137350730096
solve,11,11,0.4932071918575976,0.5581489750355185,-0.06494178317792093,-11.635206026095144
employees,20,19,0.8967403488319957,0.9640755023340776,-0.06733515350208186,-6.984427395889627
part,20,19,0.8967403488319957,0.9640755023340776,-0.06733515350208186,-6.984427395889627
sales,20,19,0.8967403488319957,0.9640755023340776,-0.06733515350208186,-6.984427395889627
publishing,3,4,0.13451105232479937,0.20296326364927947,-0.0684522113244801,-33.726404519571346
runs,3,4,0.13451105232479937,0.20296326364927947,-0.0684522113244801,-33.726404519571346
integrate,3,4,0.13451105232479937,0.20296326364927947,-0.0684522113244801,-33.726404519571346
suffer,3,4,0.13451105232479937,0.20296326364927947,-0.0684522113244801,-33.726404519571346
talked,3,4,0.13451105232479937,0.20296326364927947,-0.0684522113244801,-33.726404519571346
according,3,4,0.13451105232479937,0.20296326364927947,-0.0684522113244801,-33.726404519571346
mom,3,4,0.13451105232479937,0.20296326364927947,-0.0684522113244801,-33.726404519571346
referral,3,4,0.13451105232479937,0.20296326364927947,-0.0684522113244801,-33.726404519571346
review,3,4,0.13451105232479937,0.20296326364927947,-0.0684522113244801,-33.726404519571346
significantly,3,4,0.13451105232479937,0.20296326364927947,-0.0684522113244801,-33.726404519571346
technologies,3,4,0.13451105232479937,0.20296326364927947,-0.0684522113244801,-33.726404519571346
functional,3,4,0.13451105232479937,0.20296326364927947,-0.0684522113244801,-33.726404519571346
funded,3,4,0.13451105232479937,0.20296326364927947,-0.0684522113244801,-33.726404519571346
imagine,3,4,0.13451105232479937,0.20296326364927947,-0.0684522113244801,-33.726404519571346
moving,3,4,0.13451105232479937,0.20296326364927947,-0.0684522113244801,-33.726404519571346
series,3,4,0.13451105232479937,0.20296326364927947,-0.0684522113244801,-33.726404519571346
decide,3,4,0.13451105232479937,0.20296326364927947,-0.0684522113244801,-33.726404519571346
update,3,4,0.13451105232479937,0.20296326364927947,-0.0684522113244801,-33.726404519571346
budget,3,4,0.13451105232479937,0.20296326364927947,-0.0684522113244801,-33.726404519571346
produce,3,4,0.13451105232479937,0.20296326364927947,-0.0684522113244801,-33.726404519571346
serving,3,4,0.13451105232479937,0.20296326364927947,-0.0684522113244801,-33.726404519571346
100m,3,4,0.13451105232479937,0.20296326364927947,-0.0684522113244801,-33.726404519571346
tap,3,4,0.13451105232479937,0.20296326364927947,-0.0684522113244801,-33.726404519571346
bots,3,4,0.13451105232479937,0.20296326364927947,-0.0684522113244801,-33.726404519571346
july,3,4,0.13451105232479937,0.20296326364927947,-0.0684522113244801,-33.726404519571346
combined,3,4,0.13451105232479937,0.20296326364927947,-0.0684522113244801,-33.726404519571346
viral,3,4,0.13451105232479937,0.20296326364927947,-0.0684522113244801,-33.726404519571346
manufacturers,3,4,0.13451105232479937,0.20296326364927947,-0.0684522113244801,-33.726404519571346
pitched,3,4,0.13451105232479937,0.20296326364927947,-0.0684522113244801,-33.726404519571346
picture,3,4,0.13451105232479937,0.20296326364927947,-0.0684522113244801,-33.726404519571346
effectively,3,4,0.13451105232479937,0.20296326364927947,-0.0684522113244801,-33.726404519571346
potentially,3,4,0.13451105232479937,0.20296326364927947,-0.0684522113244801,-33.726404519571346
referrals,3,4,0.13451105232479937,0.20296326364927947,-0.0684522113244801,-33.726404519571346
joined,3,4,0.13451105232479937,0.20296326364927947,-0.0684522113244801,-33.726404519571346
improved,3,4,0.13451105232479937,0.20296326364927947,-0.0684522113244801,-33.726404519571346
standalone,3,4,0.13451105232479937,0.20296326364927947,-0.0684522113244801,-33.726404519571346
automatically,3,4,0.13451105232479937,0.20296326364927947,-0.0684522113244801,-33.726404519571346
applications,12,12,0.5380442092991975,0.6088897909478385,-0.07084558164864097,-11.635206026095133
great,21,20,0.9415773662735956,1.0148163182463974,-0.07323895197280184,-7.216966327399893
quite,4,5,0.17934806976639914,0.25370407956159935,-0.07435600979520021,-29.308164820876115
microsoft,4,5,0.17934806976639914,0.25370407956159935,-0.07435600979520021,-29.308164820876115
hired,4,5,0.17934806976639914,0.25370407956159935,-0.07435600979520021,-29.308164820876115
cofounder,4,5,0.17934806976639914,0.25370407956159935,-0.07435600979520021,-29.308164820876115
enable,4,5,0.17934806976639914,0.25370407956159935,-0.07435600979520021,-29.308164820876115
areas,4,5,0.17934806976639914,0.25370407956159935,-0.07435600979520021,-29.308164820876115
address,4,5,0.17934806976639914,0.25370407956159935,-0.07435600979520021,-29.308164820876115
install,4,5,0.17934806976639914,0.25370407956159935,-0.07435600979520021,-29.308164820876115
investors,4,5,0.17934806976639914,0.25370407956159935,-0.07435600979520021,-29.308164820876115
require,4,5,0.17934806976639914,0.25370407956159935,-0.07435600979520021,-29.308164820876115
hand,4,5,0.17934806976639914,0.25370407956159935,-0.07435600979520021,-29.308164820876115
success,4,5,0.17934806976639914,0.25370407956159935,-0.07435600979520021,-29.308164820876115
grade,4,5,0.17934806976639914,0.25370407956159935,-0.07435600979520021,-29.308164820876115
considered,4,5,0.17934806976639914,0.25370407956159935,-0.07435600979520021,-29.308164820876115
taken,4,5,0.17934806976639914,0.25370407956159935,-0.07435600979520021,-29.308164820876115
try,5,6,0.22418508720799893,0.30444489547391923,-0.0802598082659203,-26.362671688412618
york,5,6,0.22418508720799893,0.30444489547391923,-0.0802598082659203,-26.362671688412618
manually,5,6,0.22418508720799893,0.30444489547391923,-0.0802598082659203,-26.362671688412618
useful,5,6,0.22418508720799893,0.30444489547391923,-0.0802598082659203,-26.362671688412618
bigger,5,6,0.22418508720799893,0.30444489547391923,-0.0802598082659203,-26.362671688412618
investment,5,6,0.22418508720799893,0.30444489547391923,-0.0802598082659203,-26.362671688412618
estimate,5,6,0.22418508720799893,0.30444489547391923,-0.0802598082659203,-26.362671688412618
minutes,5,6,0.22418508720799893,0.30444489547391923,-0.0802598082659203,-26.362671688412618
fashion,5,6,0.22418508720799893,0.30444489547391923,-0.0802598082659203,-26.362671688412618
area,5,6,0.22418508720799893,0.30444489547391923,-0.0802598082659203,-26.362671688412618
told,5,6,0.22418508720799893,0.30444489547391923,-0.0802598082659203,-26.362671688412618
demand,5,6,0.22418508720799893,0.30444489547391923,-0.0802598082659203,-26.362671688412618
mouth,5,6,0.22418508720799893,0.30444489547391923,-0.0802598082659203,-26.362671688412618
experience,31,29,1.3899475406895931,1.4714836614572764,-0.08153612076768324,-5.5410823037569
talk,14,14,0.627718244182397,0.7103714227724781,-0.08265317859008114,-11.635206026095139
realized,6,7,0.26902210464959875,0.35518571138623906,-0.08616360673664031,-24.25874802236725
database,6,7,0.26902210464959875,0.35518571138623906,-0.08616360673664031,-24.25874802236725
published,6,7,0.26902210464959875,0.35518571138623906,-0.08616360673664031,-24.25874802236725
inside,6,7,0.26902210464959875,0.35518571138623906,-0.08616360673664031,-24.25874802236725
physical,6,7,0.26902210464959875,0.35518571138623906,-0.08616360673664031,-24.25874802236725
coaches,6,7,0.26902210464959875,0.35518571138623906,-0.08616360673664031,-24.25874802236725
half,6,7,0.26902210464959875,0.35518571138623906,-0.08616360673664031,-24.25874802236725
completely,6,7,0.26902210464959875,0.35518571138623906,-0.08616360673664031,-24.25874802236725
term,6,7,0.26902210464959875,0.35518571138623906,-0.08616360673664031,-24.25874802236725
years,67,61,3.0040801685871856,3.0951897706515124,-0.09110960206432672,-2.9435869466946736
vision,7,8,0.3138591220911985,0.40592652729855894,-0.09206740520736045,-22.680805272833247
plus,7,8,0.3138591220911985,0.40592652729855894,-0.09206740520736045,-22.680805272833247
millions,7,8,0.3138591220911985,0.40592652729855894,-0.09206740520736045,-22.680805272833247
discovered,7,8,0.3138591220911985,0.40592652729855894,-0.09206740520736045,-22.680805272833247
san,7,8,0.3138591220911985,0.40592652729855894,-0.09206740520736045,-22.680805272833247
limited,7,8,0.3138591220911985,0.40592652729855894,-0.09206740520736045,-22.680805272833247
thought,7,8,0.3138591220911985,0.40592652729855894,-0.09206740520736045,-22.680805272833247
easy,16,16,0.7173922790655965,0.8118530545971179,-0.09446077553152132,-11.635206026095139
met,25,24,1.1209254360399945,1.217779581895677,-0.09685414585568242,-7.953339610515788
best,25,24,1.1209254360399945,1.217779581895677,-0.09685414585568242,-7.953339610515788
ways,8,9,0.3586961395327983,0.4566673432108788,-0.09797120367808054,-21.453516467640128
previously,8,9,0.3586961395327983,0.4566673432108788,-0.09797120367808054,-21.453516467640128
individuals,8,9,0.3586961395327983,0.4566673432108788,-0.09797120367808054,-21.453516467640128
entire,8,9,0.3586961395327983,0.4566673432108788,-0.09797120367808054,-21.453516467640128
single,8,9,0.3586961395327983,0.4566673432108788,-0.09797120367808054,-21.453516467640128
sold,8,9,0.3586961395327983,0.4566673432108788,-0.09797120367808054,-21.453516467640128
internal,8,9,0.3586961395327983,0.4566673432108788,-0.09797120367808054,-21.453516467640128
give,17,17,0.7622292965071963,0.8625938705094378,-0.10036457400224152,-11.635206026095153
reactor,0,2,0.0,0.10148163182463973,-0.10148163182463973,-100.0
achieves,0,2,0.0,0.10148163182463973,-0.10148163182463973,-100.0
spam,0,2,0.0,0.10148163182463973,-0.10148163182463973,-100.0
drives,0,2,0.0,0.10148163182463973,-0.10148163182463973,-100.0
pets,0,2,0.0,0.10148163182463973,-0.10148163182463973,-100.0
tutor,0,2,0.0,0.10148163182463973,-0.10148163182463973,-100.0
exposing,0,2,0.0,0.10148163182463973,-0.10148163182463973,-100.0
fulfilled,0,2,0.0,0.10148163182463973,-0.10148163182463973,-100.0
indicator,0,2,0.0,0.10148163182463973,-0.10148163182463973,-100.0
root,0,2,0.0,0.10148163182463973,-0.10148163182463973,-100.0
webapp,0,2,0.0,0.10148163182463973,-0.10148163182463973,-100.0
placements,0,2,0.0,0.10148163182463973,-0.10148163182463973,-100.0
identity,0,2,0.0,0.10148163182463973,-0.10148163182463973,-100.0
frame,0,2,0.0,0.10148163182463973,-0.10148163182463973,-100.0
asks,0,2,0.0,0.10148163182463973,-0.10148163182463973,-100.0
motivating,0,2,0.0,0.10148163182463973,-0.10148163182463973,-100.0
canonical,0,2,0.0,0.10148163182463973,-0.10148163182463973,-100.0
visualising,0,2,0.0,0.10148163182463973,-0.10148163182463973,-100.0
institutes,0,2,0.0,0.10148163182463973,-0.10148163182463973,-100.0
fiancée,0,2,0.0,0.10148163182463973,-0.10148163182463973,-100.0
swellyai,0,2,0.0,0.10148163182463973,-0.10148163182463973,-100.0
kuwait,0,2,0.0,0.10148163182463973,-0.10148163182463973,-100.0
secondly,0,2,0.0,0.10148163182463973,-0.10148163182463973,-100.0
shareable,0,2,0.0,0.10148163182463973,-0.10148163182463973,-100.0
commit,0,2,0.0,0.10148163182463973,-0.10148163182463973,-100.0
construct,0,2,0.0,0.10148163182463973,-0.10148163182463973,-100.0
htc,0,2,0.0,0.10148163182463973,-0.10148163182463973,-100.0
ondevice,0,2,0.0,0.10148163182463973,-0.10148163182463973,-100.0
boles,0,2,0.0,0.10148163182463973,-0.10148163182463973,-100.0
admins,0,2,0.0,0.10148163182463973,-0.10148163182463973,-100.0
costeffective,0,2,0.0,0.10148163182463973,-0.10148163182463973,-100.0
spoke,0,2,0.0,0.10148163182463973,-0.10148163182463973,-100.0
miss,0,2,0.0,0.10148163182463973,-0.10148163182463973,-100.0
gallery,0,2,0.0,0.10148163182463973,-0.10148163182463973,-100.0
liability,0,2,0.0,0.10148163182463973,-0.10148163182463973,-100.0
angeles,0,2,0.0,0.10148163182463973,-0.10148163182463973,-100.0
desktops,0,2,0.0,0.10148163182463973,-0.10148163182463973,-100.0
index,0,2,0.0,0.10148163182463973,-0.10148163182463973,-100.0
indexed,0,2,0.0,0.10148163182463973,-0.10148163182463973,-100.0
construction,0,2,0.0,0.10148163182463973,-0.10148163182463973,-100.0
sustainable,0,2,0.0,0.10148163182463973,-0.10148163182463973,-100.0
adopted,0,2,0.0,0.10148163182463973,-0.10148163182463973,-100.0
structurally,0,2,0.0,0.10148163182463973,-0.10148163182463973,-100.0
royalties,0,2,0.0,0.10148163182463973,-0.10148163182463973,-100.0
landlords,0,2,0.0,0.10148163182463973,-0.10148163182463973,-100.0
pitch,0,2,0.0,0.10148163182463973,-0.10148163182463973,-100.0
beings,0,2,0.0,0.10148163182463973,-0.10148163182463973,-100.0
kid,0,2,0.0,0.10148163182463973,-0.10148163182463973,-100.0
increases,0,2,0.0,0.10148163182463973,-0.10148163182463973,-100.0
naturally,0,2,0.0,0.10148163182463973,-0.10148163182463973,-100.0
aov,0,2,0.0,0.10148163182463973,-0.10148163182463973,-100.0
structured,0,2,0.0,0.10148163182463973,-0.10148163182463973,-100.0
bootstrap,0,2,0.0,0.10148163182463973,-0.10148163182463973,-100.0
photoshoots,0,2,0.0,0.10148163182463973,-0.10148163182463973,-100.0
myfitnesspal,0,2,0.0,0.10148163182463973,-0.10148163182463973,-100.0
polling,0,2,0.0,0.10148163182463973,-0.10148163182463973,-100.0
translate,0,2,0.0,0.10148163182463973,-0.10148163182463973,-100.0
boom,0,2,0.0,0.10148163182463973,-0.10148163182463973,-100.0
angellist,0,2,0.0,0.10148163182463973,-0.10148163182463973,-100.0
clips,0,2,0.0,0.10148163182463973,-0.10148163182463973,-100.0
guys,0,2,0.0,0.10148163182463973,-0.10148163182463973,-100.0
30k,0,2,0.0,0.10148163182463973,-0.10148163182463973,-100.0
veed,0,2,0.0,0.10148163182463973,-0.10148163182463973,-100.0
csv,0,2,0.0,0.10148163182463973,-0.10148163182463973,-100.0
ﬁrst,0,2,0.0,0.10148163182463973,-0.10148163182463973,-100.0
credible,0,2,0.0,0.10148163182463973,-0.10148163182463973,-100.0
adobe,0,2,0.0,0.10148163182463973,-0.10148163182463973,-100.0
credcount,0,2,0.0,0.10148163182463973,-0.10148163182463973,-100.0
matched,0,2,0.0,0.10148163182463973,-0.10148163182463973,-100.0
175mo,0,2,0.0,0.10148163182463973,-0.10148163182463973,-100.0
catering,0,2,0.0,0.10148163182463973,-0.10148163182463973,-100.0
journaling,0,2,0.0,0.10148163182463973,-0.10148163182463973,-100.0
venuesmenus,0,2,0.0,0.10148163182463973,-0.10148163182463973,-100.0
homebase,0,2,0.0,0.10148163182463973,-0.10148163182463973,-100.0
audiobooks,0,2,0.0,0.10148163182463973,-0.10148163182463973,-100.0
outs,0,2,0.0,0.10148163182463973,-0.10148163182463973,-100.0
c2c,0,2,0.0,0.10148163182463973,-0.10148163182463973,-100.0
laptops,0,2,0.0,0.10148163182463973,-0.10148163182463973,-100.0
selection,0,2,0.0,0.10148163182463973,-0.10148163182463973,-100.0
structural,0,2,0.0,0.10148163182463973,-0.10148163182463973,-100.0
abstractions,0,2,0.0,0.10148163182463973,-0.10148163182463973,-100.0
headsets,0,2,0.0,0.10148163182463973,-0.10148163182463973,-100.0
lowest,0,2,0.0,0.10148163182463973,-0.10148163182463973,-100.0
vendor,0,2,0.0,0.10148163182463973,-0.10148163182463973,-100.0
appeal,0,2,0.0,0.10148163182463973,-0.10148163182463973,-100.0
intelligent,0,2,0.0,0.10148163182463973,-0.10148163182463973,-100.0
noise,0,2,0.0,0.10148163182463973,-0.10148163182463973,-100.0
george,0,2,0.0,0.10148163182463973,-0.10148163182463973,-100.0
exact,0,2,0.0,0.10148163182463973,-0.10148163182463973,-100.0
whoop,0,2,0.0,0.10148163182463973,-0.10148163182463973,-100.0
depending,0,2,0.0,0.10148163182463973,-0.10148163182463973,-100.0
recommendations,0,2,0.0,0.10148163182463973,-0.10148163182463973,-100.0
dau,0,2,0.0,0.10148163182463973,-0.10148163182463973,-100.0
venue,0,2,0.0,0.10148163182463973,-0.10148163182463973,-100.0
membership,0,2,0.0,0.10148163182463973,-0.10148163182463973,-100.0
opinion,0,2,0.0,0.10148163182463973,-0.10148163182463973,-100.0
headsup,0,2,0.0,0.10148163182463973,-0.10148163182463973,-100.0
streamplates,0,2,0.0,0.10148163182463973,-0.10148163182463973,-100.0
lived,0,2,0.0,0.10148163182463973,-0.10148163182463973,-100.0
braille,0,2,0.0,0.10148163182463973,-0.10148163182463973,-100.0
grad,0,2,0.0,0.10148163182463973,-0.10148163182463973,-100.0
tables,0,2,0.0,0.10148163182463973,-0.10148163182463973,-100.0
uniform,0,2,0.0,0.10148163182463973,-0.10148163182463973,-100.0
keen,0,2,0.0,0.10148163182463973,-0.10148163182463973,-100.0
figures,0,2,0.0,0.10148163182463973,-0.10148163182463973,-100.0
improvement,0,2,0.0,0.10148163182463973,-0.10148163182463973,-100.0
garbage,0,2,0.0,0.10148163182463973,-0.10148163182463973,-100.0
pivots,0,2,0.0,0.10148163182463973,-0.10148163182463973,-100.0
researched,0,2,0.0,0.10148163182463973,-0.10148163182463973,-100.0
reiterated,0,2,0.0,0.10148163182463973,-0.10148163182463973,-100.0
distributors,0,2,0.0,0.10148163182463973,-0.10148163182463973,-100.0
usable,0,2,0.0,0.10148163182463973,-0.10148163182463973,-100.0
immersing,0,2,0.0,0.10148163182463973,-0.10148163182463973,-100.0
pieces,0,2,0.0,0.10148163182463973,-0.10148163182463973,-100.0
gyroscope,0,2,0.0,0.10148163182463973,-0.10148163182463973,-100.0
reads,0,2,0.0,0.10148163182463973,-0.10148163182463973,-100.0
namely,0,2,0.0,0.10148163182463973,-0.10148163182463973,-100.0
washington,0,2,0.0,0.10148163182463973,-0.10148163182463973,-100.0
companyat,0,2,0.0,0.10148163182463973,-0.10148163182463973,-100.0
computationally,0,2,0.0,0.10148163182463973,-0.10148163182463973,-100.0
mondaycom,0,2,0.0,0.10148163182463973,-0.10148163182463973,-100.0
workshops,0,2,0.0,0.10148163182463973,-0.10148163182463973,-100.0
soft,0,2,0.0,0.10148163182463973,-0.10148163182463973,-100.0
chiang,0,2,0.0,0.10148163182463973,-0.10148163182463973,-100.0
bounce,0,2,0.0,0.10148163182463973,-0.10148163182463973,-100.0
occasions,0,2,0.0,0.10148163182463973,-0.10148163182463973,-100.0
novels,0,2,0.0,0.10148163182463973,-0.10148163182463973,-100.0
doordash,0,2,0.0,0.10148163182463973,-0.10148163182463973,-100.0
relaunched,0,2,0.0,0.10148163182463973,-0.10148163182463973,-100.0
wealth,0,2,0.0,0.10148163182463973,-0.10148163182463973,-100.0
vba,0,2,0.0,0.10148163182463973,-0.10148163182463973,-100.0
coworkers,0,2,0.0,0.10148163182463973,-0.10148163182463973,-100.0
tanushree,0,2,0.0,0.10148163182463973,-0.10148163182463973,-100.0
adopters,0,2,0.0,0.10148163182463973,-0.10148163182463973,-100.0
babbel,0,2,0.0,0.10148163182463973,-0.10148163182463973,-100.0
outlets,0,2,0.0,0.10148163182463973,-0.10148163182463973,-100.0
filmmaking,0,2,0.0,0.10148163182463973,-0.10148163182463973,-100.0
augmented,0,2,0.0,0.10148163182463973,-0.10148163182463973,-100.0
elevation,0,2,0.0,0.10148163182463973,-0.10148163182463973,-100.0
array,0,2,0.0,0.10148163182463973,-0.10148163182463973,-100.0
raymond,0,2,0.0,0.10148163182463973,-0.10148163182463973,-100.0
contain,0,2,0.0,0.10148163182463973,-0.10148163182463973,-100.0
narrative,0,2,0.0,0.10148163182463973,-0.10148163182463973,-100.0
beats,0,2,0.0,0.10148163182463973,-0.10148163182463973,-100.0
laptopsbecause,0,2,0.0,0.10148163182463973,-0.10148163182463973,-100.0
assistants,0,2,0.0,0.10148163182463973,-0.10148163182463973,-100.0
alliance,0,2,0.0,0.10148163182463973,-0.10148163182463973,-100.0
memory,0,2,0.0,0.10148163182463973,-0.10148163182463973,-100.0
lies,0,2,0.0,0.10148163182463973,-0.10148163182463973,-100.0
multibillion,0,2,0.0,0.10148163182463973,-0.10148163182463973,-100.0
randstad,0,2,0.0,0.10148163182463973,-0.10148163182463973,-100.0
crunchbase,0,2,0.0,0.10148163182463973,-0.10148163182463973,-100.0
foremost,0,2,0.0,0.10148163182463973,-0.10148163182463973,-100.0
aipowered,0,2,0.0,0.10148163182463973,-0.10148163182463973,-100.0
4platforms,0,2,0.0,0.10148163182463973,-0.10148163182463973,-100.0
gpus,0,2,0.0,0.10148163182463973,-0.10148163182463973,-100.0
trainers,0,2,0.0,0.10148163182463973,-0.10148163182463973,-100.0
streamlined,0,2,0.0,0.10148163182463973,-0.10148163182463973,-100.0
plug,0,2,0.0,0.10148163182463973,-0.10148163182463973,-100.0
mathematics,0,2,0.0,0.10148163182463973,-0.10148163182463973,-100.0
scheduled,0,2,0.0,0.10148163182463973,-0.10148163182463973,-100.0
sustainability,0,2,0.0,0.10148163182463973,-0.10148163182463973,-100.0
showed,0,2,0.0,0.10148163182463973,-0.10148163182463973,-100.0
phil,0,2,0.0,0.10148163182463973,-0.10148163182463973,-100.0
recycle,0,2,0.0,0.10148163182463973,-0.10148163182463973,-100.0
distributor,0,2,0.0,0.10148163182463973,-0.10148163182463973,-100.0
vrar,0,2,0.0,0.10148163182463973,-0.10148163182463973,-100.0
immense,0,2,0.0,0.10148163182463973,-0.10148163182463973,-100.0
vocabulary,0,2,0.0,0.10148163182463973,-0.10148163182463973,-100.0
klein,0,2,0.0,0.10148163182463973,-0.10148163182463973,-100.0
nonpublic,0,2,0.0,0.10148163182463973,-0.10148163182463973,-100.0
contacts,0,2,0.0,0.10148163182463973,-0.10148163182463973,-100.0
reactions,0,2,0.0,0.10148163182463973,-0.10148163182463973,-100.0
seeking,0,2,0.0,0.10148163182463973,-0.10148163182463973,-100.0
breaks,0,2,0.0,0.10148163182463973,-0.10148163182463973,-100.0
yelp,0,2,0.0,0.10148163182463973,-0.10148163182463973,-100.0
vocational,0,2,0.0,0.10148163182463973,-0.10148163182463973,-100.0
saurabh,0,2,0.0,0.10148163182463973,-0.10148163182463973,-100.0
tactical,0,2,0.0,0.10148163182463973,-0.10148163182463973,-100.0
literacy,0,2,0.0,0.10148163182463973,-0.10148163182463973,-100.0
imagined,0,2,0.0,0.10148163182463973,-0.10148163182463973,-100.0
grant,0,2,0.0,0.10148163182463973,-0.10148163182463973,-100.0
homepage,0,2,0.0,0.10148163182463973,-0.10148163182463973,-100.0
hootsuite,0,2,0.0,0.10148163182463973,-0.10148163182463973,-100.0
alternatively,0,2,0.0,0.10148163182463973,-0.10148163182463973,-100.0
forrester,0,2,0.0,0.10148163182463973,-0.10148163182463973,-100.0
pros,0,2,0.0,0.10148163182463973,-0.10148163182463973,-100.0
fastest,0,2,0.0,0.10148163182463973,-0.10148163182463973,-100.0
durability,0,2,0.0,0.10148163182463973,-0.10148163182463973,-100.0
dream,0,2,0.0,0.10148163182463973,-0.10148163182463973,-100.0
prospects,0,2,0.0,0.10148163182463973,-0.10148163182463973,-100.0
monitors,0,2,0.0,0.10148163182463973,-0.10148163182463973,-100.0
phrases,0,2,0.0,0.10148163182463973,-0.10148163182463973,-100.0
deliverywe,0,2,0.0,0.10148163182463973,-0.10148163182463973,-100.0
installed,0,2,0.0,0.10148163182463973,-0.10148163182463973,-100.0
exciting,0,2,0.0,0.10148163182463973,-0.10148163182463973,-100.0
reside,0,2,0.0,0.10148163182463973,-0.10148163182463973,-100.0
plugin,0,2,0.0,0.10148163182463973,-0.10148163182463973,-100.0
consolidate,0,2,0.0,0.10148163182463973,-0.10148163182463973,-100.0
mountain,0,2,0.0,0.10148163182463973,-0.10148163182463973,-100.0
tyrannosaurus,0,2,0.0,0.10148163182463973,-0.10148163182463973,-100.0
definition,0,2,0.0,0.10148163182463973,-0.10148163182463973,-100.0
systematically,0,2,0.0,0.10148163182463973,-0.10148163182463973,-100.0
slots,0,2,0.0,0.10148163182463973,-0.10148163182463973,-100.0
specifications,0,2,0.0,0.10148163182463973,-0.10148163182463973,-100.0
howell,0,2,0.0,0.10148163182463973,-0.10148163182463973,-100.0
tableyou,0,2,0.0,0.10148163182463973,-0.10148163182463973,-100.0
asia,0,2,0.0,0.10148163182463973,-0.10148163182463973,-100.0
authority,0,2,0.0,0.10148163182463973,-0.10148163182463973,-100.0
handled,0,2,0.0,0.10148163182463973,-0.10148163182463973,-100.0
markup,0,2,0.0,0.10148163182463973,-0.10148163182463973,-100.0
copypasting,0,2,0.0,0.10148163182463973,-0.10148163182463973,-100.0
whose,0,2,0.0,0.10148163182463973,-0.10148163182463973,-100.0
potter,0,2,0.0,0.10148163182463973,-0.10148163182463973,-100.0
regions,0,2,0.0,0.10148163182463973,-0.10148163182463973,-100.0
invoice,0,2,0.0,0.10148163182463973,-0.10148163182463973,-100.0
trackcurrently,0,2,0.0,0.10148163182463973,-0.10148163182463973,-100.0
rotten,0,2,0.0,0.10148163182463973,-0.10148163182463973,-100.0
austria,0,2,0.0,0.10148163182463973,-0.10148163182463973,-100.0
chances,0,2,0.0,0.10148163182463973,-0.10148163182463973,-100.0
mapping,0,2,0.0,0.10148163182463973,-0.10148163182463973,-100.0
100mo,0,2,0.0,0.10148163182463973,-0.10148163182463973,-100.0
labels,0,2,0.0,0.10148163182463973,-0.10148163182463973,-100.0
signature,0,2,0.0,0.10148163182463973,-0.10148163182463973,-100.0
corporation,0,2,0.0,0.10148163182463973,-0.10148163182463973,-100.0
freelancercom,0,2,0.0,0.10148163182463973,-0.10148163182463973,-100.0
ubuntu,0,2,0.0,0.10148163182463973,-0.10148163182463973,-100.0
stood,0,2,0.0,0.10148163182463973,-0.10148163182463973,-100.0
noisy,0,2,0.0,0.10148163182463973,-0.10148163182463973,-100.0
utility,0,2,0.0,0.10148163182463973,-0.10148163182463973,-100.0
christians,0,2,0.0,0.10148163182463973,-0.10148163182463973,-100.0
visionos,0,2,0.0,0.10148163182463973,-0.10148163182463973,-100.0
range,0,2,0.0,0.10148163182463973,-0.10148163182463973,-100.0
extensions,0,2,0.0,0.10148163182463973,-0.10148163182463973,-100.0
spreading,0,2,0.0,0.10148163182463973,-0.10148163182463973,-100.0
explain,0,2,0.0,0.10148163182463973,-0.10148163182463973,-100.0
specification,0,2,0.0,0.10148163182463973,-0.10148163182463973,-100.0
scientific,0,2,0.0,0.10148163182463973,-0.10148163182463973,-100.0
clarity,0,2,0.0,0.10148163182463973,-0.10148163182463973,-100.0
wishing,0,2,0.0,0.10148163182463973,-0.10148163182463973,-100.0
booking,0,2,0.0,0.10148163182463973,-0.10148163182463973,-100.0
storytelling,0,2,0.0,0.10148163182463973,-0.10148163182463973,-100.0
defense,0,2,0.0,0.10148163182463973,-0.10148163182463973,-100.0
basecamp,0,2,0.0,0.10148163182463973,-0.10148163182463973,-100.0
excluding,0,2,0.0,0.10148163182463973,-0.10148163182463973,-100.0
62x,0,2,0.0,0.10148163182463973,-0.10148163182463973,-100.0
awarded,0,2,0.0,0.10148163182463973,-0.10148163182463973,-100.0
theory,0,2,0.0,0.10148163182463973,-0.10148163182463973,-100.0
rex,0,2,0.0,0.10148163182463973,-0.10148163182463973,-100.0
factor,0,2,0.0,0.10148163182463973,-0.10148163182463973,-100.0
alive,0,2,0.0,0.10148163182463973,-0.10148163182463973,-100.0
michael,0,2,0.0,0.10148163182463973,-0.10148163182463973,-100.0
gilbert,0,2,0.0,0.10148163182463973,-0.10148163182463973,-100.0
stockedout,0,2,0.0,0.10148163182463973,-0.10148163182463973,-100.0
nuclear,0,2,0.0,0.10148163182463973,-0.10148163182463973,-100.0
artificial,0,2,0.0,0.10148163182463973,-0.10148163182463973,-100.0
institute,0,2,0.0,0.10148163182463973,-0.10148163182463973,-100.0
committing,0,2,0.0,0.10148163182463973,-0.10148163182463973,-100.0
description,0,2,0.0,0.10148163182463973,-0.10148163182463973,-100.0
steamvr,0,2,0.0,0.10148163182463973,-0.10148163182463973,-100.0
bind,0,2,0.0,0.10148163182463973,-0.10148163182463973,-100.0
aims,0,2,0.0,0.10148163182463973,-0.10148163182463973,-100.0
iti,0,2,0.0,0.10148163182463973,-0.10148163182463973,-100.0
canvas,0,2,0.0,0.10148163182463973,-0.10148163182463973,-100.0
equate,0,2,0.0,0.10148163182463973,-0.10148163182463973,-100.0
politics,0,2,0.0,0.10148163182463973,-0.10148163182463973,-100.0
manipulation,0,2,0.0,0.10148163182463973,-0.10148163182463973,-100.0
exercise,0,2,0.0,0.10148163182463973,-0.10148163182463973,-100.0
acquiring,0,2,0.0,0.10148163182463973,-0.10148163182463973,-100.0
smartphone,0,2,0.0,0.10148163182463973,-0.10148163182463973,-100.0
ebooks,0,2,0.0,0.10148163182463973,-0.10148163182463973,-100.0
afternoon,0,2,0.0,0.10148163182463973,-0.10148163182463973,-100.0
wall,0,2,0.0,0.10148163182463973,-0.10148163182463973,-100.0
sustaat,0,2,0.0,0.10148163182463973,-0.10148163182463973,-100.0
inspire,0,2,0.0,0.10148163182463973,-0.10148163182463973,-100.0
themto,0,2,0.0,0.10148163182463973,-0.10148163182463973,-100.0
monthswe,0,2,0.0,0.10148163182463973,-0.10148163182463973,-100.0
textbased,0,2,0.0,0.10148163182463973,-0.10148163182463973,-100.0
15t,0,2,0.0,0.10148163182463973,-0.10148163182463973,-100.0
haystack,0,2,0.0,0.10148163182463973,-0.10148163182463973,-100.0
200monthdeveloper,0,2,0.0,0.10148163182463973,-0.10148163182463973,-100.0
reservations,0,2,0.0,0.10148163182463973,-0.10148163182463973,-100.0
iraq,0,2,0.0,0.10148163182463973,-0.10148163182463973,-100.0
elephantskincom,0,2,0.0,0.10148163182463973,-0.10148163182463973,-100.0
hackathons,0,2,0.0,0.10148163182463973,-0.10148163182463973,-100.0
ﬁnish,0,2,0.0,0.10148163182463973,-0.10148163182463973,-100.0
tweetdeck,0,2,0.0,0.10148163182463973,-0.10148163182463973,-100.0
attempt,0,2,0.0,0.10148163182463973,-0.10148163182463973,-100.0
dad,0,2,0.0,0.10148163182463973,-0.10148163182463973,-100.0
strike,0,2,0.0,0.10148163182463973,-0.10148163182463973,-100.0
visualise,0,2,0.0,0.10148163182463973,-0.10148163182463973,-100.0
visas,0,2,0.0,0.10148163182463973,-0.10148163182463973,-100.0
memoir,0,2,0.0,0.10148163182463973,-0.10148163182463973,-100.0
proactive,0,2,0.0,0.10148163182463973,-0.10148163182463973,-100.0
jaton,0,2,0.0,0.10148163182463973,-0.10148163182463973,-100.0
belong,0,2,0.0,0.10148163182463973,-0.10148163182463973,-100.0
accounting,0,2,0.0,0.10148163182463973,-0.10148163182463973,-100.0
classification,0,2,0.0,0.10148163182463973,-0.10148163182463973,-100.0
landed,0,2,0.0,0.10148163182463973,-0.10148163182463973,-100.0
applies,0,2,0.0,0.10148163182463973,-0.10148163182463973,-100.0
matured,0,2,0.0,0.10148163182463973,-0.10148163182463973,-100.0
idiosyncrasies,0,2,0.0,0.10148163182463973,-0.10148163182463973,-100.0
readlang,0,2,0.0,0.10148163182463973,-0.10148163182463973,-100.0
daydream,0,2,0.0,0.10148163182463973,-0.10148163182463973,-100.0
etsy,0,2,0.0,0.10148163182463973,-0.10148163182463973,-100.0
highlighted,0,2,0.0,0.10148163182463973,-0.10148163182463973,-100.0
tripadvisor,0,2,0.0,0.10148163182463973,-0.10148163182463973,-100.0
ltd,0,2,0.0,0.10148163182463973,-0.10148163182463973,-100.0
partly,0,2,0.0,0.10148163182463973,-0.10148163182463973,-100.0
textbook,0,2,0.0,0.10148163182463973,-0.10148163182463973,-100.0
blind,0,2,0.0,0.10148163182463973,-0.10148163182463973,-100.0
marketplaces,0,2,0.0,0.10148163182463973,-0.10148163182463973,-100.0
interviewing,0,2,0.0,0.10148163182463973,-0.10148163182463973,-100.0
procure,0,2,0.0,0.10148163182463973,-0.10148163182463973,-100.0
walker,0,2,0.0,0.10148163182463973,-0.10148163182463973,-100.0
audiobook,0,2,0.0,0.10148163182463973,-0.10148163182463973,-100.0
assist,0,2,0.0,0.10148163182463973,-0.10148163182463973,-100.0
minimal,0,2,0.0,0.10148163182463973,-0.10148163182463973,-100.0
discharge,0,2,0.0,0.10148163182463973,-0.10148163182463973,-100.0
drones,0,2,0.0,0.10148163182463973,-0.10148163182463973,-100.0
consequences,0,2,0.0,0.10148163182463973,-0.10148163182463973,-100.0
hotspots,0,2,0.0,0.10148163182463973,-0.10148163182463973,-100.0
hurdles,0,2,0.0,0.10148163182463973,-0.10148163182463973,-100.0
outsourcing,0,2,0.0,0.10148163182463973,-0.10148163182463973,-100.0
dress,0,2,0.0,0.10148163182463973,-0.10148163182463973,-100.0
expense,0,2,0.0,0.10148163182463973,-0.10148163182463973,-100.0
harry,0,2,0.0,0.10148163182463973,-0.10148163182463973,-100.0
boring,0,2,0.0,0.10148163182463973,-0.10148163182463973,-100.0
referly,0,2,0.0,0.10148163182463973,-0.10148163182463973,-100.0
aimed,0,2,0.0,0.10148163182463973,-0.10148163182463973,-100.0
initiated,0,2,0.0,0.10148163182463973,-0.10148163182463973,-100.0
crawling,0,2,0.0,0.10148163182463973,-0.10148163182463973,-100.0
organizers,0,2,0.0,0.10148163182463973,-0.10148163182463973,-100.0
blame,0,2,0.0,0.10148163182463973,-0.10148163182463973,-100.0
curating,0,2,0.0,0.10148163182463973,-0.10148163182463973,-100.0
bio,0,2,0.0,0.10148163182463973,-0.10148163182463973,-100.0
inner,0,2,0.0,0.10148163182463973,-0.10148163182463973,-100.0
loops,0,2,0.0,0.10148163182463973,-0.10148163182463973,-100.0
visualisation,0,2,0.0,0.10148163182463973,-0.10148163182463973,-100.0
interoperability,0,2,0.0,0.10148163182463973,-0.10148163182463973,-100.0
expenses,0,2,0.0,0.10148163182463973,-0.10148163182463973,-100.0
follows,0,2,0.0,0.10148163182463973,-0.10148163182463973,-100.0
particle,0,2,0.0,0.10148163182463973,-0.10148163182463973,-100.0
fresh,0,2,0.0,0.10148163182463973,-0.10148163182463973,-100.0
toy,0,2,0.0,0.10148163182463973,-0.10148163182463973,-100.0
campaigns,0,2,0.0,0.10148163182463973,-0.10148163182463973,-100.0
avoiding,0,2,0.0,0.10148163182463973,-0.10148163182463973,-100.0
companiesi,0,2,0.0,0.10148163182463973,-0.10148163182463973,-100.0
adjustment,0,2,0.0,0.10148163182463973,-0.10148163182463973,-100.0
styles,0,2,0.0,0.10148163182463973,-0.10148163182463973,-100.0
susta,0,2,0.0,0.10148163182463973,-0.10148163182463973,-100.0
httpcredcountcomwhitepaper,0,2,0.0,0.10148163182463973,-0.10148163182463973,-100.0
triple,0,2,0.0,0.10148163182463973,-0.10148163182463973,-100.0
bother,0,2,0.0,0.10148163182463973,-0.10148163182463973,-100.0
subreddits,0,2,0.0,0.10148163182463973,-0.10148163182463973,-100.0
stockouts,0,2,0.0,0.10148163182463973,-0.10148163182463973,-100.0
actionable,0,2,0.0,0.10148163182463973,-0.10148163182463973,-100.0
mai,0,2,0.0,0.10148163182463973,-0.10148163182463973,-100.0
los,0,2,0.0,0.10148163182463973,-0.10148163182463973,-100.0
learnt,0,2,0.0,0.10148163182463973,-0.10148163182463973,-100.0
classify,0,2,0.0,0.10148163182463973,-0.10148163182463973,-100.0
wag,0,2,0.0,0.10148163182463973,-0.10148163182463973,-100.0
directories,0,2,0.0,0.10148163182463973,-0.10148163182463973,-100.0
loved,0,2,0.0,0.10148163182463973,-0.10148163182463973,-100.0
haggling,0,2,0.0,0.10148163182463973,-0.10148163182463973,-100.0
royce,0,2,0.0,0.10148163182463973,-0.10148163182463973,-100.0
cater,0,2,0.0,0.10148163182463973,-0.10148163182463973,-100.0
birthdays,0,2,0.0,0.10148163182463973,-0.10148163182463973,-100.0
accenture,0,2,0.0,0.10148163182463973,-0.10148163182463973,-100.0
emphasis,0,2,0.0,0.10148163182463973,-0.10148163182463973,-100.0
toyota,0,2,0.0,0.10148163182463973,-0.10148163182463973,-100.0
spectrum,0,2,0.0,0.10148163182463973,-0.10148163182463973,-100.0
careful,0,2,0.0,0.10148163182463973,-0.10148163182463973,-100.0
texts,0,2,0.0,0.10148163182463973,-0.10148163182463973,-100.0
town,0,2,0.0,0.10148163182463973,-0.10148163182463973,-100.0
duality,0,2,0.0,0.10148163182463973,-0.10148163182463973,-100.0
cursor,0,2,0.0,0.10148163182463973,-0.10148163182463973,-100.0
copies,0,2,0.0,0.10148163182463973,-0.10148163182463973,-100.0
better,26,25,1.1657624534815945,1.2685203978079969,-0.1027579443264024,-8.100614267138953
old,9,10,0.40353315697439807,0.5074081591231987,-0.10387500214880063,-20.471685423485628
available,9,10,0.40353315697439807,0.5074081591231987,-0.10387500214880063,-20.471685423485628
results,9,10,0.40353315697439807,0.5074081591231987,-0.10387500214880063,-20.471685423485628
cloud,9,10,0.40353315697439807,0.5074081591231987,-0.10387500214880063,-20.471685423485628
sounds,1,3,0.044837017441599784,0.15222244773695962,-0.10738543029535982,-70.54506867536504
listener,1,3,0.044837017441599784,0.15222244773695962,-0.10738543029535982,-70.54506867536504
physics,1,3,0.044837017441599784,0.15222244773695962,-0.10738543029535982,-70.54506867536504
detection,1,3,0.044837017441599784,0.15222244773695962,-0.10738543029535982,-70.54506867536504
intersection,1,3,0.044837017441599784,0.15222244773695962,-0.10738543029535982,-70.54506867536504
kicked,1,3,0.044837017441599784,0.15222244773695962,-0.10738543029535982,-70.54506867536504
affiliate,1,3,0.044837017441599784,0.15222244773695962,-0.10738543029535982,-70.54506867536504
selected,1,3,0.044837017441599784,0.15222244773695962,-0.10738543029535982,-70.54506867536504
freely,1,3,0.044837017441599784,0.15222244773695962,-0.10738543029535982,-70.54506867536504
hack,1,3,0.044837017441599784,0.15222244773695962,-0.10738543029535982,-70.54506867536504
korean,1,3,0.044837017441599784,0.15222244773695962,-0.10738543029535982,-70.54506867536504
ultimate,1,3,0.044837017441599784,0.15222244773695962,-0.10738543029535982,-70.54506867536504
intend,1,3,0.044837017441599784,0.15222244773695962,-0.10738543029535982,-70.54506867536504
lists,1,3,0.044837017441599784,0.15222244773695962,-0.10738543029535982,-70.54506867536504
experts,1,3,0.044837017441599784,0.15222244773695962,-0.10738543029535982,-70.54506867536504
academia,1,3,0.044837017441599784,0.15222244773695962,-0.10738543029535982,-70.54506867536504
incubators,1,3,0.044837017441599784,0.15222244773695962,-0.10738543029535982,-70.54506867536504
outsourced,1,3,0.044837017441599784,0.15222244773695962,-0.10738543029535982,-70.54506867536504
tam,1,3,0.044837017441599784,0.15222244773695962,-0.10738543029535982,-70.54506867536504
discovery,1,3,0.044837017441599784,0.15222244773695962,-0.10738543029535982,-70.54506867536504
kick,1,3,0.044837017441599784,0.15222244773695962,-0.10738543029535982,-70.54506867536504
decentralized,1,3,0.044837017441599784,0.15222244773695962,-0.10738543029535982,-70.54506867536504
inhouse,1,3,0.044837017441599784,0.15222244773695962,-0.10738543029535982,-70.54506867536504
record,1,3,0.044837017441599784,0.15222244773695962,-0.10738543029535982,-70.54506867536504
excess,1,3,0.044837017441599784,0.15222244773695962,-0.10738543029535982,-70.54506867536504
morning,1,3,0.044837017441599784,0.15222244773695962,-0.10738543029535982,-70.54506867536504
totally,1,3,0.044837017441599784,0.15222244773695962,-0.10738543029535982,-70.54506867536504
tweet,1,3,0.044837017441599784,0.15222244773695962,-0.10738543029535982,-70.54506867536504
improvements,1,3,0.044837017441599784,0.15222244773695962,-0.10738543029535982,-70.54506867536504
powered,1,3,0.044837017441599784,0.15222244773695962,-0.10738543029535982,-70.54506867536504
sydney,1,3,0.044837017441599784,0.15222244773695962,-0.10738543029535982,-70.54506867536504
pro,1,3,0.044837017441599784,0.15222244773695962,-0.10738543029535982,-70.54506867536504
topic,1,3,0.044837017441599784,0.15222244773695962,-0.10738543029535982,-70.54506867536504
oems,1,3,0.044837017441599784,0.15222244773695962,-0.10738543029535982,-70.54506867536504
question,1,3,0.044837017441599784,0.15222244773695962,-0.10738543029535982,-70.54506867536504
critical,1,3,0.044837017441599784,0.15222244773695962,-0.10738543029535982,-70.54506867536504
fusion,1,3,0.044837017441599784,0.15222244773695962,-0.10738543029535982,-70.54506867536504
methods,1,3,0.044837017441599784,0.15222244773695962,-0.10738543029535982,-70.54506867536504
flat,1,3,0.044837017441599784,0.15222244773695962,-0.10738543029535982,-70.54506867536504
contractor,1,3,0.044837017441599784,0.15222244773695962,-0.10738543029535982,-70.54506867536504
aiming,1,3,0.044837017441599784,0.15222244773695962,-0.10738543029535982,-70.54506867536504
minute,1,3,0.044837017441599784,0.15222244773695962,-0.10738543029535982,-70.54506867536504
stopped,1,3,0.044837017441599784,0.15222244773695962,-0.10738543029535982,-70.54506867536504
obsession,1,3,0.044837017441599784,0.15222244773695962,-0.10738543029535982,-70.54506867536504
telegram,1,3,0.044837017441599784,0.15222244773695962,-0.10738543029535982,-70.54506867536504
marketers,1,3,0.044837017441599784,0.15222244773695962,-0.10738543029535982,-70.54506867536504
weekly,1,3,0.044837017441599784,0.15222244773695962,-0.10738543029535982,-70.54506867536504
votes,1,3,0.044837017441599784,0.15222244773695962,-0.10738543029535982,-70.54506867536504
allowed,1,3,0.044837017441599784,0.15222244773695962,-0.10738543029535982,-70.54506867536504
overlooked,1,3,0.044837017441599784,0.15222244773695962,-0.10738543029535982,-70.54506867536504
near,1,3,0.044837017441599784,0.15222244773695962,-0.10738543029535982,-70.54506867536504
jump,1,3,0.044837017441599784,0.15222244773695962,-0.10738543029535982,-70.54506867536504
achieved,1,3,0.044837017441599784,0.15222244773695962,-0.10738543029535982,-70.54506867536504
novel,1,3,0.044837017441599784,0.15222244773695962,-0.10738543029535982,-70.54506867536504
driven,1,3,0.044837017441599784,0.15222244773695962,-0.10738543029535982,-70.54506867536504
estimates,1,3,0.044837017441599784,0.15222244773695962,-0.10738543029535982,-70.54506867536504
evolve,1,3,0.044837017441599784,0.15222244773695962,-0.10738543029535982,-70.54506867536504
department,1,3,0.044837017441599784,0.15222244773695962,-0.10738543029535982,-70.54506867536504
importance,1,3,0.044837017441599784,0.15222244773695962,-0.10738543029535982,-70.54506867536504
investing,1,3,0.044837017441599784,0.15222244773695962,-0.10738543029535982,-70.54506867536504
cannot,1,3,0.044837017441599784,0.15222244773695962,-0.10738543029535982,-70.54506867536504
shop,1,3,0.044837017441599784,0.15222244773695962,-0.10738543029535982,-70.54506867536504
normal,1,3,0.044837017441599784,0.15222244773695962,-0.10738543029535982,-70.54506867536504
proud,1,3,0.044837017441599784,0.15222244773695962,-0.10738543029535982,-70.54506867536504
traditional,10,11,0.44837017441599786,0.5581489750355185,-0.10977880061952067,-19.66836911463194
approach,10,11,0.44837017441599786,0.5581489750355185,-0.10977880061952067,-19.66836911463194
skills,10,11,0.44837017441599786,0.5581489750355185,-0.10977880061952067,-19.66836911463194
real,10,11,0.44837017441599786,0.5581489750355185,-0.10977880061952067,-19.66836911463194
ideas,10,11,0.44837017441599786,0.5581489750355185,-0.10977880061952067,-19.66836911463194
tech,19,19,0.8519033313903959,0.9640755023340776,-0.1121721709436817,-11.635206026095151
moved,2,4,0.08967403488319957,0.20296326364927947,-0.1132892287660799,-55.81760301304757
funnel,2,4,0.08967403488319957,0.20296326364927947,-0.1132892287660799,-55.81760301304757
dozens,2,4,0.08967403488319957,0.20296326364927947,-0.1132892287660799,-55.81760301304757
late,2,4,0.08967403488319957,0.20296326364927947,-0.1132892287660799,-55.81760301304757
join,2,4,0.08967403488319957,0.20296326364927947,-0.1132892287660799,-55.81760301304757
english,2,4,0.08967403488319957,0.20296326364927947,-0.1132892287660799,-55.81760301304757
deliver,2,4,0.08967403488319957,0.20296326364927947,-0.1132892287660799,-55.81760301304757
concepts,2,4,0.08967403488319957,0.20296326364927947,-0.1132892287660799,-55.81760301304757
upon,2,4,0.08967403488319957,0.20296326364927947,-0.1132892287660799,-55.81760301304757
testers,2,4,0.08967403488319957,0.20296326364927947,-0.1132892287660799,-55.81760301304757
places,2,4,0.08967403488319957,0.20296326364927947,-0.1132892287660799,-55.81760301304757
entrepreneurs,2,4,0.08967403488319957,0.20296326364927947,-0.1132892287660799,-55.81760301304757
decade,2,4,0.08967403488319957,0.20296326364927947,-0.1132892287660799,-55.81760301304757
server,2,4,0.08967403488319957,0.20296326364927947,-0.1132892287660799,-55.81760301304757
dedicated,2,4,0.08967403488319957,0.20296326364927947,-0.1132892287660799,-55.81760301304757
creativity,2,4,0.08967403488319957,0.20296326364927947,-0.1132892287660799,-55.81760301304757
married,2,4,0.08967403488319957,0.20296326364927947,-0.1132892287660799,-55.81760301304757
explicitly,2,4,0.08967403488319957,0.20296326364927947,-0.1132892287660799,-55.81760301304757
street,2,4,0.08967403488319957,0.20296326364927947,-0.1132892287660799,-55.81760301304757
contractors,2,4,0.08967403488319957,0.20296326364927947,-0.1132892287660799,-55.81760301304757
meaning,2,4,0.08967403488319957,0.20296326364927947,-0.1132892287660799,-55.81760301304757
estate,2,4,0.08967403488319957,0.20296326364927947,-0.1132892287660799,-55.81760301304757
servers,2,4,0.08967403488319957,0.20296326364927947,-0.1132892287660799,-55.81760301304757
incubator,2,4,0.08967403488319957,0.20296326364927947,-0.1132892287660799,-55.81760301304757
environment,2,4,0.08967403488319957,0.20296326364927947,-0.1132892287660799,-55.81760301304757
capabilities,2,4,0.08967403488319957,0.20296326364927947,-0.1132892287660799,-55.81760301304757
mrr,2,4,0.08967403488319957,0.20296326364927947,-0.1132892287660799,-55.81760301304757
substitutes,2,4,0.08967403488319957,0.20296326364927947,-0.1132892287660799,-55.81760301304757
underlying,2,4,0.08967403488319957,0.20296326364927947,-0.1132892287660799,-55.81760301304757
paul,2,4,0.08967403488319957,0.20296326364927947,-0.1132892287660799,-55.81760301304757
wants,2,4,0.08967403488319957,0.20296326364927947,-0.1132892287660799,-55.81760301304757
succeed,2,4,0.08967403488319957,0.20296326364927947,-0.1132892287660799,-55.81760301304757
rich,2,4,0.08967403488319957,0.20296326364927947,-0.1132892287660799,-55.81760301304757
typical,2,4,0.08967403488319957,0.20296326364927947,-0.1132892287660799,-55.81760301304757
extended,2,4,0.08967403488319957,0.20296326364927947,-0.1132892287660799,-55.81760301304757
internally,2,4,0.08967403488319957,0.20296326364927947,-0.1132892287660799,-55.81760301304757
hours,11,12,0.4932071918575976,0.6088897909478385,-0.11568259909024087,-18.99893885725389
fact,11,12,0.4932071918575976,0.6088897909478385,-0.11568259909024087,-18.99893885725389
higher,11,12,0.4932071918575976,0.6088897909478385,-0.11568259909024087,-18.99893885725389
office,11,12,0.4932071918575976,0.6088897909478385,-0.11568259909024087,-18.99893885725389
something,20,20,0.8967403488319957,1.0148163182463974,-0.11807596941440168,-11.635206026095142
increased,3,5,0.13451105232479937,0.25370407956159935,-0.11919302723679998,-46.981123615657076
initially,3,5,0.13451105232479937,0.25370407956159935,-0.11919302723679998,-46.981123615657076
contact,3,5,0.13451105232479937,0.25370407956159935,-0.11919302723679998,-46.981123615657076
generally,3,5,0.13451105232479937,0.25370407956159935,-0.11919302723679998,-46.981123615657076
pages,3,5,0.13451105232479937,0.25370407956159935,-0.11919302723679998,-46.981123615657076
family,3,5,0.13451105232479937,0.25370407956159935,-0.11919302723679998,-46.981123615657076
art,3,5,0.13451105232479937,0.25370407956159935,-0.11919302723679998,-46.981123615657076
poor,3,5,0.13451105232479937,0.25370407956159935,-0.11919302723679998,-46.981123615657076
educational,3,5,0.13451105232479937,0.25370407956159935,-0.11919302723679998,-46.981123615657076
act,3,5,0.13451105232479937,0.25370407956159935,-0.11919302723679998,-46.981123615657076
windows,3,5,0.13451105232479937,0.25370407956159935,-0.11919302723679998,-46.981123615657076
remote,3,5,0.13451105232479937,0.25370407956159935,-0.11919302723679998,-46.981123615657076
bringing,3,5,0.13451105232479937,0.25370407956159935,-0.11919302723679998,-46.981123615657076
proposition,3,5,0.13451105232479937,0.25370407956159935,-0.11919302723679998,-46.981123615657076
mostly,3,5,0.13451105232479937,0.25370407956159935,-0.11919302723679998,-46.981123615657076
traveling,3,5,0.13451105232479937,0.25370407956159935,-0.11919302723679998,-46.981123615657076
goals,3,5,0.13451105232479937,0.25370407956159935,-0.11919302723679998,-46.981123615657076
classes,3,5,0.13451105232479937,0.25370407956159935,-0.11919302723679998,-46.981123615657076
player,3,5,0.13451105232479937,0.25370407956159935,-0.11919302723679998,-46.981123615657076
logistics,3,5,0.13451105232479937,0.25370407956159935,-0.11919302723679998,-46.981123615657076
advertising,3,5,0.13451105232479937,0.25370407956159935,-0.11919302723679998,-46.981123615657076
least,12,13,0.5380442092991975,0.6596306068601583,-0.12158639756096079,-18.432497870241658
spend,12,13,0.5380442092991975,0.6596306068601583,-0.12158639756096079,-18.432497870241658
talent,4,6,0.17934806976639914,0.30444489547391923,-0.1250968257075201,-41.090137350730096
strong,4,6,0.17934806976639914,0.30444489547391923,-0.1250968257075201,-41.090137350730096
completed,4,6,0.17934806976639914,0.30444489547391923,-0.1250968257075201,-41.090137350730096
lets,4,6,0.17934806976639914,0.30444489547391923,-0.1250968257075201,-41.090137350730096
meet,4,6,0.17934806976639914,0.30444489547391923,-0.1250968257075201,-41.090137350730096
collaborative,4,6,0.17934806976639914,0.30444489547391923,-0.1250968257075201,-41.090137350730096
turn,4,6,0.17934806976639914,0.30444489547391923,-0.1250968257075201,-41.090137350730096
begin,4,6,0.17934806976639914,0.30444489547391923,-0.1250968257075201,-41.090137350730096
provides,4,6,0.17934806976639914,0.30444489547391923,-0.1250968257075201,-41.090137350730096
advantage,4,6,0.17934806976639914,0.30444489547391923,-0.1250968257075201,-41.090137350730096
send,4,6,0.17934806976639914,0.30444489547391923,-0.1250968257075201,-41.090137350730096
impossible,4,6,0.17934806976639914,0.30444489547391923,-0.1250968257075201,-41.090137350730096
primary,4,6,0.17934806976639914,0.30444489547391923,-0.1250968257075201,-41.090137350730096
especially,4,6,0.17934806976639914,0.30444489547391923,-0.1250968257075201,-41.090137350730096
effective,4,6,0.17934806976639914,0.30444489547391923,-0.1250968257075201,-41.090137350730096
deployed,4,6,0.17934806976639914,0.30444489547391923,-0.1250968257075201,-41.090137350730096
learn,13,14,0.5828812267407972,0.7103714227724781,-0.12749019603168088,-17.94697702423119
paid,22,22,0.9864143837151952,1.116297950071037,-0.12988356635584186,-11.635206026095144
equity,5,7,0.22418508720799893,0.35518571138623906,-0.13100062417824013,-36.88229001863938
city,5,7,0.22418508720799893,0.35518571138623906,-0.13100062417824013,-36.88229001863938
received,5,7,0.22418508720799893,0.35518571138623906,-0.13100062417824013,-36.88229001863938
touch,5,7,0.22418508720799893,0.35518571138623906,-0.13100062417824013,-36.88229001863938
field,5,7,0.22418508720799893,0.35518571138623906,-0.13100062417824013,-36.88229001863938
simply,5,7,0.22418508720799893,0.35518571138623906,-0.13100062417824013,-36.88229001863938
engagement,5,7,0.22418508720799893,0.35518571138623906,-0.13100062417824013,-36.88229001863938
collection,5,7,0.22418508720799893,0.35518571138623906,-0.13100062417824013,-36.88229001863938
devices,5,7,0.22418508720799893,0.35518571138623906,-0.13100062417824013,-36.88229001863938
production,5,7,0.22418508720799893,0.35518571138623906,-0.13100062417824013,-36.88229001863938
customer,31,30,1.3899475406895931,1.522224477369596,-0.13227693668000295,-8.689712893631661
example,14,15,0.627718244182397,0.761112238684798,-0.13339399450240108,-17.526192291022134
simple,14,15,0.627718244182397,0.761112238684798,-0.13339399450240108,-17.526192291022134
subscription,14,15,0.627718244182397,0.761112238684798,-0.13339399450240108,-17.526192291022134
doesnt,14,15,0.627718244182397,0.761112238684798,-0.13339399450240108,-17.526192291022134
facebook,14,15,0.627718244182397,0.761112238684798,-0.13339399450240108,-17.526192291022134
interviews,6,8,0.26902210464959875,0.40592652729855894,-0.1369044226489602,-33.726404519571346
providing,6,8,0.26902210464959875,0.40592652729855894,-0.1369044226489602,-33.726404519571346
helping,6,8,0.26902210464959875,0.40592652729855894,-0.1369044226489602,-33.726404519571346
extremely,6,8,0.26902210464959875,0.40592652729855894,-0.1369044226489602,-33.726404519571346
pain,6,8,0.26902210464959875,0.40592652729855894,-0.1369044226489602,-33.726404519571346
sell,15,16,0.6725552616239968,0.8118530545971179,-0.13929779297312106,-17.158005649464187
income,7,9,0.3138591220911985,0.4566673432108788,-0.14280822111968033,-31.271826909185112
whole,7,9,0.3138591220911985,0.4566673432108788,-0.14280822111968033,-31.271826909185112
base,7,9,0.3138591220911985,0.4566673432108788,-0.14280822111968033,-31.271826909185112
cut,7,9,0.3138591220911985,0.4566673432108788,-0.14280822111968033,-31.271826909185112
clear,7,9,0.3138591220911985,0.4566673432108788,-0.14280822111968033,-31.271826909185112
find,33,32,1.479621575572793,1.6237061091942357,-0.1440845336214427,-8.873806214410603
early,16,17,0.7173922790655965,0.8625938705094378,-0.14520159144384126,-16.83313508338367
later,8,10,0.3586961395327983,0.5074081591231987,-0.14871201959040042,-29.308164820876115
outside,8,10,0.3586961395327983,0.5074081591231987,-0.14871201959040042,-29.308164820876115
possible,8,10,0.3586961395327983,0.5074081591231987,-0.14871201959040042,-29.308164820876115
log,0,3,0.0,0.15222244773695962,-0.15222244773695962,-100.0
yogis,0,3,0.0,0.15222244773695962,-0.15222244773695962,-100.0
mean,0,3,0.0,0.15222244773695962,-0.15222244773695962,-100.0
assortment,0,3,0.0,0.15222244773695962,-0.15222244773695962,-100.0
monopoly,0,3,0.0,0.15222244773695962,-0.15222244773695962,-100.0
sku,0,3,0.0,0.15222244773695962,-0.15222244773695962,-100.0
comics,0,3,0.0,0.15222244773695962,-0.15222244773695962,-100.0
mailing,0,3,0.0,0.15222244773695962,-0.15222244773695962,-100.0
pen,0,3,0.0,0.15222244773695962,-0.15222244773695962,-100.0
pete,0,3,0.0,0.15222244773695962,-0.15222244773695962,-100.0
executives,0,3,0.0,0.15222244773695962,-0.15222244773695962,-100.0
costumes,0,3,0.0,0.15222244773695962,-0.15222244773695962,-100.0
contrarian,0,3,0.0,0.15222244773695962,-0.15222244773695962,-100.0
submit,0,3,0.0,0.15222244773695962,-0.15222244773695962,-100.0
kings,0,3,0.0,0.15222244773695962,-0.15222244773695962,-100.0
chart,0,3,0.0,0.15222244773695962,-0.15222244773695962,-100.0
lunch,0,3,0.0,0.15222244773695962,-0.15222244773695962,-100.0
reviewing,0,3,0.0,0.15222244773695962,-0.15222244773695962,-100.0
accountable,0,3,0.0,0.15222244773695962,-0.15222244773695962,-100.0
mass,0,3,0.0,0.15222244773695962,-0.15222244773695962,-100.0
feeds,0,3,0.0,0.15222244773695962,-0.15222244773695962,-100.0
chemical,0,3,0.0,0.15222244773695962,-0.15222244773695962,-100.0
soda,0,3,0.0,0.15222244773695962,-0.15222244773695962,-100.0
sabba,0,3,0.0,0.15222244773695962,-0.15222244773695962,-100.0
employbl,0,3,0.0,0.15222244773695962,-0.15222244773695962,-100.0
sorts,0,3,0.0,0.15222244773695962,-0.15222244773695962,-100.0
oculus,0,3,0.0,0.15222244773695962,-0.15222244773695962,-100.0
television,0,3,0.0,0.15222244773695962,-0.15222244773695962,-100.0
sven,0,3,0.0,0.15222244773695962,-0.15222244773695962,-100.0
peoplecollabwritinginperson,0,3,0.0,0.15222244773695962,-0.15222244773695962,-100.0
personalised,0,3,0.0,0.15222244773695962,-0.15222244773695962,-100.0
lifestyle,0,3,0.0,0.15222244773695962,-0.15222244773695962,-100.0
consistently,0,3,0.0,0.15222244773695962,-0.15222244773695962,-100.0
operators,0,3,0.0,0.15222244773695962,-0.15222244773695962,-100.0
embedding,0,3,0.0,0.15222244773695962,-0.15222244773695962,-100.0
relevance,0,3,0.0,0.15222244773695962,-0.15222244773695962,-100.0
gartner,0,3,0.0,0.15222244773695962,-0.15222244773695962,-100.0
tend,0,3,0.0,0.15222244773695962,-0.15222244773695962,-100.0
completing,0,3,0.0,0.15222244773695962,-0.15222244773695962,-100.0
messenger,0,3,0.0,0.15222244773695962,-0.15222244773695962,-100.0
timing,0,3,0.0,0.15222244773695962,-0.15222244773695962,-100.0
wolk,0,3,0.0,0.15222244773695962,-0.15222244773695962,-100.0
participate,0,3,0.0,0.15222244773695962,-0.15222244773695962,-100.0
korea,0,3,0.0,0.15222244773695962,-0.15222244773695962,-100.0
receiving,0,3,0.0,0.15222244773695962,-0.15222244773695962,-100.0
filed,0,3,0.0,0.15222244773695962,-0.15222244773695962,-100.0
freedom,0,3,0.0,0.15222244773695962,-0.15222244773695962,-100.0
pull,0,3,0.0,0.15222244773695962,-0.15222244773695962,-100.0
select,0,3,0.0,0.15222244773695962,-0.15222244773695962,-100.0
compatibility,0,3,0.0,0.15222244773695962,-0.15222244773695962,-100.0
requirement,0,3,0.0,0.15222244773695962,-0.15222244773695962,-100.0
invite,0,3,0.0,0.15222244773695962,-0.15222244773695962,-100.0
ebook,0,3,0.0,0.15222244773695962,-0.15222244773695962,-100.0
approaches,0,3,0.0,0.15222244773695962,-0.15222244773695962,-100.0
productmarket,0,3,0.0,0.15222244773695962,-0.15222244773695962,-100.0
approved,0,3,0.0,0.15222244773695962,-0.15222244773695962,-100.0
urges,0,3,0.0,0.15222244773695962,-0.15222244773695962,-100.0
bubblin,0,3,0.0,0.15222244773695962,-0.15222244773695962,-100.0
perhaps,0,3,0.0,0.15222244773695962,-0.15222244773695962,-100.0
shoots,0,3,0.0,0.15222244773695962,-0.15222244773695962,-100.0
pms,0,3,0.0,0.15222244773695962,-0.15222244773695962,-100.0
feed,0,3,0.0,0.15222244773695962,-0.15222244773695962,-100.0
halloween,0,3,0.0,0.15222244773695962,-0.15222244773695962,-100.0
opinions,0,3,0.0,0.15222244773695962,-0.15222244773695962,-100.0
traded,0,3,0.0,0.15222244773695962,-0.15222244773695962,-100.0
wave,0,3,0.0,0.15222244773695962,-0.15222244773695962,-100.0
photoshoot,0,3,0.0,0.15222244773695962,-0.15222244773695962,-100.0
bookkeeping,0,3,0.0,0.15222244773695962,-0.15222244773695962,-100.0
employed,0,3,0.0,0.15222244773695962,-0.15222244773695962,-100.0
flashcards,0,3,0.0,0.15222244773695962,-0.15222244773695962,-100.0
reform,0,3,0.0,0.15222244773695962,-0.15222244773695962,-100.0
attempting,0,3,0.0,0.15222244773695962,-0.15222244773695962,-100.0
100s,0,3,0.0,0.15222244773695962,-0.15222244773695962,-100.0
hmds,0,3,0.0,0.15222244773695962,-0.15222244773695962,-100.0
pinterest,0,3,0.0,0.15222244773695962,-0.15222244773695962,-100.0
responsible,0,3,0.0,0.15222244773695962,-0.15222244773695962,-100.0
deciding,0,3,0.0,0.15222244773695962,-0.15222244773695962,-100.0
detailed,0,3,0.0,0.15222244773695962,-0.15222244773695962,-100.0
udaan,0,3,0.0,0.15222244773695962,-0.15222244773695962,-100.0
threat,0,3,0.0,0.15222244773695962,-0.15222244773695962,-100.0
leo,0,3,0.0,0.15222244773695962,-0.15222244773695962,-100.0
creatives,0,3,0.0,0.15222244773695962,-0.15222244773695962,-100.0
duration,0,3,0.0,0.15222244773695962,-0.15222244773695962,-100.0
orderforwarding,0,3,0.0,0.15222244773695962,-0.15222244773695962,-100.0
staffing,0,3,0.0,0.15222244773695962,-0.15222244773695962,-100.0
begun,0,3,0.0,0.15222244773695962,-0.15222244773695962,-100.0
hunting,0,3,0.0,0.15222244773695962,-0.15222244773695962,-100.0
crucial,0,3,0.0,0.15222244773695962,-0.15222244773695962,-100.0
asset,0,3,0.0,0.15222244773695962,-0.15222244773695962,-100.0
gig,0,3,0.0,0.15222244773695962,-0.15222244773695962,-100.0
guitar,0,3,0.0,0.15222244773695962,-0.15222244773695962,-100.0
specialization,0,3,0.0,0.15222244773695962,-0.15222244773695962,-100.0
runway,0,3,0.0,0.15222244773695962,-0.15222244773695962,-100.0
25m,0,3,0.0,0.15222244773695962,-0.15222244773695962,-100.0
audiences,0,3,0.0,0.15222244773695962,-0.15222244773695962,-100.0
surf,0,3,0.0,0.15222244773695962,-0.15222244773695962,-100.0
schedules,0,3,0.0,0.15222244773695962,-0.15222244773695962,-100.0
augments,0,3,0.0,0.15222244773695962,-0.15222244773695962,-100.0
cells,0,3,0.0,0.15222244773695962,-0.15222244773695962,-100.0
stocked,0,3,0.0,0.15222244773695962,-0.15222244773695962,-100.0
hiding,0,3,0.0,0.15222244773695962,-0.15222244773695962,-100.0
forth,0,3,0.0,0.15222244773695962,-0.15222244773695962,-100.0
window,0,3,0.0,0.15222244773695962,-0.15222244773695962,-100.0
lose,0,3,0.0,0.15222244773695962,-0.15222244773695962,-100.0
ubereats,0,3,0.0,0.15222244773695962,-0.15222244773695962,-100.0
1hrday,0,3,0.0,0.15222244773695962,-0.15222244773695962,-100.0
registered,0,3,0.0,0.15222244773695962,-0.15222244773695962,-100.0
niches,0,3,0.0,0.15222244773695962,-0.15222244773695962,-100.0
wage,0,3,0.0,0.15222244773695962,-0.15222244773695962,-100.0
psychiatrist,0,3,0.0,0.15222244773695962,-0.15222244773695962,-100.0
metro,0,3,0.0,0.15222244773695962,-0.15222244773695962,-100.0
discussed,0,3,0.0,0.15222244773695962,-0.15222244773695962,-100.0
availability,0,3,0.0,0.15222244773695962,-0.15222244773695962,-100.0
magic,0,3,0.0,0.15222244773695962,-0.15222244773695962,-100.0
writer,0,3,0.0,0.15222244773695962,-0.15222244773695962,-100.0
fulfilment,0,3,0.0,0.15222244773695962,-0.15222244773695962,-100.0
mouse,0,3,0.0,0.15222244773695962,-0.15222244773695962,-100.0
rendering,0,3,0.0,0.15222244773695962,-0.15222244773695962,-100.0
vanity,0,3,0.0,0.15222244773695962,-0.15222244773695962,-100.0
meals,0,3,0.0,0.15222244773695962,-0.15222244773695962,-100.0
continued,0,3,0.0,0.15222244773695962,-0.15222244773695962,-100.0
message,0,3,0.0,0.15222244773695962,-0.15222244773695962,-100.0
dogfooding,0,3,0.0,0.15222244773695962,-0.15222244773695962,-100.0
kitchens,0,3,0.0,0.15222244773695962,-0.15222244773695962,-100.0
realizing,0,3,0.0,0.15222244773695962,-0.15222244773695962,-100.0
smartphones,0,3,0.0,0.15222244773695962,-0.15222244773695962,-100.0
visibility,0,3,0.0,0.15222244773695962,-0.15222244773695962,-100.0
day03,0,3,0.0,0.15222244773695962,-0.15222244773695962,-100.0
authorities,0,3,0.0,0.15222244773695962,-0.15222244773695962,-100.0
flipkart,0,3,0.0,0.15222244773695962,-0.15222244773695962,-100.0
ideals,0,3,0.0,0.15222244773695962,-0.15222244773695962,-100.0
locality,0,3,0.0,0.15222244773695962,-0.15222244773695962,-100.0
inspiration,0,3,0.0,0.15222244773695962,-0.15222244773695962,-100.0
reminds,0,3,0.0,0.15222244773695962,-0.15222244773695962,-100.0
creator,0,3,0.0,0.15222244773695962,-0.15222244773695962,-100.0
prior,0,3,0.0,0.15222244773695962,-0.15222244773695962,-100.0
faced,1,4,0.044837017441599784,0.20296326364927947,-0.15812624620767968,-77.90880150652379
writes,1,4,0.044837017441599784,0.20296326364927947,-0.15812624620767968,-77.90880150652379
experimenting,1,4,0.044837017441599784,0.20296326364927947,-0.15812624620767968,-77.90880150652379
display,1,4,0.044837017441599784,0.20296326364927947,-0.15812624620767968,-77.90880150652379
youtube,1,4,0.044837017441599784,0.20296326364927947,-0.15812624620767968,-77.90880150652379
happened,1,4,0.044837017441599784,0.20296326364927947,-0.15812624620767968,-77.90880150652379
reports,1,4,0.044837017441599784,0.20296326364927947,-0.15812624620767968,-77.90880150652379
keeping,1,4,0.044837017441599784,0.20296326364927947,-0.15812624620767968,-77.90880150652379
consistent,1,4,0.044837017441599784,0.20296326364927947,-0.15812624620767968,-77.90880150652379
smes,1,4,0.044837017441599784,0.20296326364927947,-0.15812624620767968,-77.90880150652379
failed,1,4,0.044837017441599784,0.20296326364927947,-0.15812624620767968,-77.90880150652379
discuss,1,4,0.044837017441599784,0.20296326364927947,-0.15812624620767968,-77.90880150652379
blogs,1,4,0.044837017441599784,0.20296326364927947,-0.15812624620767968,-77.90880150652379
advisor,1,4,0.044837017441599784,0.20296326364927947,-0.15812624620767968,-77.90880150652379
pivoted,1,4,0.044837017441599784,0.20296326364927947,-0.15812624620767968,-77.90880150652379
unlimited,1,4,0.044837017441599784,0.20296326364927947,-0.15812624620767968,-77.90880150652379
mention,1,4,0.044837017441599784,0.20296326364927947,-0.15812624620767968,-77.90880150652379
limit,1,4,0.044837017441599784,0.20296326364927947,-0.15812624620767968,-77.90880150652379
economy,1,4,0.044837017441599784,0.20296326364927947,-0.15812624620767968,-77.90880150652379
materials,1,4,0.044837017441599784,0.20296326364927947,-0.15812624620767968,-77.90880150652379
todo,1,4,0.044837017441599784,0.20296326364927947,-0.15812624620767968,-77.90880150652379
established,1,4,0.044837017441599784,0.20296326364927947,-0.15812624620767968,-77.90880150652379
return,1,4,0.044837017441599784,0.20296326364927947,-0.15812624620767968,-77.90880150652379
earning,1,4,0.044837017441599784,0.20296326364927947,-0.15812624620767968,-77.90880150652379
separate,1,4,0.044837017441599784,0.20296326364927947,-0.15812624620767968,-77.90880150652379
break,1,4,0.044837017441599784,0.20296326364927947,-0.15812624620767968,-77.90880150652379
australia,1,4,0.044837017441599784,0.20296326364927947,-0.15812624620767968,-77.90880150652379
twice,1,4,0.044837017441599784,0.20296326364927947,-0.15812624620767968,-77.90880150652379
peter,1,4,0.044837017441599784,0.20296326364927947,-0.15812624620767968,-77.90880150652379
regular,1,4,0.044837017441599784,0.20296326364927947,-0.15812624620767968,-77.90880150652379
tested,1,4,0.044837017441599784,0.20296326364927947,-0.15812624620767968,-77.90880150652379
sleep,1,4,0.044837017441599784,0.20296326364927947,-0.15812624620767968,-77.90880150652379
subscribers,1,4,0.044837017441599784,0.20296326364927947,-0.15812624620767968,-77.90880150652379
humans,1,4,0.044837017441599784,0.20296326364927947,-0.15812624620767968,-77.90880150652379
ranging,1,4,0.044837017441599784,0.20296326364927947,-0.15812624620767968,-77.90880150652379
mission,1,4,0.044837017441599784,0.20296326364927947,-0.15812624620767968,-77.90880150652379
bloomberg,1,4,0.044837017441599784,0.20296326364927947,-0.15812624620767968,-77.90880150652379
schedule,1,4,0.044837017441599784,0.20296326364927947,-0.15812624620767968,-77.90880150652379
months,44,42,1.9728287674303904,2.1311142683174347,-0.1582855008870443,-7.4273586940044485
add,10,12,0.44837017441599786,0.6088897909478385,-0.1605196165318406,-26.362671688412618
move,10,12,0.44837017441599786,0.6088897909478385,-0.1605196165318406,-26.362671688412618
signing,2,5,0.08967403488319957,0.25370407956159935,-0.16403004467839977,-64.65408241043805
frequent,2,5,0.08967403488319957,0.25370407956159935,-0.16403004467839977,-64.65408241043805
reading,2,5,0.08967403488319957,0.25370407956159935,-0.16403004467839977,-64.65408241043805
forums,2,5,0.08967403488319957,0.25370407956159935,-0.16403004467839977,-64.65408241043805
onboard,2,5,0.08967403488319957,0.25370407956159935,-0.16403004467839977,-64.65408241043805
valley,2,5,0.08967403488319957,0.25370407956159935,-0.16403004467839977,-64.65408241043805
folks,2,5,0.08967403488319957,0.25370407956159935,-0.16403004467839977,-64.65408241043805
locations,2,5,0.08967403488319957,0.25370407956159935,-0.16403004467839977,-64.65408241043805
culture,2,5,0.08967403488319957,0.25370407956159935,-0.16403004467839977,-64.65408241043805
airbnb,2,5,0.08967403488319957,0.25370407956159935,-0.16403004467839977,-64.65408241043805
image,2,5,0.08967403488319957,0.25370407956159935,-0.16403004467839977,-64.65408241043805
traffic,2,5,0.08967403488319957,0.25370407956159935,-0.16403004467839977,-64.65408241043805
bought,2,5,0.08967403488319957,0.25370407956159935,-0.16403004467839977,-64.65408241043805
emails,2,5,0.08967403488319957,0.25370407956159935,-0.16403004467839977,-64.65408241043805
stream,2,5,0.08967403488319957,0.25370407956159935,-0.16403004467839977,-64.65408241043805
assume,2,5,0.08967403488319957,0.25370407956159935,-0.16403004467839977,-64.65408241043805
multiple,11,13,0.4932071918575976,0.6596306068601583,-0.1664234150025607,-25.2297897143882
youve,3,6,0.13451105232479937,0.30444489547391923,-0.16993384314911986,-55.81760301304757
accessible,3,6,0.13451105232479937,0.30444489547391923,-0.16993384314911986,-55.81760301304757
hires,3,6,0.13451105232479937,0.30444489547391923,-0.16993384314911986,-55.81760301304757
stage,3,6,0.13451105232479937,0.30444489547391923,-0.16993384314911986,-55.81760301304757
thinking,3,6,0.13451105232479937,0.30444489547391923,-0.16993384314911986,-55.81760301304757
concept,3,6,0.13451105232479937,0.30444489547391923,-0.16993384314911986,-55.81760301304757
showing,3,6,0.13451105232479937,0.30444489547391923,-0.16993384314911986,-55.81760301304757
without,21,22,0.9415773662735956,1.116297950071037,-0.1747205837974415,-15.651787570363531
meeting,4,7,0.17934806976639914,0.35518571138623906,-0.17583764161983992,-49.505832014911505
food,4,7,0.17934806976639914,0.35518571138623906,-0.17583764161983992,-49.505832014911505
ads,4,7,0.17934806976639914,0.35518571138623906,-0.17583764161983992,-49.505832014911505
easier,4,7,0.17934806976639914,0.35518571138623906,-0.17583764161983992,-49.505832014911505
fun,4,7,0.17934806976639914,0.35518571138623906,-0.17583764161983992,-49.505832014911505
immediately,4,7,0.17934806976639914,0.35518571138623906,-0.17583764161983992,-49.505832014911505
bit,4,7,0.17934806976639914,0.35518571138623906,-0.17583764161983992,-49.505832014911505
dont,47,45,2.1073398197551896,2.2833367160543943,-0.17599689629920467,-7.707881849477167
teams,22,23,0.9864143837151952,1.167038765983357,-0.1806243822681618,-15.47715359017797
helps,5,8,0.22418508720799893,0.40592652729855894,-0.18174144009056,-44.77200376630946
owners,5,8,0.22418508720799893,0.40592652729855894,-0.18174144009056,-44.77200376630946
location,5,8,0.22418508720799893,0.40592652729855894,-0.18174144009056,-44.77200376630946
tell,5,8,0.22418508720799893,0.40592652729855894,-0.18174144009056,-44.77200376630946
view,5,8,0.22418508720799893,0.40592652729855894,-0.18174144009056,-44.77200376630946
others,14,16,0.627718244182397,0.8118530545971179,-0.1841348104147209,-22.680805272833247
various,6,9,0.26902210464959875,0.4566673432108788,-0.18764523856128007,-41.09013735073009
past,6,9,0.26902210464959875,0.4566673432108788,-0.18764523856128007,-41.09013735073009
lack,6,9,0.26902210464959875,0.4566673432108788,-0.18764523856128007,-41.09013735073009
targeted,6,9,0.26902210464959875,0.4566673432108788,-0.18764523856128007,-41.09013735073009
resources,6,9,0.26902210464959875,0.4566673432108788,-0.18764523856128007,-41.09013735073009
delivery,6,9,0.26902210464959875,0.4566673432108788,-0.18764523856128007,-41.09013735073009
made,15,17,0.6725552616239968,0.8625938705094378,-0.190038608885441,-22.031064140672182
name,7,10,0.3138591220911985,0.5074081591231987,-0.19354903703200022,-38.144644218266606
marketing,25,26,1.1209254360399945,1.3192612137203166,-0.19833577768032207,-15.033851948168413
associated,0,4,0.0,0.20296326364927947,-0.20296326364927947,-100.0
factory,0,4,0.0,0.20296326364927947,-0.20296326364927947,-100.0
shoot,0,4,0.0,0.20296326364927947,-0.20296326364927947,-100.0
fitness,0,4,0.0,0.20296326364927947,-0.20296326364927947,-100.0
designs,0,4,0.0,0.20296326364927947,-0.20296326364927947,-100.0
circles,0,4,0.0,0.20296326364927947,-0.20296326364927947,-100.0
rover,0,4,0.0,0.20296326364927947,-0.20296326364927947,-100.0
thailand,0,4,0.0,0.20296326364927947,-0.20296326364927947,-100.0
andy,0,4,0.0,0.20296326364927947,-0.20296326364927947,-100.0
agencies,0,4,0.0,0.20296326364927947,-0.20296326364927947,-100.0
manufacturer,0,4,0.0,0.20296326364927947,-0.20296326364927947,-100.0
scraping,0,4,0.0,0.20296326364927947,-0.20296326364927947,-100.0
identified,0,4,0.0,0.20296326364927947,-0.20296326364927947,-100.0
meant,0,4,0.0,0.20296326364927947,-0.20296326364927947,-100.0
intermediate,0,4,0.0,0.20296326364927947,-0.20296326364927947,-100.0
programme,0,4,0.0,0.20296326364927947,-0.20296326364927947,-100.0
abhijit,0,4,0.0,0.20296326364927947,-0.20296326364927947,-100.0
maintain,0,4,0.0,0.20296326364927947,-0.20296326364927947,-100.0
vive,0,4,0.0,0.20296326364927947,-0.20296326364927947,-100.0
respond,0,4,0.0,0.20296326364927947,-0.20296326364927947,-100.0
measuring,0,4,0.0,0.20296326364927947,-0.20296326364927947,-100.0
learners,0,4,0.0,0.20296326364927947,-0.20296326364927947,-100.0
inventory,0,4,0.0,0.20296326364927947,-0.20296326364927947,-100.0
participating,0,4,0.0,0.20296326364927947,-0.20296326364927947,-100.0
entertainment,0,4,0.0,0.20296326364927947,-0.20296326364927947,-100.0
collabroom,0,4,0.0,0.20296326364927947,-0.20296326364927947,-100.0
purpose,0,4,0.0,0.20296326364927947,-0.20296326364927947,-100.0
1bn,0,4,0.0,0.20296326364927947,-0.20296326364927947,-100.0
forced,0,4,0.0,0.20296326364927947,-0.20296326364927947,-100.0
hris,0,4,0.0,0.20296326364927947,-0.20296326364927947,-100.0
clearbook,0,4,0.0,0.20296326364927947,-0.20296326364927947,-100.0
crazy,0,4,0.0,0.20296326364927947,-0.20296326364927947,-100.0
hmd,0,4,0.0,0.20296326364927947,-0.20296326364927947,-100.0
morningstar,0,4,0.0,0.20296326364927947,-0.20296326364927947,-100.0
upfront,0,4,0.0,0.20296326364927947,-0.20296326364927947,-100.0
emotional,0,4,0.0,0.20296326364927947,-0.20296326364927947,-100.0
mau,0,4,0.0,0.20296326364927947,-0.20296326364927947,-100.0
crypto,0,4,0.0,0.20296326364927947,-0.20296326364927947,-100.0
favorite,0,4,0.0,0.20296326364927947,-0.20296326364927947,-100.0
flipcount,0,4,0.0,0.20296326364927947,-0.20296326364927947,-100.0
spreadsheet,0,4,0.0,0.20296326364927947,-0.20296326364927947,-100.0
grown,0,4,0.0,0.20296326364927947,-0.20296326364927947,-100.0
images,0,4,0.0,0.20296326364927947,-0.20296326364927947,-100.0
animals,0,4,0.0,0.20296326364927947,-0.20296326364927947,-100.0
kik,0,4,0.0,0.20296326364927947,-0.20296326364927947,-100.0
spite,0,4,0.0,0.20296326364927947,-0.20296326364927947,-100.0
caregiver,0,4,0.0,0.20296326364927947,-0.20296326364927947,-100.0
filmmakers,0,4,0.0,0.20296326364927947,-0.20296326364927947,-100.0
nearby,0,4,0.0,0.20296326364927947,-0.20296326364927947,-100.0
universal,0,4,0.0,0.20296326364927947,-0.20296326364927947,-100.0
finishing,0,4,0.0,0.20296326364927947,-0.20296326364927947,-100.0
swelly,0,4,0.0,0.20296326364927947,-0.20296326364927947,-100.0
muneeb,0,4,0.0,0.20296326364927947,-0.20296326364927947,-100.0
passion,0,4,0.0,0.20296326364927947,-0.20296326364927947,-100.0
planned,0,4,0.0,0.20296326364927947,-0.20296326364927947,-100.0
detect,0,4,0.0,0.20296326364927947,-0.20296326364927947,-100.0
listed,0,4,0.0,0.20296326364927947,-0.20296326364927947,-100.0
essentially,0,4,0.0,0.20296326364927947,-0.20296326364927947,-100.0
appropriate,0,4,0.0,0.20296326364927947,-0.20296326364927947,-100.0
duty,0,4,0.0,0.20296326364927947,-0.20296326364927947,-100.0
fellow,0,4,0.0,0.20296326364927947,-0.20296326364927947,-100.0
concrete,0,4,0.0,0.20296326364927947,-0.20296326364927947,-100.0
feel,9,12,0.40353315697439807,0.6088897909478385,-0.2053566339734404,-33.72640451957136
back,18,20,0.8070663139487961,1.0148163182463974,-0.20775000429760127,-20.471685423485628
info,1,5,0.044837017441599784,0.25370407956159935,-0.20886706211999956,-82.32704120521903
agency,1,5,0.044837017441599784,0.25370407956159935,-0.20886706211999956,-82.32704120521903
articles,1,5,0.044837017441599784,0.25370407956159935,-0.20886706211999956,-82.32704120521903
seo,1,5,0.044837017441599784,0.25370407956159935,-0.20886706211999956,-82.32704120521903
licensing,1,5,0.044837017441599784,0.25370407956159935,-0.20886706211999956,-82.32704120521903
pictures,1,5,0.044837017441599784,0.25370407956159935,-0.20886706211999956,-82.32704120521903
obvious,1,5,0.044837017441599784,0.25370407956159935,-0.20886706211999956,-82.32704120521903
zero,1,5,0.044837017441599784,0.25370407956159935,-0.20886706211999956,-82.32704120521903
foreign,1,5,0.044837017441599784,0.25370407956159935,-0.20886706211999956,-82.32704120521903
danielle,1,5,0.044837017441599784,0.25370407956159935,-0.20886706211999956,-82.32704120521903
gets,1,5,0.044837017441599784,0.25370407956159935,-0.20886706211999956,-82.32704120521903
optimized,1,5,0.044837017441599784,0.25370407956159935,-0.20886706211999956,-82.32704120521903
preexisting,1,5,0.044837017441599784,0.25370407956159935,-0.20886706211999956,-82.32704120521903
ended,1,5,0.044837017441599784,0.25370407956159935,-0.20886706211999956,-82.32704120521903
japanese,1,5,0.044837017441599784,0.25370407956159935,-0.20886706211999956,-82.32704120521903
format,1,5,0.044837017441599784,0.25370407956159935,-0.20886706211999956,-82.32704120521903
chickenandegg,1,5,0.044837017441599784,0.25370407956159935,-0.20886706211999956,-82.32704120521903
conducted,1,5,0.044837017441599784,0.25370407956159935,-0.20886706211999956,-82.32704120521903
collaborate,1,5,0.044837017441599784,0.25370407956159935,-0.20886706211999956,-82.32704120521903
similarly,1,5,0.044837017441599784,0.25370407956159935,-0.20886706211999956,-82.32704120521903
rather,10,13,0.44837017441599786,0.6596306068601583,-0.21126043244416043,-32.02708155853472
languages,2,6,0.08967403488319957,0.30444489547391923,-0.21477086059071965,-70.54506867536504
cases,2,6,0.08967403488319957,0.30444489547391923,-0.21477086059071965,-70.54506867536504
dashboard,2,6,0.08967403488319957,0.30444489547391923,-0.21477086059071965,-70.54506867536504
formal,2,6,0.08967403488319957,0.30444489547391923,-0.21477086059071965,-70.54506867536504
relying,2,6,0.08967403488319957,0.30444489547391923,-0.21477086059071965,-70.54506867536504
list,11,14,0.4932071918575976,0.7103714227724781,-0.21716423091488052,-30.57051902050333
travel,3,7,0.13451105232479937,0.35518571138623906,-0.22067465906143968,-62.12937401118362
putting,3,7,0.13451105232479937,0.35518571138623906,-0.22067465906143968,-62.12937401118362
generating,3,7,0.13451105232479937,0.35518571138623906,-0.22067465906143968,-62.12937401118362
ran,3,7,0.13451105232479937,0.35518571138623906,-0.22067465906143968,-62.12937401118362
hour,3,7,0.13451105232479937,0.35518571138623906,-0.22067465906143968,-62.12937401118362
paper,3,7,0.13451105232479937,0.35518571138623906,-0.22067465906143968,-62.12937401118362
ensure,3,7,0.13451105232479937,0.35518571138623906,-0.22067465906143968,-62.12937401118362
tools,46,45,2.06250280231359,2.2833367160543943,-0.2208339137408042,-9.671543937786154
building,46,45,2.06250280231359,2.2833367160543943,-0.2208339137408042,-9.671543937786154
job,29,30,1.3002735058063937,1.522224477369596,-0.22195097156320243,-14.580699158558645
company,55,53,2.466035959287988,2.6892632433529533,-0.2232272840649654,-8.300685498777996
level,4,8,0.17934806976639914,0.40592652729855894,-0.2265784575321598,-55.81760301304757
left,4,8,0.17934806976639914,0.40592652729855894,-0.2265784575321598,-55.81760301304757
ones,4,8,0.17934806976639914,0.40592652729855894,-0.2265784575321598,-55.81760301304757
linkedin,4,8,0.17934806976639914,0.40592652729855894,-0.2265784575321598,-55.81760301304757
ecosystem,4,8,0.17934806976639914,0.40592652729855894,-0.2265784575321598,-55.81760301304757
consulting,4,8,0.17934806976639914,0.40592652729855894,-0.2265784575321598,-55.81760301304757
done,22,24,0.9864143837151952,1.217779581895677,-0.23136519818048173,-18.99893885725389
new,65,62,2.9144061337039857,3.145930586563832,-0.23152445285984635,-7.359490188648148
analysis,5,9,0.22418508720799893,0.4566673432108788,-0.2324822560028799,-50.90844779227508
post,5,9,0.22418508720799893,0.4566673432108788,-0.2324822560028799,-50.90844779227508
signed,5,9,0.22418508720799893,0.4566673432108788,-0.2324822560028799,-50.90844779227508
saw,5,9,0.22418508720799893,0.4566673432108788,-0.2324822560028799,-50.90844779227508
parttime,5,9,0.22418508720799893,0.4566673432108788,-0.2324822560028799,-50.90844779227508
track,5,9,0.22418508720799893,0.4566673432108788,-0.2324822560028799,-50.90844779227508
price,5,9,0.22418508720799893,0.4566673432108788,-0.2324822560028799,-50.90844779227508
takes,5,9,0.22418508720799893,0.4566673432108788,-0.2324822560028799,-50.90844779227508
valuable,5,9,0.22418508720799893,0.4566673432108788,-0.2324822560028799,-50.90844779227508
machine,5,9,0.22418508720799893,0.4566673432108788,-0.2324822560028799,-50.90844779227508
thing,6,10,0.26902210464959875,0.5074081591231987,-0.23838605447359995,-46.981123615657076
technical,8,12,0.3586961395327983,0.6088897909478385,-0.2501936514150402,-41.090137350730096
major,8,12,0.3586961395327983,0.6088897909478385,-0.2501936514150402,-41.090137350730096
publicly,0,5,0.0,0.25370407956159935,-0.25370407956159935,-100.0
scrapers,0,5,0.0,0.25370407956159935,-0.25370407956159935,-100.0
credibility,0,5,0.0,0.25370407956159935,-0.25370407956159935,-100.0
held,0,5,0.0,0.25370407956159935,-0.25370407956159935,-100.0
swell,0,5,0.0,0.25370407956159935,-0.25370407956159935,-100.0
equation,0,5,0.0,0.25370407956159935,-0.25370407956159935,-100.0
skus,0,5,0.0,0.25370407956159935,-0.25370407956159935,-100.0
delhi,0,5,0.0,0.25370407956159935,-0.25370407956159935,-100.0
loss,0,5,0.0,0.25370407956159935,-0.25370407956159935,-100.0
resolution,0,5,0.0,0.25370407956159935,-0.25370407956159935,-100.0
duolingo,0,5,0.0,0.25370407956159935,-0.25370407956159935,-100.0
enthusiasts,0,5,0.0,0.25370407956159935,-0.25370407956159935,-100.0
kindle,0,5,0.0,0.25370407956159935,-0.25370407956159935,-100.0
streamplate,0,5,0.0,0.25370407956159935,-0.25370407956159935,-100.0
realised,0,5,0.0,0.25370407956159935,-0.25370407956159935,-100.0
states,0,5,0.0,0.25370407956159935,-0.25370407956159935,-100.0
australian,0,5,0.0,0.25370407956159935,-0.25370407956159935,-100.0
rules,0,5,0.0,0.25370407956159935,-0.25370407956159935,-100.0
focuses,0,5,0.0,0.25370407956159935,-0.25370407956159935,-100.0
permission,0,5,0.0,0.25370407956159935,-0.25370407956159935,-100.0
fiction,0,5,0.0,0.25370407956159935,-0.25370407956159935,-100.0
gigs,0,5,0.0,0.25370407956159935,-0.25370407956159935,-100.0
wholesale,0,5,0.0,0.25370407956159935,-0.25370407956159935,-100.0
laitum,0,5,0.0,0.25370407956159935,-0.25370407956159935,-100.0
outsource,0,5,0.0,0.25370407956159935,-0.25370407956159935,-100.0
analyst,0,5,0.0,0.25370407956159935,-0.25370407956159935,-100.0
listeners,0,5,0.0,0.25370407956159935,-0.25370407956159935,-100.0
computing,0,5,0.0,0.25370407956159935,-0.25370407956159935,-100.0
lowcost,0,5,0.0,0.25370407956159935,-0.25370407956159935,-100.0
founder,9,13,0.40353315697439807,0.6596306068601583,-0.2560974498857602,-38.82437340268125
state,1,6,0.044837017441599784,0.30444489547391923,-0.25960787803231944,-85.27253433768253
matching,1,6,0.044837017441599784,0.30444489547391923,-0.25960787803231944,-85.27253433768253
visual,1,6,0.044837017441599784,0.30444489547391923,-0.25960787803231944,-85.27253433768253
situation,1,6,0.044837017441599784,0.30444489547391923,-0.25960787803231944,-85.27253433768253
ring,1,6,0.044837017441599784,0.30444489547391923,-0.25960787803231944,-85.27253433768253
alex,1,6,0.044837017441599784,0.30444489547391923,-0.25960787803231944,-85.27253433768253
posts,1,6,0.044837017441599784,0.30444489547391923,-0.25960787803231944,-85.27253433768253
united,1,6,0.044837017441599784,0.30444489547391923,-0.25960787803231944,-85.27253433768253
perfect,1,6,0.044837017441599784,0.30444489547391923,-0.25960787803231944,-85.27253433768253
possibility,1,6,0.044837017441599784,0.30444489547391923,-0.25960787803231944,-85.27253433768253
invest,1,6,0.044837017441599784,0.30444489547391923,-0.25960787803231944,-85.27253433768253
full,27,29,1.2105994709231942,1.4714836614572764,-0.2608841905340822,-17.72932974843342
want,53,52,2.3763619244047884,2.638522427440633,-0.2621605030358447,-9.935883065058515
bot,2,7,0.08967403488319957,0.35518571138623906,-0.2655116765030395,-74.75291600745575
numbers,2,7,0.08967403488319957,0.35518571138623906,-0.2655116765030395,-74.75291600745575
reached,2,7,0.08967403488319957,0.35518571138623906,-0.2655116765030395,-74.75291600745575
receive,2,7,0.08967403488319957,0.35518571138623906,-0.2655116765030395,-74.75291600745575
coaching,2,7,0.08967403488319957,0.35518571138623906,-0.2655116765030395,-74.75291600745575
closer,2,7,0.08967403488319957,0.35518571138623906,-0.2655116765030395,-74.75291600745575
instagram,2,7,0.08967403488319957,0.35518571138623906,-0.2655116765030395,-74.75291600745575
achieve,2,7,0.08967403488319957,0.35518571138623906,-0.2655116765030395,-74.75291600745575
independent,2,7,0.08967403488319957,0.35518571138623906,-0.2655116765030395,-74.75291600745575
analyze,2,7,0.08967403488319957,0.35518571138623906,-0.2655116765030395,-74.75291600745575
desktop,3,8,0.13451105232479937,0.40592652729855894,-0.27141547497375956,-66.86320225978567
spending,3,8,0.13451105232479937,0.40592652729855894,-0.27141547497375956,-66.86320225978567
original,3,8,0.13451105232479937,0.40592652729855894,-0.27141547497375956,-66.86320225978567
bad,3,8,0.13451105232479937,0.40592652729855894,-0.27141547497375956,-66.86320225978567
split,3,8,0.13451105232479937,0.40592652729855894,-0.27141547497375956,-66.86320225978567
short,3,8,0.13451105232479937,0.40592652729855894,-0.27141547497375956,-66.86320225978567
adding,3,8,0.13451105232479937,0.40592652729855894,-0.27141547497375956,-66.86320225978567
usa,4,9,0.17934806976639914,0.4566673432108788,-0.2773192734444797,-60.726758233820064
competing,4,9,0.17934806976639914,0.4566673432108788,-0.2773192734444797,-60.726758233820064
show,5,10,0.22418508720799893,0.5074081591231987,-0.2832230719151998,-55.81760301304758
basic,5,10,0.22418508720799893,0.5074081591231987,-0.2832230719151998,-55.81760301304758
came,5,10,0.22418508720799893,0.5074081591231987,-0.2832230719151998,-55.81760301304758
talking,5,10,0.22418508720799893,0.5074081591231987,-0.2832230719151998,-55.81760301304758
found,14,18,0.627718244182397,0.9133346864217576,-0.28561644223936067,-31.271826909185112
big,14,18,0.627718244182397,0.9133346864217576,-0.28561644223936067,-31.271826909185112
information,23,26,1.031251401156795,1.3192612137203166,-0.28800981256352154,-21.831143792314933
slack,6,11,0.26902210464959875,0.5581489750355185,-0.2891268703859198,-51.80102146877916
questions,6,11,0.26902210464959875,0.5581489750355185,-0.2891268703859198,-51.80102146877916
growing,15,19,0.6725552616239968,0.9640755023340776,-0.29152024071008076,-30.23832054691722
love,7,12,0.3138591220911985,0.6088897909478385,-0.29503066885664,-48.45387018188884
means,7,12,0.3138591220911985,0.6088897909478385,-0.29503066885664,-48.45387018188884
run,16,20,0.7173922790655965,1.0148163182463974,-0.29742403918080085,-29.308164820876115
industry,16,20,0.7173922790655965,1.0148163182463974,-0.29742403918080085,-29.308164820876115
place,8,13,0.3586961395327983,0.6596306068601583,-0.30093446732736,-45.62166524682778
bangalore,0,6,0.0,0.30444489547391923,-0.30444489547391923,-100.0
asana,0,6,0.0,0.30444489547391923,-0.30444489547391923,-100.0
georgia,0,6,0.0,0.30444489547391923,-0.30444489547391923,-100.0
reddit,0,6,0.0,0.30444489547391923,-0.30444489547391923,-100.0
extra,0,6,0.0,0.30444489547391923,-0.30444489547391923,-100.0
sources,0,6,0.0,0.30444489547391923,-0.30444489547391923,-100.0
relationship,0,6,0.0,0.30444489547391923,-0.30444489547391923,-100.0
trello,0,6,0.0,0.30444489547391923,-0.30444489547391923,-100.0
nishchal,0,6,0.0,0.30444489547391923,-0.30444489547391923,-100.0
object,0,6,0.0,0.30444489547391923,-0.30444489547391923,-100.0
literally,0,6,0.0,0.30444489547391923,-0.30444489547391923,-100.0
alert,0,6,0.0,0.30444489547391923,-0.30444489547391923,-100.0
procurement,0,6,0.0,0.30444489547391923,-0.30444489547391923,-100.0
amazon,9,14,0.40353315697439807,0.7103714227724781,-0.30683826579808005,-43.19406101677544
despite,1,7,0.044837017441599784,0.35518571138623906,-0.31034869394463926,-87.37645800372788
form,1,7,0.044837017441599784,0.35518571138623906,-0.31034869394463926,-87.37645800372788
experiences,1,7,0.044837017441599784,0.35518571138623906,-0.31034869394463926,-87.37645800372788
option,1,7,0.044837017441599784,0.35518571138623906,-0.31034869394463926,-87.37645800372788
step,1,7,0.044837017441599784,0.35518571138623906,-0.31034869394463926,-87.37645800372788
table,1,7,0.044837017441599784,0.35518571138623906,-0.31034869394463926,-87.37645800372788
army,1,7,0.044837017441599784,0.35518571138623906,-0.31034869394463926,-87.37645800372788
chance,1,7,0.044837017441599784,0.35518571138623906,-0.31034869394463926,-87.37645800372788
summer,10,15,0.44837017441599786,0.761112238684798,-0.3127420642688002,-41.090137350730096
forward,2,8,0.08967403488319957,0.40592652729855894,-0.31625249241535935,-77.90880150652379
offered,2,8,0.08967403488319957,0.40592652729855894,-0.31625249241535935,-77.90880150652379
ondemand,2,8,0.08967403488319957,0.40592652729855894,-0.31625249241535935,-77.90880150652379
freelancer,2,8,0.08967403488319957,0.40592652729855894,-0.31625249241535935,-77.90880150652379
becomes,2,8,0.08967403488319957,0.40592652729855894,-0.31625249241535935,-77.90880150652379
following,2,8,0.08967403488319957,0.40592652729855894,-0.31625249241535935,-77.90880150652379
answer,2,8,0.08967403488319957,0.40592652729855894,-0.31625249241535935,-77.90880150652379
tool,11,16,0.4932071918575976,0.8118530545971179,-0.3186458627395203,-39.249204142940414
orders,3,9,0.13451105232479937,0.4566673432108788,-0.32215629088607944,-70.54506867536504
size,3,9,0.13451105232479937,0.4566673432108788,-0.32215629088607944,-70.54506867536504
moment,3,9,0.13451105232479937,0.4566673432108788,-0.32215629088607944,-70.54506867536504
isnt,3,9,0.13451105232479937,0.4566673432108788,-0.32215629088607944,-70.54506867536504
london,3,9,0.13451105232479937,0.4566673432108788,-0.32215629088607944,-70.54506867536504
basis,4,10,0.17934806976639914,0.5074081591231987,-0.32806008935679953,-64.65408241043805
human,5,11,0.22418508720799893,0.5581489750355185,-0.3339638878275196,-59.83418455731597
hardware,5,11,0.22418508720799893,0.5581489750355185,-0.3339638878275196,-59.83418455731597
share,14,19,0.627718244182397,0.9640755023340776,-0.3363572581516806,-34.88909917712274
tracking,6,12,0.26902210464959875,0.6088897909478385,-0.3398676862982397,-55.81760301304757
get,92,88,4.12500560462718,4.465191800284148,-0.34018619565696806,-7.6186244818267355
often,15,20,0.6725552616239968,1.0148163182463974,-0.3422610566224006,-33.72640451957135
look,7,13,0.3138591220911985,0.6596306068601583,-0.3457714847689598,-52.4189570909743
havent,7,13,0.3138591220911985,0.6596306068601583,-0.3457714847689598,-52.4189570909743
although,7,13,0.3138591220911985,0.6596306068601583,-0.3457714847689598,-52.4189570909743
things,16,21,0.7173922790655965,1.0655571341587173,-0.3481648550931208,-32.67444268654869
though,8,14,0.3586961395327983,0.7103714227724781,-0.35167528323967984,-49.505832014911505
decided,8,14,0.3586961395327983,0.7103714227724781,-0.35167528323967984,-49.505832014911505
general,8,14,0.3586961395327983,0.7103714227724781,-0.35167528323967984,-49.505832014911505
twitter,8,14,0.3586961395327983,0.7103714227724781,-0.35167528323967984,-49.505832014911505
users,120,113,5.3804420929919745,5.733712198092145,-0.35327010510017054,-6.1612807356762485
tweets,0,7,0.0,0.35518571138623906,-0.35518571138623906,-100.0
upwork,0,7,0.0,0.35518571138623906,-0.35518571138623906,-100.0
monitoring,0,7,0.0,0.35518571138623906,-0.35518571138623906,-100.0
alerts,0,7,0.0,0.35518571138623906,-0.35518571138623906,-100.0
headset,0,7,0.0,0.35518571138623906,-0.35518571138623906,-100.0
breaking,0,7,0.0,0.35518571138623906,-0.35518571138623906,-100.0
chatbot,0,7,0.0,0.35518571138623906,-0.35518571138623906,-100.0
almost,9,15,0.40353315697439807,0.761112238684798,-0.3575790817104,-46.98112361565708
top,18,23,0.8070663139487961,1.167038765983357,-0.35997245203456085,-30.844943846509242
license,1,8,0.044837017441599784,0.40592652729855894,-0.36108950985695915,-88.9544007532619
ryan,1,8,0.044837017441599784,0.40592652729855894,-0.36108950985695915,-88.9544007532619
person,10,16,0.44837017441599786,0.8118530545971179,-0.36348288018112,-44.77200376630946
world,19,24,0.8519033313903959,1.217779581895677,-0.36587625050528105,-30.044538103991997
engage,2,9,0.08967403488319957,0.4566673432108788,-0.36699330832767924,-80.36337911691002
session,2,9,0.08967403488319957,0.4566673432108788,-0.36699330832767924,-80.36337911691002
science,11,17,0.4932071918575976,0.8625938705094378,-0.3693866786518402,-42.822780369826276
services,20,25,0.8967403488319957,1.2685203978079969,-0.37178004897600114,-29.30816482087612
main,3,10,0.13451105232479937,0.5074081591231987,-0.3728971067983993,-73.49056180782854
cameras,3,10,0.13451105232479937,0.5074081591231987,-0.3728971067983993,-73.49056180782854
write,12,18,0.5380442092991975,0.9133346864217576,-0.37529047712256014,-41.09013735073009
search,12,18,0.5380442092991975,0.9133346864217576,-0.37529047712256014,-41.09013735073009
decisions,4,11,0.17934806976639914,0.5581489750355185,-0.37880090526911936,-67.86734764585277
fee,5,12,0.22418508720799893,0.6088897909478385,-0.38470470373983956,-63.18133584420631
needed,5,12,0.22418508720799893,0.6088897909478385,-0.38470470373983956,-63.18133584420631
added,5,12,0.22418508720799893,0.6088897909478385,-0.38470470373983956,-63.18133584420631
gives,5,12,0.22418508720799893,0.6088897909478385,-0.38470470373983956,-63.18133584420631
however,14,20,0.627718244182397,1.0148163182463974,-0.38709807406400043,-38.144644218266606
ive,23,28,1.031251401156795,1.4207428455449562,-0.3894914443881612,-27.414633521435288
believe,16,22,0.7173922790655965,1.116297950071037,-0.3989056710054405,-35.734695291705556
connected,0,8,0.0,0.40592652729855894,-0.40592652729855894,-100.0
oura,0,8,0.0,0.40592652729855894,-0.40592652729855894,-100.0
parsnip,0,8,0.0,0.40592652729855894,-0.40592652729855894,-100.0
owner,0,8,0.0,0.40592652729855894,-0.40592652729855894,-100.0
story,0,8,0.0,0.40592652729855894,-0.40592652729855894,-100.0
simula,0,8,0.0,0.40592652729855894,-0.40592652729855894,-100.0
nature,0,8,0.0,0.40592652729855894,-0.40592652729855894,-100.0
yogatrail,0,8,0.0,0.40592652729855894,-0.40592652729855894,-100.0
pic,0,8,0.0,0.40592652729855894,-0.40592652729855894,-100.0
corner,1,9,0.044837017441599784,0.4566673432108788,-0.411830325769279,-90.18168955845502
longterm,1,9,0.044837017441599784,0.4566673432108788,-0.411830325769279,-90.18168955845502
device,1,9,0.044837017441599784,0.4566673432108788,-0.411830325769279,-90.18168955845502
coach,1,9,0.044837017441599784,0.4566673432108788,-0.411830325769279,-90.18168955845502
leads,1,9,0.044837017441599784,0.4566673432108788,-0.411830325769279,-90.18168955845502
candidate,1,9,0.044837017441599784,0.4566673432108788,-0.411830325769279,-90.18168955845502
might,10,17,0.44837017441599786,0.8625938705094378,-0.41422369609343995,-48.02070942711479
long,10,17,0.44837017441599786,0.8625938705094378,-0.41422369609343995,-48.02070942711479
conversations,2,10,0.08967403488319957,0.5074081591231987,-0.4177341242399991,-82.32704120521903
house,2,10,0.08967403488319957,0.5074081591231987,-0.4177341242399991,-82.32704120521903
actually,3,11,0.13451105232479937,0.5581489750355185,-0.42363792271071915,-75.90051073438958
competition,3,11,0.13451105232479937,0.5581489750355185,-0.42363792271071915,-75.90051073438958
home,3,11,0.13451105232479937,0.5581489750355185,-0.42363792271071915,-75.90051073438958
searching,4,12,0.17934806976639914,0.6088897909478385,-0.4295417211814393,-70.54506867536504
little,4,12,0.17934806976639914,0.6088897909478385,-0.4295417211814393,-70.54506867536504
think,30,35,1.3451105232479936,1.7759285569311953,-0.4308180336832017,-24.258748022367257
know,22,28,0.9864143837151952,1.4207428455449562,-0.43432846182976104,-30.57051902050333
applied,5,13,0.22418508720799893,0.6596306068601583,-0.4354455196521594,-66.01354077926736
ability,6,14,0.26902210464959875,0.7103714227724781,-0.44134931812287936,-62.12937401118362
fit,6,14,0.26902210464959875,0.7103714227724781,-0.44134931812287936,-62.12937401118362
specific,7,15,0.3138591220911985,0.761112238684798,-0.44725311659359956,-58.76309614551107
reach,7,15,0.3138591220911985,0.761112238684798,-0.44725311659359956,-58.76309614551107
side,7,15,0.3138591220911985,0.761112238684798,-0.44725311659359956,-58.76309614551107
caregivers,0,9,0.0,0.4566673432108788,-0.4566673432108788,-100.0
luis,0,9,0.0,0.4566673432108788,-0.4566673432108788,-100.0
sort,0,9,0.0,0.4566673432108788,-0.4566673432108788,-100.0
camera,0,9,0.0,0.4566673432108788,-0.4566673432108788,-100.0
photography,0,9,0.0,0.4566673432108788,-0.4566673432108788,-100.0
spreadsheets,0,9,0.0,0.4566673432108788,-0.4566673432108788,-100.0
objects,0,9,0.0,0.4566673432108788,-0.4566673432108788,-100.0
creative,0,9,0.0,0.4566673432108788,-0.4566673432108788,-100.0
care,9,17,0.40353315697439807,0.8625938705094378,-0.45906071353503974,-53.218638484403314
ordering,1,10,0.044837017441599784,0.5074081591231987,-0.4625711416815989,-91.16352060260951
event,1,10,0.044837017441599784,0.5074081591231987,-0.4625711416815989,-91.16352060260951
venues,1,10,0.044837017441599784,0.5074081591231987,-0.4625711416815989,-91.16352060260951
firms,2,11,0.08967403488319957,0.5581489750355185,-0.46847494015231894,-83.9336738229264
taught,2,11,0.08967403488319957,0.5581489750355185,-0.46847494015231894,-83.9336738229264
focusing,2,11,0.08967403488319957,0.5581489750355185,-0.46847494015231894,-83.9336738229264
10x,2,11,0.08967403488319957,0.5581489750355185,-0.46847494015231894,-83.9336738229264
intelligence,3,12,0.13451105232479937,0.6088897909478385,-0.4743787386230391,-77.90880150652379
platforms,12,20,0.5380442092991975,1.0148163182463974,-0.4767721089471999,-46.981123615657076
never,12,20,0.5380442092991975,1.0148163182463974,-0.4767721089471999,-46.981123615657076
apple,4,13,0.17934806976639914,0.6596306068601583,-0.4802825370937591,-72.81083262341389
application,22,29,0.9864143837151952,1.4714836614572764,-0.4850692777420812,-32.96463905427909
managers,5,14,0.22418508720799893,0.7103714227724781,-0.4861863355644792,-68.4411450093197
take,23,30,1.031251401156795,1.522224477369596,-0.49097307621280106,-32.25365795333961
screens,0,10,0.0,0.5074081591231987,-0.5074081591231987,-100.0
readers,0,10,0.0,0.5074081591231987,-0.5074081591231987,-100.0
tax,0,10,0.0,0.5074081591231987,-0.5074081591231987,-100.0
eric,0,10,0.0,0.5074081591231987,-0.5074081591231987,-100.0
stock,0,10,0.0,0.5074081591231987,-0.5074081591231987,-100.0
monthly,18,26,0.8070663139487961,1.3192612137203166,-0.5121948997715204,-38.82437340268125
connect,1,11,0.044837017441599784,0.5581489750355185,-0.5133119575939188,-91.9668369114632
markets,2,12,0.08967403488319957,0.6088897909478385,-0.5192157560646389,-85.27253433768253
programmers,2,12,0.08967403488319957,0.6088897909478385,-0.5192157560646389,-85.27253433768253
cash,2,12,0.08967403488319957,0.6088897909478385,-0.5192157560646389,-85.27253433768253
create,28,35,1.255436488364794,1.7759285569311953,-0.5204920685664014,-29.308164820876115
read,3,13,0.13451105232479937,0.6596306068601583,-0.5251195545353589,-79.6081244675604
improve,3,13,0.13451105232479937,0.6596306068601583,-0.5251195545353589,-79.6081244675604
enough,12,21,0.5380442092991975,1.0655571341587173,-0.5275129248595198,-49.505832014911505
security,4,14,0.17934806976639914,0.7103714227724781,-0.531023353006079,-74.75291600745575
end,15,24,0.6725552616239968,1.217779581895677,-0.5452243202716801,-44.77200376630947
come,8,18,0.3586961395327983,0.9133346864217576,-0.5546385468889594,-60.726758233820064
learned,8,18,0.3586961395327983,0.9133346864217576,-0.5546385468889594,-60.726758233820064
linux,0,11,0.0,0.5581489750355185,-0.5581489750355185,-100.0
reader,0,11,0.0,0.5581489750355185,-0.5581489750355185,-100.0
trestle,0,11,0.0,0.5581489750355185,-0.5581489750355185,-100.0
stories,0,11,0.0,0.5581489750355185,-0.5581489750355185,-100.0
events,9,19,0.40353315697439807,0.9640755023340776,-0.5605423453596795,-58.142992328150335
digital,2,13,0.08967403488319957,0.6596306068601583,-0.5699565719769587,-86.40541631170694
manager,2,13,0.08967403488319957,0.6596306068601583,-0.5699565719769587,-86.40541631170694
videos,2,13,0.08967403488319957,0.6596306068601583,-0.5699565719769587,-86.40541631170694
paying,20,29,0.8967403488319957,1.4714836614572764,-0.5747433126252807,-39.05876277661734
project,20,29,0.8967403488319957,1.4714836614572764,-0.5747433126252807,-39.05876277661734
using,46,52,2.06250280231359,2.638522427440633,-0.5760196251270431,-21.831143792314933
right,29,37,1.3002735058063937,1.8774101887558352,-0.5771366829494415,-30.74110742585836
service,12,22,0.5380442092991975,1.116297950071037,-0.5782537407718396,-51.80102146877916
going,12,22,0.5380442092991975,1.116297950071037,-0.5782537407718396,-51.80102146877916
startup,31,39,1.3899475406895931,1.978891820580475,-0.5889442798908819,-29.7613176104859
everything,6,17,0.26902210464959875,0.8625938705094378,-0.5935717658598391,-68.81242565626887
writing,7,18,0.3138591220911985,0.9133346864217576,-0.5994755643305592,-65.63591345459255
model,17,27,0.7622292965071963,1.3700020296326365,-0.6077727331254402,-44.36290749791176
tanu,0,12,0.0,0.6088897909478385,-0.6088897909478385,-100.0
thats,9,20,0.40353315697439807,1.0148163182463974,-0.6112831612719993,-60.23584271174281
india,1,13,0.044837017441599784,0.6596306068601583,-0.6147935894185586,-93.20270815585347
jobs,4,16,0.17934806976639914,0.8118530545971179,-0.6325049848307187,-77.90880150652379
prototype,7,19,0.3138591220911985,0.9640755023340776,-0.6502163802428791,-67.44454958856137
buffer,0,13,0.0,0.6596306068601583,-0.6596306068601583,-100.0
editing,0,13,0.0,0.6596306068601583,-0.6596306068601583,-100.0
models,0,13,0.0,0.6596306068601583,-0.6596306068601583,-100.0
candidates,1,14,0.044837017441599784,0.7103714227724781,-0.6655344053308784,-93.68822900186395
understand,10,22,0.44837017441599786,1.116297950071037,-0.6679277756550392,-59.83418455731597
words,3,16,0.13451105232479937,0.8118530545971179,-0.6773420022723184,-83.43160112989283
within,13,25,0.5828812267407972,1.2685203978079969,-0.6856391710671996,-54.050307133569476
number,22,33,0.9864143837151952,1.674446925106556,-0.6880325413913607,-41.0901373507301
projects,15,27,0.6725552616239968,1.3700020296326365,-0.6974467680086397,-50.90844779227508
tasks,0,14,0.0,0.7103714227724781,-0.7103714227724781,-100.0
photographer,0,14,0.0,0.7103714227724781,-0.7103714227724781,-100.0
listening,1,15,0.044837017441599784,0.761112238684798,-0.7162752212431983,-94.109013735073
total,10,23,0.44837017441599786,1.167038765983357,-0.7186685915673592,-61.580524359171804
text,4,18,0.17934806976639914,0.9133346864217576,-0.7339866166553585,-80.36337911691002
around,23,35,1.031251401156795,1.7759285569311953,-0.7446771557744003,-41.93170681714823
marketplace,16,29,0.7173922790655965,1.4714836614572764,-0.7540913823916798,-51.24701022129388
idea,26,38,1.1657624534815945,1.9281510046681551,-0.7623885511865607,-39.53987780732825
way,38,49,1.7038066627807917,2.4862999797036736,-0.7824933169228818,-31.472200591665622
developers,22,35,0.9864143837151952,1.7759285569311953,-0.7895141732160001,-44.45641521640266
see,22,35,0.9864143837151952,1.7759285569311953,-0.7895141732160001,-44.45641521640266
day,19,33,0.8519033313903959,1.674446925106556,-0.82254359371616,-49.123300439266906
news,3,19,0.13451105232479937,0.9640755023340776,-0.8295644500092783,-86.04766410938345
writers,3,19,0.13451105232479937,0.9640755023340776,-0.8295644500092783,-86.04766410938345
time,84,91,3.7663094650943822,4.617414248021109,-0.8511047829267264,-18.432497870241672
stores,8,24,0.3586961395327983,1.217779581895677,-0.8590834423628786,-70.54506867536504
yoga,0,17,0.0,0.8625938705094378,-0.8625938705094378,-100.0
order,9,25,0.40353315697439807,1.2685203978079969,-0.8649872408335988,-68.18867416939426
etc,21,36,0.9415773662735956,1.8266693728435153,-0.8850920065699197,-48.45387018188883
freelancers,1,19,0.044837017441599784,0.9640755023340776,-0.9192384848924778,-95.34922136979449
photo,4,22,0.17934806976639914,1.116297950071037,-0.9369498803046379,-83.9336738229264
christian,0,19,0.0,0.9640755023340776,-0.9640755023340776,-100.0
would,47,61,2.1073398197551896,3.0951897706515124,-0.9878499508963228,-31.915650544696273
need,30,46,1.3451105232479936,2.334077531966714,-0.9889670087187203,-42.3707865387577
health,7,26,0.3138591220911985,1.3192612137203166,-1.0054020916291182,-76.20947854548716
learning,16,34,0.7173922790655965,1.7251877410188756,-1.007795461953279,-58.41656754169183
photographers,0,21,0.0,1.0655571341587173,-1.0655571341587173,-100.0
even,20,39,0.8967403488319957,1.978891820580475,-1.0821514717484795,-54.68472103902315
book,6,27,0.26902210464959875,1.3700020296326365,-1.1009799249830379,-80.36337911691004
platform,32,50,1.434784558131193,2.5370407956159937,-1.1022562374848006,-43.4465318567009
software,41,59,1.8383177151055912,2.993708138826872,-1.1553904237212809,-38.59395672999831
pet,0,23,0.0,1.167038765983357,-1.167038765983357,-100.0
photos,3,26,0.13451105232479937,1.3192612137203166,-1.1847501613955171,-89.8040622337802
programming,7,31,0.3138591220911985,1.572965293281916,-1.2591061711907177,-80.0466594252473
video,9,33,0.40353315697439807,1.674446925106556,-1.2709137681321578,-75.9005107343896
also,68,86,3.048917186028785,4.363710168459509,-1.3147929824307236,-30.1301629043543
hiring,1,27,0.044837017441599784,1.3700020296326365,-1.3251650121910368,-96.72722985281834
books,1,28,0.044837017441599784,1.4207428455449562,-1.3759058281033565,-96.84411450093198
pmalerts,0,29,0.0,1.4714836614572764,-1.4714836614572764,-100.0
could,50,74,2.241850872079989,3.7548203775116704,-1.5129695054316814,-40.294058125739966
pigeon,0,31,0.0,1.572965293281916,-1.572965293281916,-100.0
management,7,38,0.3138591220911985,1.9281510046681551,-1.6142918825769565,-83.72227479428068
language,1,35,0.044837017441599784,1.7759285569311953,-1.7310915394895956,-97.47529160074558
people,134,153,6.008160337174371,7.763344834584941,-1.7551844974105695,-22.60861181370425
media,10,46,0.44837017441599786,2.334077531966714,-1.8857073575507162,-80.79026217958591
freelance,1,42,0.044837017441599784,2.1311142683174347,-2.0862772508758347,-97.89607633395464
social,19,77,0.8519033313903959,3.90704282524863,-3.055139493858234,-78.19570018825723
task,3,65,0.13451105232479937,3.2981530343007917,-3.1636419819759922,-95.92162489351207
